site_id,n_raw,n_sentinel,n_out_of_range,n_provisional_dropped,n_constant_run_days,n_jump,qualified_years,verdict,notes,network_id,eligible_for_network,exclusion_reason
01095220,10304,0,0,134,18,0,27,accepted_with_flags,suspect_constant_run,huc8_01070004,True,
01095375,10416,0,0,118,144,0,28,accepted_with_flags,suspect_constant_run,huc8_01070004,True,
01095434,4951,0,0,132,0,0,11,accepted,,huc8_01070004,True,
01192500,205,0,0,0,0,0,0,accepted,,huc8_01080205,False,qualified_years_lt_6
01193050,4855,0,0,0,45,0,11,accepted_with_flags,suspect_constant_run,huc8_01080205,True,
01193500,7011,0,0,0,199,0,15,accepted_with_flags,suspect_constant_run,huc8_01080205,True,
01104370,6051,0,0,458,0,0,15,accepted,,huc8_01090001,True,
01104405,5521,12,0,389,20,0,11,rejected_sentinel,suspect_constant_run,huc8_01090001,False,rejected_sentinel
01104410,4827,0,0,915,0,0,8,accepted,,huc8_01090001,True,
01104415,8024,0,0,271,0,0,19,accepted_with_flags,estimated_approved,huc8_01090001,True,
01104420,5142,0,0,409,0,0,11,accepted,,huc8_01090001,True,
01104430,9960,0,0,760,0,0,24,accepted,,huc8_01090001,True,
01104453,6211,0,0,417,0,0,13,accepted,,huc8_01090001,True,
01104455,8237,0,0,1086,0,0,18,accepted_with_flags,estimated_approved,huc8_01090001,True,
01104460,8919,0,0,648,0,0,21,accepted,,huc8_01090001,True,
01104475,8232,0,0,752,0,0,20,accepted_with_flags,estimated_approved,huc8_01090001,True,
01115098,8512,0,0,260,0,0,22,accepted_with_flags,estimated_approved,huc8_01090004,True,
01115110,7948,0,0,244,197,0,19,accepted_with_flags,suspect_constant_run,huc8_01090004,True,
01115114,6054,1,0,399,97,0,15,rejected_sentinel,estimated_approved;suspect_constant_run,huc8_01090004,False,rejected_sentinel
01115120,3816,0,0,0,102,0,2,accepted_with_flags,suspect_constant_run,huc8_01090004,False,qualified_years_lt_6
01115170,8389,0,0,489,0,0,19,accepted,,huc8_01090004,True,
01115183,8531,0,0,423,370,0,21,accepted_with_flags,estimated_approved;suspect_constant_run,huc8_01090004,True,
01115184,5241,0,0,1,0,0,13,accepted_with_flags,estimated_approved,huc8_01090004,True,
01115187,8268,5,0,382,220,0,20,rejected_sentinel,estimated_approved;suspect_constant_run,huc8_01090004,False,rejected_sentinel
01115190,8450,0,0,410,61,0,19,accepted_with_flags,suspect_constant_run,huc8_01090004,True,
01115265,8393,0,0,408,317,0,20,accepted_with_flags,suspect_constant_run,huc8_01090004,True,
01115275,7533,0,0,0,0,0,18,accepted,,huc8_01090004,True,
01115276,6329,0,0,411,0,0,15,accepted,,huc8_01090004,True,
01115280,8251,87,0,363,16,0,19,rejected_sentinel,suspect_constant_run,huc8_01090004,False,rejected_sentinel
01115297,8619,47,0,353,69,0,20,rejected_sentinel,suspect_constant_run,huc8_01090004,False,rejected_sentinel
01359139,8904,0,0,137,458,0,24,accepted_with_flags,suspect_constant_run,huc8_02020006,True,
01362230,9983,0,0,263,366,0,25,accepted_with_flags,suspect_constant_run,huc8_02020006,True,
01362500,10582,0,0,276,156,0,27,accepted_with_flags,suspect_constant_run,huc8_02020006,True,
01382500,1714,0,0,0,0,0,3,accepted_with_flags,estimated_approved,huc8_02030103,False,qualified_years_lt_6
01388000,12982,0,0,235,33,0,33,accepted_with_flags,suspect_constant_run,huc8_02030103,True,
01389005,39142,0,0,1951,0,0,35,accepted,,huc8_02030103,True,
01391100,16,0,0,0,0,0,0,accepted,,huc8_02030103,False,qualified_years_lt_6
01391500,48,0,0,0,0,0,0,accepted,,huc8_02030103,False,qualified_years_lt_6
01400500,6491,0,0,166,0,0,17,accepted_with_flags,estimated_approved,huc8_02030105,True,
01401000,933,0,0,0,0,0,0,accepted,,huc8_02030105,False,qualified_years_lt_6
01402000,1229,6,0,164,0,0,0,rejected_sentinel,,huc8_02030105,False,rejected_sentinel
01460595,5282,0,0,199,0,0,14,accepted,,huc8_02030105,True,
01428750,8557,0,0,340,459,0,18,accepted_with_flags,suspect_constant_run,huc8_02040103,True,
01429000,8985,0,0,278,38,0,22,accepted_with_flags,suspect_constant_run,huc8_02040103,True,
01431500,6918,0,0,279,244,0,18,accepted_with_flags,suspect_constant_run,huc8_02040103,True,
01447500,10212,0,0,213,17,0,21,accepted_with_flags,suspect_constant_run,huc8_02040106,True,
01447720,11327,0,0,509,77,0,26,accepted_with_flags,suspect_constant_run,huc8_02040106,True,
01447800,9034,0,0,515,88,0,22,accepted_with_flags,suspect_constant_run,huc8_02040106,True,
01449360,14980,0,0,21,57,0,36,accepted_with_flags,suspect_constant_run,huc8_02040106,True,
01449800,3232,0,0,96,0,0,8,accepted,,huc8_02040106,True,
01454700,3604,0,0,79,0,0,0,accepted,,huc8_02040106,False,qualified_years_lt_6
01470779,3195,0,0,56,0,0,8,accepted,,huc8_02040203,True,
01470960,3231,0,0,54,0,0,8,accepted,,huc8_02040203,True,
01472157,4212,0,0,261,66,0,9,accepted_with_flags,suspect_constant_run,huc8_02040203,True,
01473500,4127,0,0,102,0,0,0,accepted,,huc8_02040203,False,qualified_years_lt_6
01478137,2735,0,0,127,0,0,6,accepted,,huc8_02040205,True,
01480065,6319,0,0,0,0,0,17,accepted,,huc8_02040205,True,
01480400,10778,0,0,331,0,0,28,accepted_with_flags,estimated_approved,huc8_02040205,True,
01480500,11409,0,0,444,0,0,30,accepted,,huc8_02040205,True,
01480617,14574,0,0,247,0,0,14,accepted,,huc8_02040205,True,
01480870,15157,0,0,384,0,0,16,accepted,,huc8_02040205,True,
01481000,16275,0,0,169,84,0,19,accepted_with_flags,suspect_constant_run,huc8_02040205,True,
01481500,6781,0,0,110,0,0,18,accepted,,huc8_02040205,True,
01516350,3888,0,0,400,101,0,8,accepted_with_flags,suspect_constant_run,huc8_02050104,True,
01518700,6939,0,0,362,110,0,17,accepted_with_flags,suspect_constant_run,huc8_02050104,True,
01520000,6879,0,0,139,219,1,12,accepted_with_flags,suspect_constant_run;suspect_jump,huc8_02050104,True,
01570500,3617,0,0,0,145,0,6,accepted_with_flags,suspect_constant_run,huc8_02050305,True,
0157155010,3717,0,0,0,0,0,10,accepted,,huc8_02050305,True,
0157155014,3938,0,0,0,0,0,10,accepted_with_flags,estimated_approved,huc8_02050305,True,
01571820,3829,0,0,0,0,0,10,accepted,,huc8_02050305,True,
01581752,4643,0,0,109,15,0,12,accepted_with_flags,suspect_constant_run,huc8_02060003,True,
01581920,5577,0,0,79,0,0,14,accepted,,huc8_02060003,True,
01585075,3906,0,0,18,0,0,10,accepted,,huc8_02060003,True,
01589290,3796,0,0,95,0,0,10,accepted,,huc8_02060003,True,
01595800,4942,0,0,81,0,0,13,accepted,,huc8_02070002,True,
01596500,4925,0,0,48,170,0,13,accepted_with_flags,suspect_constant_run,huc8_02070002,True,
01597500,5063,0,0,48,0,0,13,accepted,,huc8_02070002,True,
01646000,3772,0,0,0,0,0,9,accepted,,huc8_02070008,True,
01646305,6000,0,0,0,0,0,16,accepted,,huc8_02070008,True,
01646500,15975,0,0,0,0,0,12,accepted,,huc8_02070008,True,
01649190,6614,0,0,77,15,0,18,accepted_with_flags,suspect_constant_run,huc8_02070010,True,
01649500,7772,0,0,137,0,0,20,accepted,,huc8_02070010,True,
01654500,4410,0,0,0,0,0,12,accepted,,huc8_02070010,True,
01656903,6292,0,0,0,0,0,17,accepted,,huc8_02070010,True,
02011400,14367,0,0,0,111,0,37,accepted_with_flags,suspect_constant_run,huc8_02080201,True,
02011460,3969,0,0,0,17,0,10,accepted_with_flags,suspect_constant_run,huc8_02080201,True,
02011470,3732,0,0,2,0,0,8,accepted,,huc8_02080201,True,
02011490,3732,0,0,0,0,0,8,accepted,,huc8_02080201,True,
02011500,13791,0,0,0,24,0,34,accepted_with_flags,suspect_constant_run,huc8_02080201,True,
02011800,8550,0,0,0,0,0,22,accepted,,huc8_02080201,True,
02012800,8477,0,0,0,17,2,21,accepted_with_flags,suspect_constant_run;suspect_jump,huc8_02080201,True,
02217274,9108,0,0,62,0,0,24,accepted,,huc8_03070101,True,
02217643,4943,0,0,133,0,0,13,accepted,,huc8_03070101,True,
02218565,9026,0,0,208,0,0,24,accepted,,huc8_03070101,True,
02397000,14038,0,0,114,0,0,36,accepted,,huc8_03150105,True,
02397530,17013,0,0,112,0,0,46,accepted,,huc8_03150105,True,
02400100,3179,12,0,551,0,0,7,rejected_sentinel,,huc8_03150105,False,rejected_sentinel
04043097,4295,0,0,281,611,0,11,accepted_with_flags,suspect_constant_run,huc8_04020105,True,
04043238,7788,0,0,255,114,0,21,accepted_with_flags,suspect_constant_run,huc8_04020105,True,
04043244,7469,0,0,259,0,0,20,accepted,,huc8_04020105,True,
040869416,977,0,0,0,48,0,1,accepted_with_flags,suspect_constant_run,huc8_04040003,False,qualified_years_lt_6
04087000,2743,0,0,794,101,7,0,accepted_with_flags,suspect_constant_run;suspect_jump,huc8_04040003,False,qualified_years_lt_6
04087070,485,0,0,0,0,0,0,accepted,,huc8_04040003,False,qualified_years_lt_6
040871473,6080,0,0,417,580,0,13,accepted_with_flags,suspect_constant_run,huc8_04040003,True,
040871475,6813,0,0,596,40,0,16,accepted_with_flags,suspect_constant_run,huc8_04040003,True,
040871476,4547,475,0,0,0,0,9,rejected_sentinel,,huc8_04040003,False,rejected_sentinel
040871488,7132,0,0,0,185,0,18,accepted_with_flags,suspect_constant_run,huc8_04040003,True,
04087159,291,0,0,0,0,0,0,accepted,,huc8_04040003,False,qualified_years_lt_6
04121650,9799,0,0,104,632,0,26,accepted_with_flags,suspect_constant_run,huc8_04060102,True,
04121660,11161,0,0,104,1219,0,30,accepted_with_flags,suspect_constant_run,huc8_04060102,True,
04121680,10968,0,0,104,512,0,29,accepted_with_flags,suspect_constant_run,huc8_04060102,True,
04121944,11012,0,0,103,592,0,30,accepted_with_flags,suspect_constant_run,huc8_04060102,True,
04121970,11442,0,0,102,404,0,31,accepted_with_flags,suspect_constant_run,huc8_04060102,True,
04124000,10537,0,0,265,350,0,28,accepted_with_flags,suspect_constant_run,huc8_04060103,True,
04124200,10664,0,0,204,613,0,28,accepted_with_flags,suspect_constant_run,huc8_04060103,True,
04125460,10722,0,0,265,0,0,29,accepted,,huc8_04060103,True,
04125550,10764,0,0,266,228,0,29,accepted_with_flags,suspect_constant_run,huc8_04060103,True,
04136000,10858,0,0,53,528,0,29,accepted_with_flags,suspect_constant_run,huc8_04070007,True,
04136500,10915,0,0,231,361,0,29,accepted_with_flags,suspect_constant_run,huc8_04070007,True,
04136900,10557,0,0,55,561,0,27,accepted_with_flags,suspect_constant_run,huc8_04070007,True,
04137005,10763,0,0,85,404,0,29,accepted_with_flags,suspect_constant_run,huc8_04070007,True,
04137020,10816,0,0,115,594,0,28,accepted_with_flags,suspect_constant_run,huc8_04070007,True,
04137025,10838,0,0,33,731,0,29,accepted_with_flags,suspect_constant_run,huc8_04070007,True,
04137030,10580,0,0,250,590,0,28,accepted_with_flags,suspect_constant_run,huc8_04070007,True,
04137500,10930,0,0,284,598,0,29,accepted_with_flags,suspect_constant_run,huc8_04070007,True,
04166100,2516,0,0,29,124,0,3,accepted_with_flags,estimated_approved;suspect_constant_run,huc8_04090004,False,qualified_years_lt_6
04166470,2059,0,0,0,0,0,0,accepted,,huc8_04090004,False,qualified_years_lt_6
04166500,7491,0,0,77,54,0,14,accepted_with_flags,suspect_constant_run,huc8_04090004,True,
04167150,2623,0,0,0,0,0,0,accepted,,huc8_04090004,False,qualified_years_lt_6
04167625,1558,0,0,280,0,0,0,accepted,,huc8_04090004,False,qualified_years_lt_6
04168400,4512,0,0,114,0,0,4,accepted,,huc8_04090004,False,qualified_years_lt_6
04232034,5405,0,0,0,32,0,13,accepted_with_flags,suspect_constant_run,huc8_04140101,True,
04232050,10650,0,0,112,0,0,24,accepted,,huc8_04140101,True,
0423205010,10629,0,0,111,37,0,26,accepted_with_flags,suspect_constant_run,huc8_04140101,True,
03007800,5696,0,0,63,94,0,15,accepted_with_flags,suspect_constant_run,huc8_05010001,True,
03011020,4748,30,0,0,52,0,13,rejected_sentinel,suspect_constant_run,huc8_05010001,False,rejected_sentinel
03012550,6852,0,0,79,0,0,18,accepted,,huc8_05010001,True,
03026480,4948,0,0,505,0,0,12,accepted,,huc8_05010005,True,
03027500,6643,0,0,613,21,0,16,accepted_with_flags,suspect_constant_run,huc8_05010005,True,
03028000,5429,0,0,265,174,0,14,accepted_with_flags,suspect_constant_run,huc8_05010005,True,
03028500,4591,0,0,614,0,0,11,accepted,,huc8_05010005,True,
03034000,5516,0,0,32,15,0,14,accepted_with_flags,suspect_constant_run,huc8_05010006,True,
03034500,4620,0,0,62,121,0,10,accepted_with_flags,suspect_constant_run,huc8_05010006,True,
03036000,6309,0,0,148,20,0,16,accepted_with_flags,suspect_constant_run,huc8_05010006,True,
03038000,4691,0,0,225,29,0,12,accepted_with_flags,suspect_constant_run,huc8_05010006,True,
03039000,6302,0,0,59,0,0,16,accepted_with_flags,estimated_approved,huc8_05010006,True,
03039040,1360,0,0,81,0,0,0,accepted,,huc8_05010006,False,qualified_years_lt_6
03041500,4384,0,0,403,27,0,10,accepted_with_flags,suspect_constant_run,huc8_05010007,True,
03042000,4543,0,0,699,37,0,10,accepted_with_flags,suspect_constant_run,huc8_05010007,True,
03043810,7819,0,0,155,0,0,21,accepted,,huc8_05010007,True,
03044000,5322,0,0,61,0,0,14,accepted,,huc8_05010007,True,
03054500,3259,0,0,0,0,0,9,accepted,,huc8_05020001,True,
03056000,3617,0,0,0,0,0,9,accepted,,huc8_05020001,True,
03057000,4147,0,0,0,0,0,10,accepted,,huc8_05020001,True,
03065050,213,0,0,0,0,1,0,accepted_with_flags,suspect_jump,huc8_05020004,False,qualified_years_lt_6
03065200,210,0,0,0,0,0,0,accepted,,huc8_05020004,False,qualified_years_lt_6
03070420,3501,0,0,0,0,0,9,accepted,,huc8_05020004,True,
03072000,4338,0,0,62,0,0,9,accepted,,huc8_05020005,True,
03072655,4688,0,0,57,0,0,12,accepted,,huc8_05020005,True,
03073000,5651,0,0,61,98,0,15,accepted_with_flags,suspect_constant_run,huc8_05020005,True,
03075070,5846,0,0,0,0,0,15,accepted,,huc8_05020005,True,
03085000,975,20,0,67,0,0,1,rejected_sentinel,,huc8_05020005,False,rejected_sentinel
03076500,5020,0,0,32,65,0,13,accepted_with_flags,suspect_constant_run,huc8_05020006,True,
03077100,2924,0,0,85,0,0,0,accepted,,huc8_05020006,False,qualified_years_lt_6
03077500,6641,0,0,59,0,0,17,accepted,,huc8_05020006,True,
03079000,6408,0,0,55,154,0,14,accepted_with_flags,suspect_constant_run,huc8_05020006,True,
03081000,7887,0,0,57,0,0,21,accepted,,huc8_05020006,True,
03083500,6664,0,0,144,76,0,16,accepted_with_flags,suspect_constant_run,huc8_05020006,True,
03094704,4831,0,0,158,80,0,12,accepted_with_flags,suspect_constant_run,huc8_05030102,True,
03102850,4388,0,0,278,15,0,11,accepted_with_flags,suspect_constant_run,huc8_05030102,True,
03102950,5681,0,0,277,255,0,15,accepted_with_flags,suspect_constant_run,huc8_05030102,True,
03103500,6783,0,0,277,0,0,18,accepted,,huc8_05030102,True,
03104490,3314,0,0,277,0,0,8,accepted,,huc8_05030102,True,
03119341,3941,0,0,167,0,0,10,accepted,,huc8_05040001,True,
03119971,3972,0,0,280,52,0,9,accepted_with_flags,suspect_constant_run,huc8_05040001,True,
03119979,3973,0,0,234,16,0,9,accepted_with_flags,suspect_constant_run,huc8_05040001,True,
03120820,4043,0,0,272,0,0,10,accepted,,huc8_05040001,True,
03120869,4071,0,0,278,0,0,10,accepted,,huc8_05040001,True,
03120961,3843,0,0,278,0,0,9,accepted,,huc8_05040001,True,
03125338,4064,0,0,281,31,0,10,accepted_with_flags,suspect_constant_run,huc8_05040001,True,
03126395,4007,0,0,279,47,0,9,accepted_with_flags,suspect_constant_run,huc8_05040001,True,
03127980,4052,0,0,280,30,0,10,accepted_with_flags,suspect_constant_run,huc8_05040001,True,
03127986,3977,0,0,207,16,0,10,accepted_with_flags,suspect_constant_run,huc8_05040001,True,
03127989,3951,0,0,236,15,0,9,accepted_with_flags,suspect_constant_run,huc8_05040001,True,
03140853,3859,0,0,243,0,0,9,accepted,,huc8_05040005,True,
03140900,3964,0,0,279,16,0,10,accepted_with_flags,estimated_approved;suspect_constant_run,huc8_05040005,True,
03140950,3959,0,0,281,0,0,10,accepted,,huc8_05040005,True,
03219500,7473,0,0,156,18,0,3,accepted_with_flags,suspect_constant_run,huc8_05060001,False,qualified_years_lt_6
03220510,9070,5,0,61,0,0,19,rejected_sentinel,,huc8_05060001,False,rejected_sentinel
03228039,5303,1,0,230,0,0,13,rejected_sentinel,,huc8_05060001,False,rejected_sentinel
03228300,6455,0,0,76,46,0,1,accepted_with_flags,suspect_constant_run,huc8_05060001,False,qualified_years_lt_6
03260100,3558,0,3,0,0,0,5,accepted_with_flags,out_of_range_naized,huc8_05090203,False,qualified_years_lt_6
03262001,4846,0,0,0,17,0,13,accepted_with_flags,suspect_constant_run,huc8_05090203,True,
03277075,4946,0,0,0,0,0,12,accepted,,huc8_05090203,True,
03277130,3855,0,0,0,15,0,8,accepted_with_flags,suspect_constant_run,huc8_05090203,True,
03249500,2395,6,5,484,0,0,3,rejected_sentinel,out_of_range_naized,huc8_05100101,False,rejected_sentinel
03254480,3073,0,0,0,19,0,7,accepted_with_flags,suspect_constant_run,huc8_05100101,True,
03254550,4532,0,0,0,31,0,12,accepted_with_flags,suspect_constant_run,huc8_05100101,True,
03287500,4723,0,0,1085,0,0,7,accepted,,huc8_05100205,True,
03288180,742,5,0,364,0,0,0,rejected_sentinel,,huc8_05100205,False,rejected_sentinel
03289000,523,0,0,59,0,0,0,accepted,,huc8_05100205,False,qualified_years_lt_6
03289500,4431,0,0,580,0,0,10,accepted,,huc8_05100205,True,
03306000,6961,0,0,658,0,0,14,accepted_with_flags,estimated_approved,huc8_05110001,True,
03306500,5669,0,0,1090,0,0,11,accepted,,huc8_05110001,True,
03307000,6299,3,0,1036,34,0,13,rejected_sentinel,suspect_constant_run,huc8_05110001,False,rejected_sentinel
03309000,2089,434,0,311,0,0,3,rejected_sentinel,,huc8_05110001,False,rejected_sentinel
03311500,4825,0,0,0,16,0,12,accepted_with_flags,suspect_constant_run,huc8_05110001,True,
03353200,5697,0,0,203,18,0,15,accepted_with_flags,suspect_constant_run,huc8_05120201,True,
03353415,3042,0,0,186,0,0,8,accepted,,huc8_05120201,True,
03353420,3964,0,0,584,0,0,9,accepted,,huc8_05120201,True,
03353611,10825,0,0,513,0,0,26,accepted,,huc8_05120201,True,
03354000,14647,0,0,645,0,2,35,accepted_with_flags,suspect_jump,huc8_05120201,True,
03431083,8354,0,0,189,0,0,22,accepted,,huc8_05130202,True,
03431091,10318,0,0,179,0,0,27,accepted,,huc8_05130202,True,
03431514,10644,0,0,221,0,0,29,accepted,,huc8_05130202,True,
03432100,2155,0,0,265,0,0,4,accepted,,huc8_05130204,False,qualified_years_lt_6
0343233905,3970,0,0,146,0,0,10,accepted,,huc8_05130204,True,
034324146,3433,0,0,833,0,0,6,accepted,,huc8_05130204,True,
03433500,1820,0,0,76,0,0,4,accepted,,huc8_05130204,False,qualified_years_lt_6
03292470,4604,0,0,0,0,0,12,accepted,,huc8_05140101,True,
03292474,4830,0,0,42,0,0,11,accepted,,huc8_05140101,True,
03292475,4757,0,0,0,0,0,12,accepted,,huc8_05140101,True,
03292480,4651,0,0,40,0,0,11,accepted,,huc8_05140101,True,
03292500,5643,0,0,49,0,0,12,accepted,,huc8_05140101,True,
03292550,1417,0,0,49,0,0,1,accepted,,huc8_05140101,False,qualified_years_lt_6
03293000,6799,0,0,45,0,0,15,accepted,,huc8_05140101,True,
03293500,4617,0,0,44,0,0,11,accepted,,huc8_05140101,True,
03293530,4720,0,0,41,0,0,11,accepted,,huc8_05140101,True,
03294570,3404,0,0,125,0,0,1,accepted,,huc8_05140101,False,qualified_years_lt_6
03293510,4346,0,0,48,0,0,10,accepted,,huc8_05140102,True,
03297800,4665,0,0,48,0,0,11,accepted,,huc8_05140102,True,
03297900,4209,0,0,40,0,0,9,accepted,,huc8_05140102,True,
03298000,5043,0,0,26,0,0,11,accepted,,huc8_05140102,True,
03298135,4366,0,0,0,0,0,10,accepted,,huc8_05140102,True,
03298150,4960,0,0,159,0,0,11,accepted,,huc8_05140102,True,
03298200,4705,0,0,160,0,0,10,accepted,,huc8_05140102,True,
03298250,4703,0,0,159,0,0,11,accepted,,huc8_05140102,True,
03298300,5157,7,0,152,0,0,12,rejected_sentinel,,huc8_05140102,False,rejected_sentinel
03301900,5115,0,0,0,0,0,11,accepted,,huc8_05140102,True,
03301940,4979,0,0,161,0,0,11,accepted,,huc8_05140102,True,
03302000,6098,0,0,31,17,0,12,accepted_with_flags,suspect_constant_run,huc8_05140102,True,
03302030,4843,0,0,28,0,0,10,accepted_with_flags,estimated_approved,huc8_05140102,True,
03302050,4738,0,0,27,0,0,10,accepted,,huc8_05140102,True,
05382255,6340,0,0,692,0,0,15,accepted,,huc8_07040006,True,
05382257,6468,0,0,692,0,0,15,accepted,,huc8_07040006,True,
05382267,6167,0,0,686,0,0,15,accepted,,huc8_07040006,True,
05382284,5274,0,0,686,0,0,10,accepted,,huc8_07040006,True,
05357215,4232,261,0,0,0,0,10,rejected_sentinel,,huc8_07050002,False,rejected_sentinel
05357225,3761,111,0,0,258,0,9,rejected_sentinel,suspect_constant_run,huc8_07050002,False,rejected_sentinel
05357245,4485,288,0,0,143,0,10,rejected_sentinel,suspect_constant_run,huc8_07050002,False,rejected_sentinel
05406460,2609,0,0,0,0,0,6,accepted,,huc8_07070005,True,
05406470,5075,0,0,0,401,0,11,accepted_with_flags,estimated_approved;suspect_constant_run,huc8_07070005,True,
05406491,3719,0,0,0,0,1,8,accepted_with_flags,suspect_jump,huc8_07070005,True,
05406500,2045,0,0,0,0,0,4,accepted,,huc8_07070005,False,qualified_years_lt_6
05482300,3470,2,0,0,188,0,8,rejected_sentinel,suspect_constant_run,huc8_07100006,False,rejected_sentinel
05482500,3314,2,0,0,160,0,6,rejected_sentinel,suspect_constant_run,huc8_07100006,False,rejected_sentinel
05484500,3650,2,0,0,328,0,9,rejected_sentinel,suspect_constant_run,huc8_07100006,False,rejected_sentinel
05515500,4549,0,0,165,0,0,12,accepted,,huc8_07120001,True,
05516665,5074,0,0,229,46,0,13,accepted_with_flags,estimated_approved;suspect_constant_run,huc8_07120001,True,
05517000,5158,0,0,227,36,0,13,accepted_with_flags,suspect_constant_run,huc8_07120001,True,
05517010,3174,0,0,226,36,0,8,accepted_with_flags,suspect_constant_run,huc8_07120001,True,
05517500,3698,0,0,215,15,0,9,accepted_with_flags,suspect_constant_run,huc8_07120001,True,
05518000,3763,0,0,220,18,0,10,accepted_with_flags,suspect_constant_run,huc8_07120001,True,
05527000,4963,0,0,110,211,0,13,accepted_with_flags,suspect_constant_run,huc8_07120001,True,
05527500,5604,0,0,124,72,0,12,accepted_with_flags,suspect_constant_run,huc8_07120001,True,
412320088154101,5062,0,0,68,0,0,13,accepted,,huc8_07120001,True,
05536995,14606,0,0,1703,0,0,8,accepted_with_flags,estimated_approved,huc8_07120004,True,
05537980,3092,0,0,227,0,0,8,accepted,,huc8_07120004,True,
05538010,1991,0,0,42,0,0,3,accepted_with_flags,estimated_approved,huc8_07120004,False,qualified_years_lt_6
05539670,6166,0,0,126,0,0,14,accepted,,huc8_07120004,True,
06024450,7800,47,0,157,0,0,0,rejected_sentinel,,huc8_10020004,False,rejected_sentinel
06024580,1364,6,0,142,0,0,0,rejected_sentinel,,huc8_10020004,False,rejected_sentinel
06025250,1407,0,0,68,0,0,0,accepted,,huc8_10020004,False,qualified_years_lt_6
06025500,8583,8,0,178,948,0,9,rejected_sentinel,suspect_constant_run,huc8_10020004,False,rejected_sentinel
06026210,1894,190,0,85,68,0,1,rejected_sentinel,suspect_constant_run,huc8_10020004,False,rejected_sentinel
06026420,3469,159,0,116,0,0,0,rejected_sentinel,,huc8_10020004,False,rejected_sentinel
06026500,3109,0,0,272,101,0,3,accepted_with_flags,suspect_constant_run,huc8_10020005,False,qualified_years_lt_6
06027600,2102,0,0,55,0,0,0,accepted,,huc8_10020005,False,qualified_years_lt_6
06035000,4427,0,0,177,16,0,0,accepted_with_flags,suspect_constant_run,huc8_10020005,False,qualified_years_lt_6
06036650,3514,0,0,273,664,0,7,accepted_with_flags,suspect_constant_run,huc8_10020005,True,
06470500,4063,0,0,0,502,0,8,accepted_with_flags,suspect_constant_run,huc8_10160003,True,
06470830,3866,0,0,0,543,0,4,accepted_with_flags,suspect_constant_run,huc8_10160003,False,qualified_years_lt_6
06470875,4330,0,0,0,0,0,6,accepted,,huc8_10160003,True,
06471000,1660,0,0,0,179,0,0,accepted_with_flags,suspect_constant_run,huc8_10160003,False,qualified_years_lt_6
06466700,1942,0,0,350,85,0,3,accepted_with_flags,suspect_constant_run,huc8_10170101,False,qualified_years_lt_6
06467500,2418,0,0,1066,0,0,0,accepted,,huc8_10170101,False,qualified_years_lt_6
06478522,949,0,0,0,0,0,0,accepted,,huc8_10170101,False,qualified_years_lt_6
06610000,3722,0,0,0,0,0,9,accepted,,huc8_10230006,True,
06610505,4664,2,0,0,15,0,10,rejected_sentinel,suspect_constant_run,huc8_10230006,False,rejected_sentinel
410333095530101,3460,0,0,0,0,0,9,accepted,,huc8_10230006,True,
412126095565201,3837,0,0,0,79,0,9,accepted_with_flags,estimated_approved;suspect_constant_run,huc8_10230006,True,
06893060,5232,0,0,35,0,0,14,accepted,,huc8_10300101,True,
06893620,4338,0,0,0,0,0,12,accepted,,huc8_10300101,True,
06893820,6069,0,0,81,19,0,16,accepted_with_flags,suspect_constant_run,huc8_10300101,True,
06893890,3793,0,0,0,0,0,10,accepted,,huc8_10300101,True,
06894000,7613,0,0,62,17,0,20,accepted_with_flags,suspect_constant_run,huc8_10300101,True,
07053450,5963,0,0,109,212,0,1,accepted_with_flags,suspect_constant_run,huc8_11010003,False,qualified_years_lt_6
07054501,7478,12,0,80,0,0,0,rejected_sentinel,,huc8_11010003,False,rejected_sentinel
07054527,7503,12,0,82,0,0,0,rejected_sentinel,,huc8_11010003,False,rejected_sentinel
08405200,3552,0,0,839,0,0,6,accepted,,huc8_13060011,True,
08406500,3823,0,0,455,0,0,8,accepted,,huc8_13060011,True,
08407500,5215,0,0,48,0,0,13,accepted,,huc8_13060011,True,
09010500,1421,0,0,116,250,0,1,accepted_with_flags,suspect_constant_run,huc8_14010001,False,qualified_years_lt_6
09014050,4190,0,0,143,0,0,5,accepted,,huc8_14010001,False,qualified_years_lt_6
09027100,2597,0,0,134,0,0,0,accepted,,huc8_14010001,False,qualified_years_lt_6
09032000,1851,0,0,116,0,0,0,accepted,,huc8_14010001,False,qualified_years_lt_6
09033100,1848,0,0,114,0,0,0,accepted,,huc8_14010001,False,qualified_years_lt_6
09033300,2852,0,0,85,0,0,0,accepted,,huc8_14010001,False,qualified_years_lt_6
09034250,1371,0,0,112,0,0,0,accepted,,huc8_14010001,False,qualified_years_lt_6
09041090,7131,4,0,142,19,0,0,rejected_sentinel,suspect_constant_run,huc8_14010001,False,rejected_sentinel
09058000,3834,15,0,415,0,0,0,rejected_sentinel,,huc8_14010001,False,rejected_sentinel
09060799,2402,0,0,76,16,0,0,accepted_with_flags,suspect_constant_run,huc8_14010001,False,qualified_years_lt_6
09070500,3984,0,0,154,120,0,8,accepted_with_flags,suspect_constant_run,huc8_14010001,True,
09064600,1671,0,0,116,223,0,2,accepted_with_flags,suspect_constant_run,huc8_14010003,False,qualified_years_lt_6
09066510,5010,0,0,116,37,0,4,accepted_with_flags,suspect_constant_run,huc8_14010003,False,qualified_years_lt_6
394220106431500,7383,0,0,153,1300,0,19,accepted_with_flags,suspect_constant_run,huc8_14010003,True,
09085150,6887,0,0,0,0,0,18,accepted,,huc8_14010005,True,
09095300,1233,0,0,130,0,0,1,accepted,,huc8_14010005,False,qualified_years_lt_6
09163500,12181,0,0,80,236,0,33,accepted_with_flags,suspect_constant_run,huc8_14010005,True,
09132095,1301,0,0,104,0,0,0,accepted,,huc8_14020004,False,qualified_years_lt_6
09136100,6294,0,0,89,24,0,16,accepted_with_flags,suspect_constant_run,huc8_14020004,True,
385553107243301,1616,0,0,203,0,0,0,accepted,,huc8_14020004,False,qualified_years_lt_6
09217000,4286,4,0,145,85,0,0,rejected_sentinel,suspect_constant_run,huc8_14040106,False,rejected_sentinel
09234500,12289,0,0,35,0,0,27,accepted_with_flags,estimated_approved,huc8_14040106,True,
09261000,9811,0,0,141,315,0,25,accepted_with_flags,estimated_approved;suspect_constant_run,huc8_14040106,True,
09306007,3223,0,0,0,0,0,4,accepted,,huc8_14050006,False,qualified_years_lt_6
09306222,4687,0,0,0,369,2,8,accepted_with_flags,suspect_constant_run;suspect_jump,huc8_14050006,True,
09306242,4676,0,0,0,0,0,12,accepted,,huc8_14050006,True,
09306255,3969,0,0,0,160,1,6,accepted_with_flags,suspect_constant_run;suspect_jump,huc8_14050006,True,
09306395,2496,0,0,0,324,0,3,accepted_with_flags,suspect_constant_run,huc8_14050007,False,qualified_years_lt_6
09306500,3434,0,0,142,665,1,6,accepted_with_flags,estimated_approved;suspect_constant_run;suspect_jump,huc8_14050007,True,
09306900,1825,0,0,0,191,2,1,accepted_with_flags,suspect_constant_run;suspect_jump,huc8_14050007,False,qualified_years_lt_6
09359020,2734,0,0,85,0,0,0,accepted,,huc8_14080104,False,qualified_years_lt_6
09361500,3142,0,0,22,0,0,6,accepted,,huc8_14080104,True,
09363500,2770,10,0,53,53,0,6,rejected_sentinel,suspect_constant_run,huc8_14080104,False,rejected_sentinel
09364500,3983,35,0,542,0,0,8,rejected_sentinel,,huc8_14080104,False,rejected_sentinel
09522005,3453,0,0,19,0,0,9,accepted,,huc8_15030108,True,
09534000,3464,0,0,27,0,0,9,accepted,,huc8_15030108,True,
09534550,3445,0,0,28,0,0,9,accepted,,huc8_15030108,True,
10133650,5916,0,0,179,91,0,15,accepted_with_flags,suspect_constant_run,huc8_16020102,True,
10133800,9025,0,0,117,0,0,24,accepted,,huc8_16020102,True,
10133980,6966,0,0,154,30,0,18,accepted_with_flags,suspect_constant_run,huc8_16020102,True,
10336610,6214,0,0,259,174,0,15,accepted_with_flags,suspect_constant_run,huc8_16050101,True,
10336730,2275,16,0,203,0,0,5,rejected_sentinel,,huc8_16050101,False,rejected_sentinel
10336780,6013,0,0,255,174,0,13,accepted_with_flags,suspect_constant_run,huc8_16050101,True,
10348000,2744,0,0,0,41,0,5,accepted_with_flags,suspect_constant_run,huc8_16050102,False,qualified_years_lt_6
10348200,11907,0,0,111,161,0,28,accepted_with_flags,suspect_constant_run,huc8_16050102,True,
10350500,15322,0,0,40,0,1,34,accepted_with_flags,suspect_jump,huc8_16050102,True,
10351600,10584,0,0,116,18,0,25,accepted_with_flags,suspect_constant_run,huc8_16050102,True,
