date,2141500,214196125,214244102,2145910,2147310
2016-04-01,,,14.2,,
2016-04-02,,,14.6,,
2016-04-03,,,14.8,,
2016-04-04,,,14.7,,
2016-04-05,,,15.0,,
2016-04-06,,,14.9,,
2016-04-07,,,14.9,,
2016-04-08,,,15.1,,
2016-04-09,,,14.9,,
2016-04-10,,,14.6,,
2016-04-11,,,14.4,,
2016-04-12,,,14.7,,
2016-04-13,,,14.9,,
2016-04-14,,,15.1,,
2016-04-15,,,15.1,,
2016-04-16,,,15.2,,
2016-04-17,,,15.3,,
2016-04-18,,,15.5,,
2016-04-19,,,15.7,,
2016-04-20,,,15.9,,
2016-04-21,,,16.1,,
2016-04-22,,,16.3,,
2016-04-23,,,16.7,,
2016-04-24,,,16.8,,
2016-04-25,,,16.9,,
2016-04-26,,,17.3,,
2016-04-27,,,17.5,,
2016-04-28,,,17.8,,
2016-04-29,,,18.1,,
2016-04-30,,,18.4,,
2016-05-01,,,18.5,,
2016-05-02,,,18.3,,
2016-05-03,,,18.5,,
2016-05-04,,,18.8,,
2016-05-05,,,18.8,,
2016-05-06,,,18.5,,
2016-05-07,,,18.3,,
2016-05-08,,,18.6,,
2016-05-09,,,18.7,,
2016-05-10,,,18.9,,
2016-05-11,,,19.2,,
2016-05-12,,,19.5,,
2016-05-13,,,20.0,,
2016-05-14,,,20.2,,
2016-05-15,,,20.3,,
2016-05-16,,,20.1,,
2016-05-17,,,20.2,,
2016-05-18,,,20.2,,
2016-05-19,,,20.2,,
2016-05-20,,,19.9,,
2016-05-21,,,19.5,,
2016-05-22,,,19.6,,
2016-05-23,,,19.7,,
2016-05-24,,,19.7,,
2016-05-25,,,19.9,,
2016-05-26,,,20.2,,
2016-05-27,,,20.3,,
2016-05-28,,,20.6,,
2016-05-29,,,20.9,,
2016-05-30,,,21.0,,
2016-05-31,,,21.1,,
2016-06-01,,,21.4,,
2016-06-02,,,21.5,,
2016-06-03,,,21.8,,
2016-06-04,,,21.9,,
2016-06-05,,,22.2,,
2016-06-06,,,22.3,,
2016-06-07,,,22.7,,
2016-06-08,,,22.9,,
2016-06-09,,,22.8,,
2016-06-10,,,22.9,,
2016-06-11,,,23.0,,
2016-06-12,,,23.3,,
2016-06-13,,,23.3,,
2016-06-14,,,23.6,,
2016-06-15,,,23.7,,
2016-06-16,,,23.9,,
2016-06-17,,,24.0,,28.7
2016-06-18,,,24.2,,28.7
2016-06-19,,,24.5,,28.1
2016-06-20,,,24.4,,27.9
2016-06-21,,,24.4,,27.5
2016-06-22,,,24.8,,27.5
2016-06-23,,,25.0,,27.5
2016-06-24,,,24.9,,27.9
2016-06-25,,,25.1,,28.8
2016-06-26,,,25.1,,28.9
2016-06-27,,,25.1,,28.8
2016-06-28,,,25.2,,29.0
2016-06-29,,,25.3,,29.1
2016-06-30,,,25.4,,28.9
2016-07-01,,,25.5,,28.9
2016-07-02,,,25.7,,28.9
2016-07-03,,,25.8,,29.1
2016-07-04,,,25.8,,29.2
2016-07-05,,,25.7,,29.1
2016-07-06,,,25.6,,29.1
2016-07-07,,,25.7,,
2016-07-08,,,25.9,,
2016-07-09,,,26.1,,29.8
2016-07-10,,,26.1,,29.9
2016-07-11,,,,,29.7
2016-07-12,,,,,29.8
2016-07-13,,,26.5,,30.1
2016-07-14,,,26.7,,30.0
2016-07-15,,,26.9,,30.1
2016-07-16,,,26.9,,30.1
2016-07-17,,,26.9,,30.1
2016-07-18,,,27.1,,29.9
2016-07-19,,,27.1,,29.8
2016-07-20,,,27.3,,30.0
2016-07-21,,,27.3,,29.9
2016-07-22,,,27.4,,29.8
2016-07-23,,,27.5,,30.0
2016-07-24,,,27.6,,30.3
2016-07-25,,,27.8,,30.4
2016-07-26,,,28.0,,30.6
2016-07-27,,,28.2,,30.7
2016-07-28,,,28.2,,30.7
2016-07-29,,,28.2,,31.0
2016-07-30,,,28.3,,31.0
2016-07-31,,,28.4,,30.8
2016-08-01,,,28.5,,30.6
2016-08-02,,,28.5,,30.5
2016-08-03,,,28.6,,30.3
2016-08-04,,,28.5,,30.2
2016-08-05,,,28.3,,30.0
2016-08-06,,,28.1,,29.9
2016-08-07,,,28.1,,29.9
2016-08-08,,,28.0,,30.0
2016-08-09,,,27.5,,30.0
2016-08-10,,,27.3,,30.1
2016-08-11,,,27.3,,30.0
2016-08-12,,,27.3,,29.6
2016-08-13,,,27.4,,29.6
2016-08-14,,,27.6,,29.9
2016-08-15,,,27.7,,30.0
2016-08-16,,,27.8,,30.2
2016-08-17,,,28.0,,30.3
2016-08-18,,,28.1,,30.5
2016-08-19,,,28.1,,30.5
2016-08-20,,,28.0,,30.4
2016-08-21,,,27.9,,30.1
2016-08-22,,,27.8,,30.3
2016-08-23,,,27.8,,30.2
2016-08-24,,,27.6,,30.1
2016-08-25,,,27.5,,29.9
2016-08-26,,,27.5,,30.0
2016-08-27,,,27.6,,30.1
2016-08-28,,,27.6,,30.4
2016-08-29,,,27.6,,30.4
2016-08-30,,,27.6,,30.2
2016-08-31,,,27.7,,29.9
2016-09-01,,,27.7,,29.7
2016-09-02,,,27.6,,29.2
2016-09-03,,,27.0,,
2016-09-04,,,26.5,,27.4
2016-09-05,,,26.5,,27.2
2016-09-06,,,26.5,,27.1
2016-09-07,,,26.6,,27.0
2016-09-08,,,26.6,,26.8
2016-09-09,,,26.7,,27.1
2016-09-10,,,26.7,,27.3
2016-09-11,,,26.9,,27.9
2016-09-12,,,26.8,,28.0
2016-09-13,,,26.8,,28.1
2016-09-14,,,26.8,,28.1
2016-09-15,,,26.8,,28.3
2016-09-16,,,26.8,,28.3
2016-09-17,,,26.7,,28.1
2016-09-18,,,26.6,,27.9
2016-09-19,,,26.6,,28.0
2016-09-20,,,26.6,,28.0
2016-09-21,,,26.6,,27.7
2016-09-22,,,26.4,,27.2
2016-09-23,,,26.1,,26.7
2016-09-24,,,25.9,,26.4
2016-09-25,,,26.0,,26.1
2016-09-26,,,25.9,,26.1
2016-09-27,,,25.8,,26.5
2016-09-28,,,25.9,,27.0
2016-09-29,,,25.8,,26.6
2016-09-30,,,25.7,,26.1
2016-10-01,,,25.4,,25.7
2016-10-02,,,25.1,,25.5
2016-10-03,,,25.0,,25.3
2016-10-04,,,24.9,,25.2
2016-10-05,,,24.7,,24.8
2016-10-06,22.1,,24.4,,24.3
2016-10-07,22.1,,24.1,,
2016-10-08,22.0,,23.7,,
2016-10-09,21.6,,23.0,,
2016-10-10,21.1,,22.4,,21.3
2016-10-11,20.7,,22.1,,20.8
2016-10-12,20.3,,21.9,,20.5
2016-10-13,20.2,,21.7,,20.4
2016-10-14,20.0,,21.5,,20.4
2016-10-15,19.8,,21.4,,20.4
2016-10-16,20.0,,21.3,,20.4
2016-10-17,19.7,,21.3,,20.5
2016-10-18,19.7,,21.4,,20.5
2016-10-19,19.7,,21.5,,20.8
2016-10-20,19.9,,21.5,,21.0
2016-10-21,19.9,,21.6,,21.3
2016-10-22,19.5,,21.4,,21.2
2016-10-23,19.2,,20.9,,20.8
2016-10-24,19.2,,20.3,,20.4
2016-10-25,19.0,,20.1,,20.0
2016-10-26,18.9,,19.8,,19.9
2016-10-27,18.3,,19.5,,19.7
2016-10-28,18.0,,19.5,,19.6
2016-10-29,17.9,,19.4,,19.4
2016-10-30,17.9,,19.4,,19.4
2016-10-31,18.0,,19.4,,19.7
2016-11-01,17.7,,19.4,,19.7
2016-11-02,17.7,,19.5,,19.7
2016-11-03,18.0,,19.5,,19.9
2016-11-04,18.2,,19.6,,20.2
2016-11-05,17.8,,19.5,,19.9
2016-11-06,17.6,,19.3,,19.6
2016-11-07,17.7,,19.1,,19.4
2016-11-08,17.4,,18.5,,19.0
2016-11-09,17.1,,18.3,,18.3
2016-11-10,17.1,,18.0,,18.0
2016-11-11,16.9,,17.5,,17.5
2016-11-12,16.3,,17.3,,16.7
2016-11-13,15.7,,16.9,,16.4
2016-11-14,15.3,,16.5,,15.7
2016-11-15,15.3,,16.2,,15.2
2016-11-16,15.1,,15.9,,15.0
2016-11-17,15.1,,15.8,,14.9
2016-11-18,14.7,,15.6,,14.9
2016-11-19,14.2,,15.6,,14.7
2016-11-20,13.7,,15.2,,14.3
2016-11-21,13.3,,14.9,,14.2
2016-11-22,13.1,,14.3,,14.0
2016-11-23,12.9,,13.7,,13.7
2016-11-24,13.2,,13.6,,13.6
2016-11-25,12.9,,13.6,,13.4
2016-11-26,11.8,,13.7,,13.1
2016-11-27,11.8,,13.5,,13.6
2016-11-28,11.3,,13.4,,13.1
2016-11-29,11.5,,13.3,,13.4
2016-11-30,11.6,,13.3,,13.6
2016-12-01,,,,,13.7
2016-12-02,,,,,13.8
2016-12-03,,,,,13.6
2016-12-04,,,,,13.4
2016-12-05,,,,,13.5
2016-12-06,,,,,13.2
2016-12-07,,,,,13.4
2016-12-08,,,,,13.1
2016-12-09,,,,,12.5
2016-12-10,,,,,12.0
2016-12-11,,,,,11.1
2016-12-12,,,,,10.9
2016-12-13,,,,,10.5
2016-12-14,,,,,10.5
2016-12-15,,,,,10.1
2016-12-16,,,,,9.8
2016-12-17,,,,,9.5
2016-12-18,,,,,9.3
2016-12-19,,,,,8.7
2016-12-20,,,,,8.9
2016-12-21,,,,,9.0
2016-12-22,,,,,8.9
2016-12-23,,,,,8.7
2016-12-24,,,,,9.0
2016-12-25,,,,,9.3
2016-12-26,,,,,9.3
2016-12-27,,,,,9.7
2016-12-28,,,,,9.7
2016-12-29,,,,,10.4
2016-12-30,,,,,10.6
2016-12-31,,,,,10.4
2017-01-01,,,,,10.3
2017-01-02,,,,,10.5
2017-01-03,,,,,10.2
2017-01-04,,,,,10.2
2017-01-05,,,,,10.3
2017-01-06,,,,,10.2
2017-01-07,,,,,9.3
2017-01-08,,,,,9.0
2017-01-09,,,,,8.1
2017-01-10,,,,,7.2
2017-01-11,,,,,6.8
2017-01-12,,,,,6.9
2017-01-13,,,,,7.4
2017-01-14,,,,,7.7
2017-01-15,,,,,8.0
2017-01-16,,,,,8.3
2017-01-17,,,,,9.3
2017-01-18,,,,,9.9
2017-01-19,,,,,10.0
2017-01-20,,,,,10.5
2017-01-21,,,,,10.9
2017-01-22,,,,,11.6
2017-01-23,,,,,12.8
2017-01-24,,,,,13.0
2017-01-25,,,,,12.9
2017-01-26,,,,,12.8
2017-01-27,,,,,12.5
2017-01-28,,,,,11.7
2017-01-29,,,,,11.2
2017-01-30,,,,,10.8
2017-01-31,,,,,10.7
2017-02-01,,,,,10.6
2017-02-02,,,,,10.7
2017-02-03,,,,,10.8
2017-02-04,,,,,10.5
2017-02-05,,,,,10.5
2017-02-06,,,,,10.9
2017-02-07,,,,,10.9
2017-02-08,,,,,11.3
2017-02-09,,,,,11.2
2017-02-10,,,,,11.6
2017-02-11,,,,,11.6
2017-02-12,,,,,12.3
2017-02-13,,,,,12.4
2017-02-14,,,,,13.3
2017-02-15,,,,,13.2
2017-02-18,,,,,12.8
2017-02-19,,,,,12.9
2017-02-20,,,,,13.3
2017-02-21,,,,,13.3
2017-02-22,,,,,13.5
2017-02-23,,,,,13.6
2017-02-24,,,,,13.6
2017-02-25,,,,,13.7
2017-02-26,,,,,14.5
2017-02-27,,,,,14.9
2017-02-28,,,,,15.6
2017-03-01,,,,,15.9
2017-03-02,,,,,15.4
2017-03-03,,,,,15.7
2017-03-04,,,,,15.7
2017-03-05,,,,,15.3
2017-03-06,,,,,14.8
2017-03-07,,,,,14.9
2017-03-08,,,,,15.3
2017-03-09,,,,,15.6
2017-03-10,,,,,15.3
2017-03-11,,,,,15.1
2017-03-12,,,,,14.8
2017-03-13,,,,,14.0
2017-03-14,,,,,13.4
2017-03-15,,,,,12.7
2017-03-16,,,,,12.1
2017-03-17,,,,,11.8
2017-03-18,,,,,11.4
2017-03-19,,,,,11.7
2017-03-20,,,,,12.7
2017-03-21,,,,,12.8
2017-03-22,,,,,13.1
2017-03-23,,,,,14.3
2017-03-24,,,,,14.3
2017-03-25,,,,,14.5
2017-03-26,,,,,14.4
2017-03-27,,,,,15.1
2017-03-28,,,,,15.9
2017-03-29,,,,,16.4
2017-03-30,,,,,17.3
2017-03-31,,,,,17.6
2017-04-01,14.7,13.0,14.0,,18.8
2017-04-02,14.3,12.8,14.1,,19.4
2017-04-03,14.1,12.9,14.1,,18.7
2017-04-04,14.7,13.4,13.9,,18.0
2017-04-05,14.5,13.6,14.2,,18.2
2017-04-06,14.6,14.8,14.2,,17.3
2017-04-07,14.5,15.0,14.3,,16.6
2017-04-08,14.1,14.5,14.3,,16.3
2017-04-09,13.6,14.5,14.5,,16.3
2017-04-10,13.0,14.6,14.6,,16.8
2017-04-11,12.9,14.7,15.0,,17.6
2017-04-12,13.1,14.7,15.4,,18.4
2017-04-13,13.9,14.6,15.7,,19.1
2017-04-14,14.0,14.6,15.9,,19.3
2017-04-15,14.6,15.1,16.0,,19.4
2017-04-16,15.6,15.8,16.3,,19.7
2017-04-17,16.3,16.0,16.8,,20.2
2017-04-18,15.8,15.5,17.1,,20.7
2017-04-19,15.4,15.4,16.9,,21.3
2017-04-20,16.1,15.8,16.8,,21.5
2017-04-21,16.5,16.2,17.1,,21.6
2017-04-22,17.2,16.7,17.4,,21.7
2017-04-23,16.6,15.3,17.5,,22.6
2017-04-24,16.6,15.4,16.0,,20.5
2017-04-25,14.9,16.5,15.3,,16.6
2017-04-26,14.0,16.6,16.0,,17.3
2017-04-27,14.0,16.6,16.7,,19.6
2017-04-28,15.1,16.6,17.0,,20.1
2017-04-29,15.1,16.5,17.3,,20.8
2017-04-30,15.6,16.7,17.5,,21.4
2017-05-01,16.1,17.0,17.6,,21.7
2017-05-02,17.7,17.5,18.1,,21.2
2017-05-03,17.8,17.4,18.3,,21.0
2017-05-04,16.6,16.4,18.3,,20.9
2017-05-05,16.8,16.9,18.0,,21.4
2017-05-06,17.6,17.5,18.1,,21.1
2017-05-07,17.3,17.4,17.9,,20.2
2017-05-08,16.8,17.4,18.0,,20.2
2017-05-09,15.9,17.3,17.9,,20.3
2017-05-10,15.5,17.5,17.9,,21.2
2017-05-11,16.1,17.8,18.3,,22.2
2017-05-12,15.9,17.2,18.3,,22.7
2017-05-13,16.0,17.1,18.0,,22.3
2017-05-14,16.9,17.7,18.1,,21.6
2017-05-15,17.0,17.9,18.4,,21.8
2017-05-16,17.4,18.0,18.6,,22.2
2017-05-17,17.4,18.2,19.2,,22.7
2017-05-18,17.4,18.4,19.5,,23.7
2017-05-19,18.1,18.8,20.0,,24.3
2017-05-20,18.9,18.5,20.3,,25.0
2017-05-21,18.5,17.9,20.2,,25.3
2017-05-22,19.0,18.5,20.1,,25.7
2017-05-23,19.0,18.5,20.0,,24.5
2017-05-24,19.1,18.3,19.5,,23.1
2017-05-25,18.1,19.4,19.2,,22.1
2017-05-26,17.6,19.7,19.4,,21.9
2017-05-27,17.6,19.8,20.0,,23.1
2017-05-28,17.8,19.7,20.5,,24.1
2017-05-29,18.1,19.6,20.8,,25.0
2017-05-30,17.9,19.5,20.7,,25.3
2017-05-31,18.2,19.4,20.7,,24.9
2017-06-01,18.6,19.4,20.8,,25.1
2017-06-02,19.0,19.4,20.9,,25.7
2017-06-03,19.4,19.4,21.0,,25.8
2017-06-04,19.4,19.6,21.2,,25.8
2017-06-05,19.7,20.1,21.2,,26.2
2017-06-06,20.3,20.3,21.6,,26.7
2017-06-07,19.8,19.6,21.9,,26.5
2017-06-08,19.5,19.5,21.9,,25.8
2017-06-09,20.4,20.4,21.9,,25.2
2017-06-10,21.1,21.0,21.9,,25.2
2017-06-11,21.4,21.2,22.0,,25.5
2017-06-12,21.4,21.3,22.5,,25.7
2017-06-13,21.8,21.2,22.6,,26.2
2017-06-14,22.3,21.6,22.8,,26.7
2017-06-15,22.4,21.3,23.1,,27.2
2017-06-16,22.4,21.4,23.3,,27.4
2017-06-17,22.1,21.4,23.3,,27.8
2017-06-18,22.2,22.0,23.2,,27.9
2017-06-19,22.9,22.9,23.5,,28.2
2017-06-20,23.1,22.5,23.8,,28.6
2017-06-21,22.9,22.4,23.7,,27.4
2017-06-22,23.1,23.5,23.9,,25.9
2017-06-23,23.7,24.6,23.8,,25.3
2017-06-24,23.9,24.6,24.2,,25.7
2017-06-25,23.4,23.9,24.6,,26.8
2017-06-26,23.5,23.9,24.5,,27.5
2017-06-27,23.4,23.9,24.7,,27.6
2017-06-28,23.2,23.8,24.5,,27.5
2017-06-29,23.0,23.8,24.5,,27.4
2017-06-30,22.9,24.1,24.6,,27.1
2017-07-01,23.3,24.0,24.9,,27.3
2017-07-02,23.8,24.0,25.3,,28.0
2017-07-03,24.0,23.6,25.4,,28.6
2017-07-04,24.0,23.6,25.7,,28.8
2017-07-05,24.5,24.1,25.7,,28.7
2017-07-06,24.8,24.3,25.7,,28.7
2017-07-07,24.9,24.5,25.8,,28.6
2017-07-08,24.9,24.3,26.0,,28.9
2017-07-09,24.7,24.3,25.9,,
2017-07-10,24.7,24.4,26.0,,
2017-07-11,25.1,24.7,26.2,,29.4
2017-07-12,25.2,26.2,26.4,,29.8
2017-07-13,25.2,26.9,26.6,,29.6
2017-07-14,25.5,26.1,26.9,,29.8
2017-07-15,25.5,25.3,27.2,,30.5
2017-07-16,25.5,24.9,27.1,,30.5
2017-07-17,25.2,26.4,27.3,,30.1
2017-07-18,25.0,26.9,27.3,,30.0
2017-07-19,25.4,26.9,27.5,,29.9
2017-07-20,25.7,26.3,27.7,,29.7
2017-07-21,25.9,25.4,27.9,,29.8
2017-07-22,26.0,25.5,28.0,,29.9
2017-07-23,26.4,25.9,28.0,,30.3
2017-07-24,26.3,27.5,27.9,,30.1
2017-07-25,26.0,27.6,28.0,,30.1
2017-07-26,25.7,27.0,28.1,,30.1
2017-07-27,26.0,26.8,28.1,,29.8
2017-07-28,25.8,25.9,27.9,,29.6
2017-07-29,25.8,25.7,27.9,,29.8
2017-07-30,25.5,25.3,27.6,,29.6
2017-07-31,25.3,25.6,27.3,,29.3
2017-08-01,25.3,26.0,27.1,,28.8
2017-08-02,25.2,26.2,27.0,,28.6
2017-08-03,25.2,26.2,,,28.4
2017-08-04,25.2,26.3,,,28.0
2017-08-05,25.2,26.4,27.2,,28.2
2017-08-06,25.4,26.2,27.2,,28.4
2017-08-07,25.1,27.1,27.0,,28.2
2017-08-08,25.1,27.2,27.0,,28.4
2017-08-09,24.8,26.7,26.9,,28.3
2017-08-10,24.7,26.2,26.8,,28.1
2017-08-11,24.8,26.0,26.8,,27.8
2017-08-12,25.0,26.0,26.9,,27.8
2017-08-13,25.0,25.7,27.0,,28.3
2017-08-14,24.7,25.4,26.9,,28.5
2017-08-15,25.0,25.6,26.5,,29.0
2017-08-16,25.2,25.8,26.7,,29.7
2017-08-17,25.1,26.0,26.9,,29.5
2017-08-18,25.4,26.2,27.2,,29.2
2017-08-19,25.6,26.3,27.4,,29.7
2017-08-20,25.4,26.2,27.5,,29.8
2017-08-21,25.3,26.1,27.6,,29.9
2017-08-22,25.5,26.4,27.5,,29.9
2017-08-23,25.6,26.6,27.5,,30.1
2017-08-24,25.6,26.4,27.7,,30.2
2017-08-25,25.1,26.2,27.6,,29.7
2017-08-26,25.0,26.2,27.4,,29.4
2017-08-27,24.8,26.1,27.3,,28.9
2017-08-28,24.5,25.8,27.0,,28.2
2017-08-29,24.4,25.4,26.6,,27.2
2017-08-30,24.4,25.7,26.3,,26.6
2017-08-31,24.4,25.9,26.0,,26.0
2017-09-01,24.1,25.6,25.9,,25.9
2017-09-02,23.5,25.2,25.6,,26.1
2017-09-03,23.7,25.4,25.3,,26.3
2017-09-04,23.6,25.4,25.3,,26.2
2017-09-05,23.4,25.5,25.3,,26.1
2017-09-06,22.9,25.2,25.3,,26.1
2017-09-07,22.9,24.8,25.0,,26.1
2017-09-08,22.9,24.7,24.5,,25.7
2017-09-09,22.4,24.5,24.4,,25.2
2017-09-10,21.7,24.0,24.2,,24.5
2017-09-11,21.0,23.5,23.8,,23.1
2017-09-12,20.5,23.1,23.1,,22.2
2017-09-13,20.7,23.2,22.4,,21.8
2017-09-14,20.1,23.2,22.5,,22.0
2017-09-15,19.8,23.0,22.9,,22.6
2017-09-16,20.1,22.8,23.3,,23.1
2017-09-17,20.2,22.6,23.5,,23.6
2017-09-18,20.6,22.5,23.8,,23.9
2017-09-19,20.7,22.7,23.9,,24.2
2017-09-20,21.2,23.3,23.9,,24.3
2017-09-21,21.5,23.5,24.1,,24.8
2017-09-22,21.4,23.2,24.2,,25.5
2017-09-23,21.5,22.9,24.3,,25.8
2017-09-24,21.5,22.8,24.3,,26.1
2017-09-25,21.6,23.0,24.3,,26.2
2017-09-26,21.8,23.1,24.3,,26.4
2017-09-27,22.1,23.6,24.4,,26.5
2017-09-28,22.5,24.0,24.5,,26.5
2017-09-29,22.4,23.1,24.5,,26.5
2017-09-30,22.0,22.3,24.3,,26.2
2017-10-01,21.3,22.0,23.9,,25.3
2017-10-02,21.2,22.3,23.4,,24.4
2017-10-03,21.3,22.5,23.1,,23.9
2017-10-04,21.0,22.5,22.9,,23.7
2017-10-05,20.8,22.5,22.7,,23.5
2017-10-06,20.8,22.5,22.6,,23.4
2017-10-07,20.7,22.2,22.6,,23.4
2017-10-08,20.6,22.3,22.6,,23.6
2017-10-09,20.8,22.5,22.5,,23.8
2017-10-10,21.2,22.7,22.7,,24.2
2017-10-11,21.2,22.5,23.0,,24.5
2017-10-12,21.3,22.3,23.1,,24.9
2017-10-13,20.9,21.9,22.8,,25.1
2017-10-14,21.2,22.0,22.3,,24.8
2017-10-15,21.1,22.1,22.1,,24.6
2017-10-16,21.1,22.2,22.2,,24.3
2017-10-17,20.8,21.8,21.9,,23.3
2017-10-18,20.9,21.6,21.4,,22.5
2017-10-19,20.8,21.5,21.0,,21.5
2017-10-20,20.2,21.3,20.8,,20.9
2017-10-21,19.4,21.1,20.7,,20.5
2017-10-22,19.2,21.1,20.7,,20.3
2017-10-23,18.7,21.0,20.6,,20.1
2017-10-24,18.7,20.9,20.5,,20.0
2017-10-25,18.2,20.7,20.4,,19.9
2017-10-26,17.4,20.4,20.1,,19.8
2017-10-27,16.8,19.9,19.7,,19.5
2017-10-28,16.3,19.5,19.5,,18.8
2017-10-29,16.3,19.2,19.3,,18.7
2017-10-30,15.8,18.6,18.5,,18.0
2017-10-31,15.3,18.2,17.9,,16.9
2017-11-01,14.8,17.8,17.8,,16.8
2017-11-02,14.5,17.6,17.8,,17.4
2017-11-03,14.8,17.5,17.8,,18.0
2017-11-04,15.2,16.9,17.8,,18.7
2017-11-05,15.2,16.4,17.4,,19.0
2017-11-06,15.7,16.5,16.9,,19.2
2017-11-07,15.9,16.4,16.8,,19.4
2017-11-08,15.7,15.8,16.6,,19.3
2017-11-09,15.6,15.8,15.9,,18.3
2017-11-10,15.5,15.9,15.5,,17.0
2017-11-11,15.2,15.6,15.2,,16.2
2017-11-12,14.9,15.4,14.8,,15.5
2017-11-13,14.7,15.3,14.6,,15.0
2017-11-14,14.1,15.2,14.4,,14.9
2017-11-15,13.6,15.1,14.2,,14.8
2017-11-16,13.3,15.0,14.2,,14.7
2017-11-17,13.1,14.7,14.1,,14.6
2017-11-18,12.9,14.7,14.0,,14.4
2017-11-19,12.9,14.6,13.9,,14.5
2017-11-20,12.7,14.3,13.7,,14.2
2017-11-21,12.4,14.1,13.5,,14.0
2017-11-22,12.3,14.0,13.4,,14.0
2017-11-23,12.0,13.6,13.2,,13.8
2017-11-24,11.8,13.4,13.1,,13.5
2017-11-25,11.6,13.3,12.9,,13.2
2017-11-26,11.3,13.1,12.7,,13.1
2017-11-27,11.2,13.0,12.6,,12.8
2017-11-28,11.0,12.9,12.3,,12.6
2017-11-29,10.8,12.9,12.1,,12.5
2017-11-30,10.7,12.8,12.0,,12.5
2018-04-01,12.0,11.9,12.2,13.3,14.9
2018-04-02,12.4,12.5,12.4,13.7,16.1
2018-04-03,12.4,12.4,12.7,13.7,16.5
2018-04-04,13.3,13.4,13.3,14.0,16.5
2018-04-05,13.8,13.4,13.3,14.2,17.0
2018-04-06,13.4,13.7,13.3,14.3,17.2
2018-04-07,13.3,13.2,13.5,14.0,17.2
2018-04-08,13.2,12.8,13.5,14.0,16.7
2018-04-09,13.3,13.1,13.3,14.2,15.8
2018-04-10,13.7,13.3,13.4,14.3,15.4
2018-04-11,13.5,13.1,13.5,14.6,15.6
2018-04-12,13.3,13.9,13.7,15.0,15.5
2018-04-13,13.4,14.5,14.1,15.1,15.9
2018-04-14,14.1,14.9,14.5,15.3,17.1
2018-04-15,14.2,14.5,15.0,15.2,18.2
2018-04-16,15.3,14.4,15.4,15.6,18.3
2018-04-17,14.9,14.6,14.7,15.7,17.5
2018-04-18,14.5,14.9,14.6,16.2,16.5
2018-04-19,14.7,15.3,15.4,16.5,17.3
2018-04-20,14.1,15.1,15.4,16.5,17.8
2018-04-21,13.6,14.9,15.4,16.6,17.6
2018-04-22,13.7,14.8,15.4,16.6,17.7
2018-04-23,13.8,14.6,15.5,16.6,17.7
2018-04-24,13.6,14.7,15.1,16.8,16.9
2018-04-25,13.1,15.3,14.8,17.3,17.4
2018-04-26,13.0,15.0,15.1,17.5,18.0
2018-04-27,13.8,14.8,15.3,17.3,18.2
2018-04-28,14.4,14.8,15.3,17.4,18.5
2018-04-29,14.6,14.6,15.3,17.5,18.6
2018-04-30,14.5,14.6,15.2,17.8,18.1
2018-05-01,14.4,14.9,15.3,17.7,18.3
2018-05-02,14.4,15.1,15.5,18.1,18.9
2018-05-03,14.5,15.3,15.9,18.2,19.4
2018-05-04,14.9,15.4,16.2,18.3,20.0
2018-05-05,15.6,15.3,16.4,18.2,20.6
2018-05-06,16.7,15.5,16.8,18.7,21.3
2018-05-07,17.2,15.6,16.9,19.7,22.1
2018-05-08,16.8,15.4,17.0,20.1,22.1
2018-05-09,16.8,15.7,17.0,20.3,21.8
2018-05-10,17.6,16.5,17.4,19.9,21.7
2018-05-11,18.2,17.5,,19.9,22.1
2018-05-12,18.4,16.6,,20.3,22.7
2018-05-13,18.8,17.0,,20.3,23.2
2018-05-14,19.0,17.3,,20.5,23.6
2018-05-15,19.1,17.6,18.9,20.4,24.3
2018-05-16,19.5,17.6,19.4,20.8,24.6
2018-05-17,19.6,17.5,19.2,21.0,24.9
2018-05-18,19.1,17.6,19.3,21.3,24.6
2018-05-19,18.9,18.2,19.0,21.9,
2018-05-20,17.8,19.4,19.3,22.5,
2018-05-21,17.5,19.6,19.9,23.3,
2018-05-22,17.6,19.6,20.2,23.5,
2018-05-23,18.0,19.9,20.6,23.7,
2018-05-24,17.5,19.1,20.8,23.8,
2018-05-25,17.5,19.1,20.4,23.9,
2018-05-26,17.9,19.4,20.2,24.1,
2018-05-27,18.0,19.4,20.2,24.1,
2018-05-28,17.7,19.0,20.4,24.1,
2018-05-29,17.7,18.7,20.1,24.3,
2018-05-30,18.4,19.6,19.7,24.3,
2018-05-31,19.1,20.3,20.2,24.7,25.6
2018-06-01,19.5,20.3,20.5,25.2,25.5
2018-06-02,19.6,20.4,20.7,25.1,25.6
2018-06-03,19.8,20.5,20.8,25.1,25.9
2018-06-04,20.0,20.7,21.1,25.3,26.3
2018-06-05,19.9,20.6,21.1,25.0,26.1
2018-06-06,19.9,20.9,21.3,25.0,26.1
2018-06-07,19.8,20.6,21.4,25.3,26.4
2018-06-08,19.5,20.6,21.5,25.4,26.6
2018-06-09,19.8,20.6,21.6,25.4,26.9
2018-06-10,20.3,20.9,21.9,25.3,27.0
2018-06-11,20.9,21.2,22.2,25.5,27.7
2018-06-12,20.4,20.6,22.3,25.5,27.7
2018-06-13,20.8,21.3,21.7,26.1,26.7
2018-06-14,21.1,21.6,22.1,26.0,26.8
2018-06-15,21.0,21.5,22.5,26.1,27.7
2018-06-16,21.2,21.4,22.8,26.1,27.9
2018-06-17,21.9,21.7,23.0,26.2,28.1
2018-06-18,22.4,22.2,23.4,26.4,28.7
2018-06-19,22.9,22.8,23.7,26.6,29.4
2018-06-20,23.0,22.8,24.1,27.0,29.7
2018-06-21,23.2,22.7,24.2,27.1,29.5
2018-06-22,23.1,22.7,24.2,27.0,29.3
2018-06-23,23.4,23.2,24.4,27.0,29.3
2018-06-24,24.2,23.4,24.8,27.2,29.4
2018-06-25,24.2,23.5,25.0,27.3,29.3
2018-06-26,23.6,23.0,24.9,27.6,29.4
2018-06-27,23.4,23.1,24.6,27.6,29.2
2018-06-28,23.4,23.5,24.5,28.1,29.1
2018-06-29,23.2,23.5,24.9,27.9,28.9
2018-06-30,23.0,23.4,25.2,28.2,28.9
2018-07-01,23.1,23.7,25.3,28.1,29.3
2018-07-02,23.6,24.0,25.5,28.3,29.8
2018-07-03,23.9,24.1,25.6,28.6,30.3
2018-07-04,23.5,23.8,25.9,28.5,30.5
2018-07-05,23.8,24.0,26.0,28.6,30.5
2018-07-06,24.4,24.6,26.2,28.7,30.6
2018-07-07,24.0,24.2,25.8,28.7,30.6
2018-07-08,23.7,23.9,25.5,28.9,29.4
2018-07-09,23.8,24.4,25.5,28.9,28.2
2018-07-10,24.2,24.8,25.5,28.9,28.0
2018-07-11,24.7,25.2,25.8,29.1,28.3
2018-07-12,24.7,25.1,26.2,29.0,28.5
2018-07-13,24.1,24.9,26.2,28.8,28.6
2018-07-14,24.1,24.9,26.3,28.9,28.8
2018-07-15,24.4,25.4,26.4,29.0,28.9
2018-07-16,24.6,25.9,26.5,28.9,29.0
2018-07-17,24.7,26.2,26.8,28.9,29.3
2018-07-18,24.8,25.6,26.9,28.9,29.6
2018-07-19,24.8,25.1,27.0,28.9,29.5
2018-07-20,24.9,25.4,26.7,28.9,29.4
2018-07-21,24.6,26.1,26.6,28.9,29.2
2018-07-22,24.8,26.5,26.7,29.0,28.9
2018-07-23,24.6,26.2,26.6,28.8,28.8
2018-07-24,24.4,25.7,26.4,28.7,28.8
2018-07-25,24.5,26.1,26.5,,28.9
2018-07-26,24.7,26.4,26.5,,29.1
2018-07-27,24.9,26.6,26.8,29.0,28.7
2018-07-28,24.8,26.6,27.1,29.0,29.1
2018-07-29,24.6,26.2,27.2,28.9,29.0
2018-07-30,24.2,26.3,27.2,28.9,28.9
2018-07-31,24.6,26.4,27.2,28.8,28.9
2018-08-01,24.5,26.3,27.0,28.7,29.1
2018-08-02,24.3,26.0,26.7,28.8,28.9
2018-08-03,23.7,25.7,26.3,28.7,28.6
2018-08-04,22.9,25.6,26.0,28.7,27.9
2018-08-05,22.2,25.3,25.9,28.9,28.1
2018-08-06,22.2,25.2,25.9,28.9,29.0
2018-08-07,22.6,25.2,25.8,28.8,29.3
2018-08-08,22.8,25.1,26.0,28.9,29.4
2018-08-09,22.7,25.2,25.6,29.0,29.7
2018-08-10,22.6,25.0,25.5,29.0,29.8
2018-08-11,23.0,24.9,25.7,29.3,29.8
2018-08-12,22.8,24.8,25.7,29.4,29.9
2018-08-13,22.5,24.5,25.6,29.1,29.8
2018-08-14,22.8,24.7,25.5,29.3,29.6
2018-08-15,22.9,24.4,25.4,29.3,29.7
2018-08-16,22.9,24.2,25.4,29.4,29.6
2018-08-17,23.0,24.4,25.4,29.3,29.5
2018-08-18,23.3,24.5,25.4,29.2,29.6
2018-08-19,23.2,24.5,25.4,29.3,29.4
2018-08-20,23.0,24.2,25.4,29.3,29.0
2018-08-21,23.3,24.6,25.3,29.2,28.8
2018-08-22,24.1,24.6,25.3,29.1,28.8
2018-08-23,23.4,24.2,25.2,29.0,29.0
2018-08-24,22.7,24.0,24.9,28.7,28.5
2018-08-25,22.8,24.2,24.7,28.6,28.1
2018-08-26,22.8,24.2,24.7,28.7,
2018-08-27,23.0,24.3,24.9,28.8,28.3
2018-08-28,23.4,24.4,25.1,28.8,28.5
2018-08-29,23.7,24.5,25.2,28.7,28.7
2018-08-30,23.8,24.5,25.5,28.7,29.2
2018-08-31,24.0,24.6,25.6,28.6,29.5
2018-09-01,24.0,24.6,25.7,28.7,29.5
2018-09-02,23.9,24.6,25.9,28.8,29.7
2018-09-03,24.2,24.7,26.0,29.1,29.8
2018-09-04,24.3,24.9,26.1,29.1,29.8
2018-09-05,24.4,24.9,26.2,29.1,29.8
2018-09-06,24.7,25.0,26.3,29.1,29.8
2018-09-07,24.9,25.2,26.4,29.1,29.7
2018-09-08,24.7,25.2,26.4,29.1,29.8
2018-09-09,24.6,25.0,26.4,29.0,29.3
2018-09-10,24.4,24.5,26.2,29.1,29.5
2018-09-11,24.7,24.9,25.7,29.2,29.1
2018-09-12,24.3,24.8,25.6,29.2,29.1
2018-09-13,24.0,24.8,25.7,29.3,29.1
2018-09-14,23.8,24.7,25.6,28.9,28.2
2018-09-15,23.6,24.5,25.1,28.1,26.9
2018-09-16,23.3,24.3,24.5,27.4,26.0
2018-09-17,23.3,24.8,24.0,27.2,24.8
2018-09-18,22.4,24.8,24.4,27.1,24.5
2018-09-19,22.1,24.6,24.8,26.9,24.9
2018-09-20,21.9,24.4,24.9,26.8,25.6
2018-09-21,21.9,24.1,25.0,26.6,26.4
2018-09-22,22.3,23.9,24.9,26.4,26.8
2018-09-23,22.3,23.5,24.8,26.3,27.2
2018-09-24,22.2,23.0,24.3,26.1,27.4
2018-09-25,22.6,23.2,23.6,26.4,27.0
2018-09-26,22.2,23.5,23.5,26.6,26.7
2018-09-27,21.9,23.4,23.6,26.6,26.5
2018-09-28,22.1,23.4,23.7,26.5,26.5
2018-09-29,22.2,23.2,23.8,26.5,26.6
2018-09-30,22.2,23.1,23.8,26.5,26.4
2018-10-01,22.5,23.2,23.6,26.5,26.5
2018-10-02,22.4,23.4,23.6,26.5,26.3
2018-10-03,22.7,23.4,23.7,26.6,26.2
2018-10-04,22.9,23.4,23.8,26.7,26.3
2018-10-05,23.1,23.5,23.9,26.7,26.5
2018-10-06,22.9,23.3,24.0,26.8,26.9
2018-10-07,22.9,23.4,24.0,26.8,27.3
2018-10-08,23.0,23.4,24.0,26.8,27.4
2018-10-09,22.8,23.3,23.9,26.7,27.2
2018-10-10,22.8,23.2,23.7,26.7,26.6
2018-10-11,22.7,23.2,23.5,26.6,26.2
2018-10-12,21.2,23.5,22.9,26.2,25.2
2018-10-13,20.3,23.1,23.0,25.9,24.4
2018-10-14,19.9,22.3,22.7,25.4,24.6
2018-10-15,19.6,21.8,22.1,24.7,24.7
2018-10-16,19.4,21.4,21.9,24.2,24.9
2018-10-17,19.6,21.2,21.7,24.0,24.7
2018-10-18,19.6,20.7,21.3,23.6,23.7
2018-10-19,19.4,20.5,20.7,23.1,22.5
2018-10-20,19.3,20.3,20.3,22.8,22.3
2018-10-21,19.0,20.1,19.9,22.1,21.7
2018-10-22,18.5,19.8,19.4,21.7,20.3
2018-10-23,17.9,19.6,19.1,21.3,19.8
2018-10-24,17.6,19.3,19.0,21.1,19.6
2018-10-25,17.1,18.9,18.7,20.8,19.2
2018-10-26,16.7,18.5,18.2,20.2,18.7
2018-10-27,16.3,18.3,17.3,19.6,17.8
2018-10-28,15.6,17.9,17.0,19.2,16.8
2018-10-29,15.0,17.6,17.1,18.9,17.2
2018-10-30,14.9,17.2,17.1,18.5,17.8
2018-10-31,14.7,17.1,16.9,18.0,17.9
2018-11-01,14.6,16.9,16.8,17.6,18.1
2018-11-02,14.7,16.9,16.9,17.4,18.3
2018-11-03,14.5,16.6,16.9,17.2,18.3
2018-11-04,14.5,16.3,16.7,17.1,17.4
2018-11-05,14.3,16.2,16.3,17.2,16.9
2018-11-06,14.2,16.1,16.3,17.3,17.0
2018-11-07,14.1,15.9,16.2,17.3,17.5
2018-11-08,14.0,15.7,16.1,17.2,17.9
2018-11-09,13.8,15.4,16.0,17.0,17.7
2018-11-10,13.7,15.4,15.6,16.9,17.4
2018-11-11,13.5,15.1,14.9,16.5,16.5
2018-11-12,13.2,14.9,14.4,16.1,15.3
2018-11-13,12.9,14.7,13.7,15.7,13.9
2018-11-14,12.3,14.4,13.4,15.3,12.8
2018-11-15,11.3,13.9,13.2,14.6,13.1
2018-11-16,10.6,13.4,12.6,13.8,11.6
2018-11-17,10.2,12.8,12.7,12.8,11.8
2018-11-18,9.9,12.2,12.7,12.0,12.6
2018-11-19,10.3,11.9,12.4,11.8,12.6
2018-11-20,10.7,11.8,12.2,11.7,12.8
2018-11-21,10.8,11.6,12.0,11.8,12.5
2018-11-22,10.7,11.2,11.7,11.6,12.0
2018-11-23,10.6,10.8,11.3,11.4,11.6
2018-11-24,10.4,10.6,10.8,11.2,10.8
2018-11-25,10.4,10.7,10.3,11.4,10.6
2018-11-26,10.1,10.7,10.3,11.5,10.8
2018-11-27,9.6,10.5,10.3,11.4,11.1
2018-11-28,9.0,10.2,9.9,11.2,10.8
2018-11-29,8.7,10.0,9.5,11.2,10.1
2018-11-30,8.9,9.9,9.5,11.3,10.3
2019-03-28,,,,,13.7
2019-03-29,,,,,13.4
2019-03-30,,,,,14.1
2019-03-31,,,,,15.4
2019-04-01,12.4,11.9,12.3,13.7,15.3
2019-04-02,12.0,11.4,12.2,13.5,14.6
2019-04-03,12.2,11.9,12.1,13.7,13.5
2019-04-04,12.5,12.0,12.2,13.8,13.0
2019-04-05,12.1,12.0,12.5,13.7,14.1
2019-04-06,12.3,12.1,12.7,14.1,15.2
2019-04-07,12.6,12.2,12.9,14.5,15.1
2019-04-08,13.1,12.8,13.1,14.7,15.8
2019-04-09,13.9,12.8,13.4,14.8,17.2
2019-04-10,14.0,12.8,13.8,15.1,17.7
2019-04-11,14.0,12.9,13.9,15.5,17.4
2019-04-12,14.3,13.0,14.1,15.4,17.7
2019-04-13,15.1,13.4,14.2,15.9,18.0
2019-04-14,15.0,13.7,14.3,16.5,18.2
2019-04-15,16.7,14.6,15.0,17.2,18.3
2019-04-16,16.2,14.5,15.0,18.0,17.7
2019-04-17,15.4,14.9,15.1,18.0,18.1
2019-04-18,15.0,15.3,15.3,18.2,18.8
2019-04-19,14.5,15.6,15.7,18.2,19.3
2019-04-20,14.8,16.2,16.1,18.4,18.4
2019-04-21,15.1,15.9,16.1,18.3,17.5
2019-04-22,14.2,15.8,16.1,18.5,18.0
2019-04-23,13.3,15.8,16.2,18.6,18.4
2019-04-24,14.0,15.9,16.6,18.4,19.5
2019-04-25,14.3,15.9,16.8,18.0,20.2
2019-04-26,15.0,16.5,16.9,17.7,20.3
2019-04-27,15.3,16.4,16.9,17.9,19.6
2019-04-28,15.3,16.1,17.0,18.0,19.2
2019-04-29,15.5,15.7,17.2,18.0,20.0
2019-04-30,15.3,16.2,16.9,18.9,21.0
2019-05-01,16.2,16.9,17.1,19.1,20.9
2019-05-02,16.4,17.0,17.4,19.2,21.2
2019-05-03,17.1,17.2,17.9,19.2,21.7
2019-05-04,17.1,16.9,18.3,19.3,21.7
2019-05-05,17.8,17.2,18.3,19.4,22.3
2019-05-06,18.2,17.2,18.5,19.8,22.8
2019-05-07,17.8,17.7,18.4,20.5,22.4
2019-05-08,18.1,17.6,18.6,20.7,22.5
2019-05-09,18.0,18.3,18.7,20.7,22.7
2019-05-10,17.9,18.3,19.0,20.6,22.3
2019-05-11,18.6,18.5,19.2,21.1,21.9
2019-05-12,18.9,18.5,19.0,21.0,22.1
2019-05-13,20.2,19.0,19.5,21.7,21.6
2019-05-14,19.9,18.9,19.5,22.4,21.9
2019-05-15,19.0,18.9,19.3,22.3,21.9
2019-05-16,18.8,19.8,19.3,22.3,22.0
2019-05-17,18.6,19.7,19.5,22.2,22.5
2019-05-18,18.7,19.8,20.0,22.2,23.3
2019-05-19,18.5,20.1,20.3,22.1,23.7
2019-05-20,19.4,21.9,20.9,22.1,
2019-05-21,19.9,21.3,21.2,22.4,
2019-05-22,19.2,20.4,21.5,22.5,
2019-05-23,19.3,21.2,21.5,23.0,25.9
2019-05-24,20.1,21.6,22.0,22.9,26.7
2019-05-25,20.6,21.6,22.4,22.9,26.8
2019-05-26,21.3,21.8,22.7,23.2,27.1
2019-05-27,22.0,22.0,22.9,23.4,
2019-05-28,22.2,23.5,23.0,24.3,27.4
2019-05-29,22.6,24.1,23.4,24.5,27.7
2019-05-30,22.9,24.3,23.5,24.5,27.4
2019-05-31,22.9,24.2,23.8,24.2,27.4
2019-06-01,22.2,23.3,23.7,24.9,27.5
2019-06-02,22.4,23.4,23.7,24.7,27.4
2019-06-03,22.6,23.7,23.8,25.2,27.5
2019-06-04,22.2,23.1,23.8,25.4,27.2
2019-06-05,22.3,23.3,23.6,25.1,26.7
2019-06-06,22.5,22.7,23.4,25.3,26.7
2019-06-07,21.9,21.9,23.2,25.2,26.4
2019-06-08,20.9,22.0,22.6,25.5,26.0
2019-06-09,20.6,22.7,22.0,25.9,26.1
2019-06-10,19.5,21.9,22.3,26.2,26.2
2019-06-11,18.9,21.2,21.9,25.4,26.2
2019-06-12,19.8,20.5,21.3,24.5,25.3
2019-06-13,20.4,20.6,20.9,24.1,23.9
2019-06-14,20.6,20.5,20.8,23.7,24.0
2019-06-15,19.8,20.6,20.8,23.7,24.0
2019-06-16,19.5,20.8,21.0,23.7,24.4
2019-06-17,19.8,,21.3,24.0,25.0
2019-06-18,20.6,21.1,21.7,24.2,25.2
2019-06-19,20.7,21.1,21.8,24.6,25.7
2019-06-20,20.8,21.6,22.0,25.0,25.9
2019-06-21,21.5,21.8,22.3,25.5,26.2
2019-06-22,21.0,21.6,22.4,25.9,26.3
2019-06-23,20.7,21.5,22.4,26.0,26.3
2019-06-24,20.7,21.9,22.3,26.1,26.4
2019-06-25,21.7,,22.8,26.2,26.3
2019-06-26,21.7,,22.9,26.4,26.5
2019-06-27,21.7,,23.1,26.4,27.3
2019-06-28,22.0,,23.4,26.6,27.3
2019-06-29,22.5,,23.7,26.5,28.2
2019-06-30,22.7,,24.0,26.8,29.0
2019-07-01,23.1,,24.3,27.2,29.5
2019-07-02,23.3,,24.6,27.6,29.2
2019-07-03,23.7,,24.7,27.8,29.3
2019-07-04,24.2,,25.1,27.4,29.2
2019-07-05,23.9,,25.0,27.5,29.6
2019-07-06,23.9,,25.1,27.6,29.1
2019-07-07,24.2,,25.4,27.8,29.1
2019-07-08,24.3,,26.4,28.3,29.2
2019-07-09,24.1,,24.9,28.1,29.2
2019-07-10,24.1,,24.9,28.4,29.1
2019-07-11,24.3,25.0,25.0,28.4,29.0
2019-07-12,24.4,24.9,25.0,28.4,29.1
2019-07-13,24.2,24.2,25.0,28.7,29.5
2019-07-14,24.3,24.3,25.0,29.1,29.4
2019-07-15,24.2,24.4,25.0,29.0,29.4
2019-07-16,24.4,24.6,25.0,29.3,29.4
2019-07-17,24.8,25.0,25.1,29.4,29.5
2019-07-18,25.5,27.0,25.3,29.4,29.9
2019-07-19,25.4,27.0,25.4,29.3,29.9
2019-07-20,24.7,26.9,25.7,29.4,30.0
2019-07-21,25.0,26.9,25.8,29.4,30.3
2019-07-22,25.2,26.8,26.0,29.4,30.7
2019-07-23,24.9,25.3,26.1,29.3,30.2
2019-07-24,24.8,25.0,26.0,29.3,29.8
2019-07-25,24.6,25.1,25.5,29.2,29.2
2019-07-26,24.3,25.2,25.3,29.1,28.9
2019-07-27,24.3,25.9,25.4,29.1,28.5
2019-07-28,24.4,26.1,25.6,29.2,28.2
2019-07-29,24.4,26.4,25.7,29.2,28.1
2019-07-30,24.5,26.3,25.8,29.1,
2019-07-31,24.7,26.0,26.1,29.0,
2019-08-01,24.4,25.6,26.4,29.0,28.9
2019-08-02,24.4,25.8,26.1,29.0,29.2
2019-08-03,24.2,26.1,26.3,29.2,29.0
2019-08-04,24.0,26.1,26.4,29.2,28.6
2019-08-05,23.9,26.3,26.4,29.0,28.5
2019-08-06,24.0,26.5,26.4,29.1,28.4
2019-08-07,24.2,26.6,26.6,29.1,28.3
2019-08-08,24.7,26.8,26.8,29.2,28.7
2019-08-09,24.6,26.8,26.9,29.3,29.0
2019-08-10,24.3,26.6,27.0,29.3,29.3
2019-08-11,24.1,26.2,27.0,29.4,29.6
2019-08-12,24.3,26.5,26.8,29.6,29.7
2019-08-13,25.1,27.0,27.2,29.5,29.5
2019-08-14,25.2,27.2,27.3,29.5,29.7
2019-08-15,25.1,27.1,27.4,29.6,29.9
2019-08-16,25.2,26.8,27.6,29.6,29.9
2019-08-17,25.3,26.7,27.8,29.5,30.0
2019-08-18,25.3,26.8,27.8,29.7,30.0
2019-08-19,25.6,27.5,27.6,29.7,30.0
2019-08-20,25.5,27.6,27.6,29.6,29.7
2019-08-21,25.3,27.3,27.6,29.6,29.8
2019-08-22,25.7,26.7,27.4,29.6,29.6
2019-08-23,25.3,26.4,27.0,29.6,29.4
2019-08-24,24.5,26.0,26.8,29.4,29.1
2019-08-25,24.1,25.7,26.1,29.0,27.5
2019-08-26,23.9,25.7,25.8,28.7,26.1
2019-08-27,23.6,25.8,25.6,28.4,25.9
2019-08-28,23.5,25.7,25.6,28.3,26.4
2019-08-29,23.6,25.7,25.7,28.2,26.6
2019-08-30,23.4,25.8,25.7,28.3,26.9
2019-08-31,23.4,25.8,25.9,28.1,27.2
2019-09-01,23.2,25.6,26.1,27.8,27.5
2019-09-02,23.4,25.7,26.2,27.8,27.8
2019-09-03,23.8,26.0,26.4,28.1,28.0
2019-09-04,23.8,26.2,26.6,28.0,28.0
2019-09-05,23.9,26.0,26.7,27.7,27.9
2019-09-06,24.1,26.0,26.8,27.9,27.4
2019-09-07,24.6,26.5,26.8,28.0,26.8
2019-09-08,24.4,26.5,26.7,28.1,27.0
2019-09-09,24.3,26.5,26.7,28.2,27.3
2019-09-10,24.3,26.3,26.8,28.2,27.5
2019-09-11,24.4,26.6,26.9,28.1,27.7
2019-09-12,24.8,27.2,27.1,28.3,28.1
2019-09-13,24.7,26.7,27.2,28.1,28.4
2019-09-14,24.6,26.2,27.1,27.9,28.3
2019-09-15,24.8,26.4,27.1,28.2,28.6
2019-09-16,24.6,26.8,27.2,28.5,28.8
2019-09-17,24.9,26.8,27.1,28.5,28.7
2019-09-18,24.3,26.1,26.8,27.9,28.2
2019-09-19,23.8,25.6,26.5,27.6,27.7
2019-09-20,23.8,25.6,26.0,27.5,26.9
2019-09-21,23.9,25.8,25.6,27.4,26.1
2019-09-22,23.9,25.9,25.6,27.4,25.7
2019-09-23,23.9,26.1,25.7,27.4,25.6
2019-09-24,24.0,26.1,26.0,27.4,25.8
2019-09-25,23.8,,25.9,27.3,26.0
2019-09-26,23.9,,25.8,27.4,26.1
2019-09-27,24.1,,25.9,27.5,26.2
2019-09-28,23.7,25.7,25.8,27.4,26.3
2019-09-29,24.0,25.9,25.9,27.5,26.7
2019-09-30,24.3,25.8,26.1,27.5,27.3
2019-10-01,23.9,25.8,26.2,27.5,27.5
2019-10-02,24.3,26.1,26.3,27.7,27.5
2019-10-03,24.7,26.5,26.4,27.6,27.8
2019-10-04,24.7,26.5,26.4,27.7,27.9
2019-10-05,23.8,25.1,26.1,27.0,27.4
2019-10-06,23.3,24.8,25.5,26.8,26.7
2019-10-07,23.5,25.1,25.1,26.8,25.8
2019-10-08,23.0,24.9,24.8,26.5,25.5
2019-10-09,22.8,24.6,24.5,26.1,25.1
2019-10-10,22.6,24.4,24.3,25.8,24.5
2019-10-11,22.3,24.3,24.1,25.6,24.0
2019-10-12,22.2,24.3,23.9,25.5,23.5
2019-10-13,21.9,24.0,23.7,25.3,23.2
2019-10-14,21.7,23.8,23.5,25.0,23.4
2019-10-15,21.4,23.6,23.2,24.7,23.2
2019-10-16,21.2,23.4,22.9,24.4,22.9
2019-10-17,20.7,22.8,22.4,23.7,22.7
2019-10-18,20.8,22.6,21.9,23.3,21.9
2019-10-19,20.0,22.2,21.3,22.8,20.9
2019-10-20,19.3,22.0,21.0,22.5,20.4
2019-10-21,18.9,21.6,20.8,22.3,19.5
2019-10-22,18.4,21.5,20.8,22.1,19.5
2019-10-23,18.1,21.1,20.7,21.7,19.8
2019-10-24,17.9,20.8,20.4,21.4,20.0
2019-10-25,17.5,20.6,20.1,21.3,19.7
2019-10-26,17.4,20.3,20.0,21.1,19.6
2019-10-27,17.3,20.2,20.0,21.0,19.9
2019-10-28,17.6,19.9,20.2,21.0,20.1
2019-10-29,17.3,19.7,20.1,20.8,20.4
2019-10-30,17.4,19.3,19.9,20.7,20.5
2019-10-31,17.6,19.3,19.5,20.8,20.9
2019-11-01,17.6,19.1,19.1,20.3,20.9
2019-11-02,17.2,18.8,18.5,20.1,20.4
2019-11-03,16.7,18.4,18.1,19.8,19.3
2019-11-04,15.7,18.1,17.7,19.6,18.0
2019-11-05,15.1,17.9,17.4,19.4,17.6
2019-11-06,14.7,17.6,17.3,19.3,17.6
2019-11-07,14.4,17.4,17.2,19.1,17.4
2019-11-08,14.4,17.0,16.9,18.7,17.6
2019-11-09,14.1,16.6,16.5,18.1,16.9
2019-11-10,13.9,16.3,15.9,17.7,16.0
2019-11-11,13.9,16.3,15.6,17.4,15.3
2019-11-12,13.5,16.0,15.4,17.0,15.3
2019-11-13,13.1,15.3,14.9,16.1,14.4
2019-11-14,12.5,14.9,14.2,15.6,13.7
2019-11-15,12.4,14.7,13.6,15.2,12.7
2019-11-16,12.0,14.5,13.4,14.7,11.6
2019-11-17,11.1,14.1,13.2,14.3,11.1
2019-11-18,11.1,13.9,13.0,14.0,11.4
2019-11-19,11.0,13.7,12.9,13.8,11.5
2019-11-20,10.9,13.6,12.9,13.5,11.7
2019-11-21,11.1,13.5,12.8,13.4,11.9
2019-11-22,10.9,13.4,12.8,13.4,11.9
2019-11-23,10.6,13.0,12.7,13.3,12.4
2019-11-24,10.6,12.8,12.6,13.2,12.9
2019-11-25,10.7,12.7,12.4,13.1,13.2
2019-11-26,10.5,12.6,12.2,13.0,13.1
2019-11-27,10.5,12.6,12.2,13.0,13.0
2019-11-28,10.5,12.5,12.1,12.8,13.0
2019-11-29,10.8,12.3,12.1,12.8,13.1
2019-11-30,10.8,12.2,12.0,12.8,13.0
2020-04-01,14.2,14.1,14.2,16.5,18.1
2020-04-02,14.2,14.5,14.0,16.6,17.1
2020-04-03,14.2,14.7,14.0,16.7,16.7
2020-04-04,14.1,14.7,14.1,16.8,17.0
2020-04-05,13.7,14.7,14.4,16.6,17.0
2020-04-06,13.7,15.0,14.8,16.7,17.4
2020-04-07,14.6,15.7,15.0,16.8,18.4
2020-04-08,15.5,16.1,15.5,17.2,19.2
2020-04-09,16.5,16.4,16.2,17.5,20.0
2020-04-10,16.3,16.2,16.3,18.5,20.5
2020-04-11,15.7,15.9,16.0,18.2,18.6
2020-04-12,15.0,15.7,15.9,17.6,18.4
2020-04-13,15.3,16.1,16.1,17.9,18.8
2020-04-14,14.6,15.9,16.3,18.1,19.6
2020-04-15,14.4,15.7,16.3,18.2,20.0
2020-04-16,14.8,16.0,16.2,18.4,19.3
2020-04-17,14.7,16.2,16.0,18.6,18.7
2020-04-18,14.9,16.2,16.3,18.6,19.0
2020-04-19,14.3,16.0,16.3,18.5,19.1
2020-04-20,13.8,15.9,16.2,18.5,18.8
2020-04-21,14.4,16.3,16.3,18.7,18.5
2020-04-22,14.5,16.4,16.3,18.6,18.7
2020-04-23,13.9,16.2,16.3,18.5,18.7
2020-04-24,14.2,16.3,16.4,18.6,19.0
2020-04-25,14.5,16.2,16.6,18.6,19.3
2020-04-26,14.5,16.3,16.7,18.7,19.5
2020-04-27,15.1,16.5,16.8,18.8,20.1
2020-04-28,14.9,16.3,16.7,18.9,19.6
2020-04-29,14.7,16.3,16.7,18.8,19.8
2020-04-30,15.1,16.4,16.8,18.7,20.2
2020-05-01,15.3,16.5,16.7,18.8,18.6
2020-05-02,14.8,16.4,16.6,19.0,18.3
2020-05-03,14.3,16.5,16.9,19.2,19.2
2020-05-04,15.8,16.8,17.5,19.2,21.0
2020-05-05,15.7,16.4,17.6,19.2,
2020-05-06,16.2,16.7,17.5,19.7,
2020-05-07,16.4,16.9,17.2,20.1,20.1
2020-05-08,16.1,17.0,16.9,19.6,19.6
2020-05-09,15.9,16.8,16.8,19.3,19.3
2020-05-10,15.8,16.9,16.5,19.2,18.9
2020-05-11,15.7,17.3,16.9,19.1,19.0
2020-05-12,15.7,17.0,16.8,19.2,19.3
2020-05-13,15.4,16.8,16.7,19.2,19.4
2020-05-14,15.1,16.9,16.9,19.4,19.5
2020-05-15,15.3,17.2,17.2,19.3,19.9
2020-05-16,15.6,17.6,18.0,19.3,20.6
2020-05-17,16.2,17.5,18.5,19.3,21.9
2020-05-18,17.1,16.8,18.5,20.0,23.0
2020-05-19,17.0,16.4,18.2,20.0,22.6
2020-05-20,17.3,16.5,17.1,20.6,20.4
2020-05-21,15.2,17.2,16.2,20.6,18.9
2020-05-22,14.1,17.4,17.3,20.6,18.8
2020-05-23,14.9,16.6,17.6,20.6,20.7
2020-05-24,15.9,15.9,17.4,20.5,21.9
2020-05-25,16.7,15.6,17.0,20.4,22.1
2020-05-26,16.9,15.8,16.6,20.5,21.8
2020-05-27,17.0,16.0,16.5,20.7,21.4
2020-05-28,17.1,16.6,16.6,21.3,21.2
2020-05-29,17.0,17.1,17.0,21.2,21.7
2020-05-30,18.0,17.7,17.6,21.4,22.0
2020-05-31,17.9,17.5,18.1,21.9,22.7
2020-06-01,18.0,17.6,18.4,22.2,22.8
2020-06-02,18.7,18.3,18.5,22.4,23.1
2020-06-03,19.5,18.8,19.0,22.5,23.4
2020-06-04,19.6,19.5,19.4,22.6,24.2
2020-06-05,19.8,19.7,19.9,22.5,24.7
2020-06-06,20.4,19.8,20.4,23.1,24.8
2020-06-07,20.4,19.7,20.7,23.5,24.9
2020-06-08,20.1,19.7,20.9,23.7,25.7
2020-06-09,20.4,20.2,20.9,23.7,26.1
2020-06-10,20.7,22.0,21.3,23.7,26.2
2020-06-11,21.5,22.1,21.8,23.7,26.8
2020-06-12,21.9,20.5,22.1,24.5,27.4
2020-06-13,21.5,21.3,22.1,25.2,27.2
2020-06-14,21.8,21.4,22.1,25.1,26.6
2020-06-15,21.6,21.9,22.1,24.8,26.2
2020-06-16,21.0,20.9,21.5,24.8,25.0
2020-06-17,20.8,21.3,20.9,24.6,23.5
2020-06-18,20.3,21.6,20.8,24.4,22.7
2020-06-19,19.9,21.3,21.1,24.4,23.1
2020-06-20,20.0,21.0,21.4,24.5,24.5
2020-06-21,20.0,21.0,21.7,24.3,25.5
2020-06-22,21.0,22.1,22.0,24.6,26.6
2020-06-23,21.0,22.8,22.5,24.3,26.7
2020-06-24,21.5,22.8,23.0,24.2,26.1
2020-06-25,21.5,22.8,23.3,24.6,25.9
2020-06-26,22.0,22.4,23.5,24.6,25.8
2020-06-27,22.5,22.9,23.9,24.8,26.0
2020-06-28,22.5,22.9,23.8,24.9,26.3
2020-06-29,22.7,24.3,23.8,24.9,27.1
2020-06-30,22.4,23.8,24.0,25.1,27.3
2020-07-01,22.5,23.8,24.3,25.3,27.6
2020-07-02,22.4,22.9,24.5,25.4,28.0
2020-07-03,22.5,22.8,24.6,25.9,28.5
2020-07-04,23.0,23.5,24.6,25.8,28.4
2020-07-05,23.2,23.8,24.7,26.0,28.6
2020-07-06,23.1,24.6,24.9,25.9,28.9
2020-07-07,23.0,24.3,25.1,26.0,28.8
2020-07-08,23.1,24.1,25.2,26.5,28.4
2020-07-09,23.1,23.6,25.3,27.1,28.2
2020-07-10,23.7,23.9,25.5,27.2,28.1
2020-07-11,24.4,24.5,25.6,27.0,28.5
2020-07-12,24.1,24.9,25.4,27.3,28.9
2020-07-13,24.0,26.2,25.5,27.2,29.1
2020-07-14,24.3,25.7,26.0,27.5,29.3
2020-07-15,24.3,25.6,26.1,27.9,29.6
2020-07-16,24.4,25.8,26.2,27.7,29.9
2020-07-17,24.7,26.2,26.5,27.8,30.2
2020-07-18,24.7,26.5,26.9,27.9,30.2
2020-07-19,24.6,26.4,27.1,28.1,30.3
2020-07-20,25.1,26.8,27.3,28.3,30.4
2020-07-21,24.9,26.7,27.4,28.3,30.2
2020-07-22,25.3,26.9,27.5,28.6,30.2
2020-07-23,25.0,25.8,27.7,28.7,30.2
2020-07-24,24.7,24.9,27.6,28.7,
2020-07-25,24.7,24.8,26.9,28.9,
2020-07-26,24.5,25.1,26.7,29.1,29.5
2020-07-27,24.5,26.7,26.7,29.2,29.5
2020-07-28,24.8,26.8,26.8,29.4,29.8
2020-07-29,24.7,26.3,27.3,29.3,30.2
2020-07-30,24.5,25.8,27.2,29.3,30.0
2020-07-31,24.6,26.0,27.2,29.6,30.2
2020-08-01,24.7,26.0,27.2,29.7,30.1
2020-08-02,24.7,26.1,27.1,29.6,30.2
2020-08-03,25.0,26.4,27.1,29.6,30.5
2020-08-04,24.6,26.0,26.8,30.0,30.0
2020-08-05,23.5,25.7,26.6,29.8,
2020-08-06,22.9,25.9,26.6,29.8,
2020-08-07,22.8,25.5,26.3,29.8,29.7
2020-08-08,22.9,25.8,26.2,30.1,29.9
2020-08-09,23.0,25.8,26.3,30.3,29.9
2020-08-10,23.3,25.8,26.5,30.0,30.1
2020-08-11,23.5,25.9,26.6,29.3,30.1
2020-08-12,23.4,26.0,26.7,29.5,30.0
2020-08-13,23.4,25.4,26.6,29.7,30.1
2020-08-14,23.3,25.3,26.4,29.7,29.6
2020-08-15,23.3,25.0,25.7,29.5,29.6
2020-08-16,23.0,25.0,25.0,29.4,29.5
2020-08-17,22.9,24.9,25.0,29.4,28.5
2020-08-18,23.0,25.0,25.1,29.3,28.8
2020-08-19,22.9,25.0,25.2,29.0,29.2
2020-08-20,22.6,24.8,25.3,28.7,29.3
2020-08-21,22.5,24.5,25.1,28.2,28.9
2020-08-22,22.6,24.4,24.6,28.3,27.9
2020-08-23,22.2,24.6,24.7,28.2,27.2
2020-08-24,22.2,24.8,24.9,27.9,28.0
2020-08-25,22.5,25.0,24.9,27.8,28.0
2020-08-26,22.7,24.9,25.1,27.9,28.2
2020-08-27,22.7,24.6,25.3,27.9,28.4
2020-08-28,22.7,24.4,25.4,27.8,28.9
2020-08-29,23.5,25.1,25.5,27.7,29.2
2020-08-30,23.6,25.4,25.7,27.8,29.3
2020-08-31,23.1,24.9,25.6,27.9,29.1
2020-09-01,23.1,24.8,25.4,28.1,29.0
2020-09-02,23.3,24.7,25.3,28.4,29.0
2020-09-03,24.1,24.8,25.5,28.7,29.2
2020-09-04,24.5,25.0,25.7,28.8,29.5
2020-09-05,24.2,24.9,25.8,28.8,29.6
2020-09-06,23.7,24.8,25.6,28.7,28.7
2020-09-07,24.0,24.9,25.4,28.2,28.1
2020-09-08,23.9,25.3,25.3,28.0,27.8
2020-09-09,23.7,24.8,25.3,27.8,27.6
2020-09-10,23.8,24.8,25.3,27.8,27.4
2020-09-11,23.9,25.0,25.3,27.8,27.6
2020-09-12,23.6,24.6,25.4,27.6,27.6
2020-09-13,23.6,24.5,25.2,27.5,27.8
2020-09-14,23.9,24.7,25.0,27.7,28.2
2020-09-15,22.9,24.3,24.9,27.5,28.0
2020-09-16,22.7,24.2,24.5,27.1,26.8
2020-09-17,22.6,24.1,24.1,26.7,26.0
2020-09-18,22.2,23.8,23.7,26.2,25.5
2020-09-19,21.2,23.5,23.4,25.8,24.6
2020-09-20,20.6,23.0,23.1,25.0,23.1
2020-09-21,20.5,22.8,22.6,24.4,22.5
2020-09-22,20.2,22.5,22.3,24.1,22.6
2020-09-23,20.1,22.2,22.1,23.8,22.4
2020-09-24,20.0,21.9,22.1,23.4,22.8
2020-09-25,19.7,21.5,21.7,22.9,23.1
2020-09-26,19.7,21.3,21.2,22.8,22.6
2020-09-27,19.6,21.2,21.3,22.8,21.7
2020-09-28,19.5,21.1,21.4,22.5,22.2
2020-09-29,19.9,21.2,21.6,22.3,23.1
2020-09-30,20.5,21.1,21.3,22.3,22.9
2020-10-01,20.5,20.9,21.0,22.2,22.3
2020-10-02,20.1,20.9,21.0,22.0,22.4
2020-10-03,19.7,20.6,20.9,21.9,21.9
2020-10-04,19.4,20.5,20.6,21.7,21.4
2020-10-05,19.2,20.5,20.4,21.6,21.0
2020-10-06,18.8,20.5,20.3,21.6,20.9
2020-10-07,18.9,20.6,20.4,21.7,21.1
2020-10-08,19.2,20.7,20.5,21.8,21.7
2020-10-09,19.1,20.5,20.7,21.7,22.2
2020-10-10,19.2,20.2,20.5,21.8,22.0
2020-10-11,19.0,19.9,20.2,21.7,22.1
2020-10-12,18.9,20.0,19.6,21.8,22.1
2020-10-13,18.6,19.8,19.8,21.8,21.9
2020-10-14,18.6,19.7,19.9,21.7,22.0
2020-10-15,18.6,19.6,19.7,21.7,21.9
2020-10-16,18.6,19.4,19.7,21.6,22.2
2020-10-17,18.4,19.2,19.4,21.4,21.7
2020-10-18,18.1,19.0,18.9,21.1,20.7
2020-10-19,17.8,18.9,18.7,20.9,20.3
2020-10-20,17.4,18.9,18.6,20.9,20.6
2020-10-21,17.3,18.8,18.7,20.9,21.0
2020-10-22,17.5,18.7,18.9,20.9,21.5
2020-10-23,17.9,18.7,19.0,21.0,21.6
2020-10-24,18.2,18.7,19.1,21.0,21.7
2020-10-25,18.3,18.4,19.1,20.8,21.9
2020-10-26,18.3,18.2,18.7,20.9,21.2
2020-10-27,18.5,18.4,18.4,21.0,20.7
2020-10-28,18.4,18.5,18.4,20.9,20.8
2020-10-29,18.5,18.8,18.5,21.0,21.0
2020-10-30,18.6,18.8,18.9,21.0,21.3
2020-10-31,18.4,18.5,18.5,20.6,20.2
2020-11-01,17.9,18.4,18.1,20.4,19.2
2020-11-02,16.9,18.0,17.7,19.7,18.7
2020-11-03,15.9,17.7,17.3,19.3,17.7
2020-11-04,15.2,17.4,17.0,19.0,17.5
2020-11-05,14.7,17.1,16.8,18.7,17.9
2020-11-06,14.7,16.9,16.8,18.5,18.3
2020-11-07,14.7,16.6,16.8,18.2,18.7
2020-11-08,14.7,16.3,16.8,18.1,18.9
2020-11-09,14.8,16.0,16.7,18.1,19.0
2020-11-10,15.3,15.8,16.6,18.2,19.1
2020-11-11,15.9,15.8,16.5,18.3,19.3
2020-11-12,16.5,,16.7,18.4,19.8
2020-11-13,17.5,,16.7,19.3,19.4
2020-11-14,17.5,,16.7,19.7,19.4
2020-11-15,17.2,,16.7,19.4,19.4
2020-11-16,16.5,,16.5,18.9,19.1
2020-11-17,15.7,,16.2,18.5,18.1
2020-11-18,15.0,,15.7,18.0,17.2
2020-11-19,14.0,,15.3,17.5,16.5
2020-11-20,13.2,,15.0,17.1,16.2
2020-11-21,12.8,,15.0,16.9,16.2
2020-11-22,12.5,,15.1,16.6,16.3
2020-11-23,12.3,,15.0,16.4,16.3
2020-11-24,12.2,,14.8,16.0,15.9
2020-11-25,12.1,,14.3,15.7,15.2
2020-11-26,12.1,,14.0,15.6,15.1
2020-11-27,12.1,,14.0,15.6,15.7
2020-11-28,12.2,,14.1,15.5,15.8
2020-11-29,12.0,,14.0,15.3,15.6
2020-11-30,12.1,,13.7,15.3,15.1
2021-04-01,12.3,13.7,13.4,15.8,16.5
2021-04-02,11.8,13.3,13.1,15.5,15.5
2021-04-03,11.5,13.2,12.9,15.4,14.8
2021-04-04,11.3,13.4,12.9,15.4,14.9
2021-04-05,11.7,13.4,13.2,15.5,15.6
2021-04-06,11.7,13.5,13.6,15.4,16.3
2021-04-07,12.4,13.6,13.9,15.4,17.1
2021-04-08,12.2,13.7,14.1,15.3,17.6
2021-04-09,12.9,13.9,14.3,15.1,17.8
2021-04-10,13.2,13.7,14.4,14.9,17.7
2021-04-11,14.2,13.9,14.8,15.6,17.4
2021-04-12,15.6,14.4,15.1,16.5,17.6
2021-04-13,15.2,14.7,15.1,17.1,18.1
2021-04-14,14.7,14.7,15.1,17.5,18.1
2021-04-15,15.2,15.2,15.5,17.9,19.0
2021-04-16,15.2,15.2,15.4,18.2,19.0
2021-04-17,14.6,15.1,15.3,17.8,18.8
2021-04-18,14.3,15.1,15.3,17.7,19.3
2021-04-19,14.5,15.2,15.6,18.1,19.6
2021-04-20,14.5,15.7,15.5,18.2,19.0
2021-04-21,15.1,16.2,15.9,17.9,19.1
2021-04-22,15.4,16.2,15.7,18.1,18.8
2021-04-23,14.9,16.0,15.5,18.0,18.1
2021-04-24,14.3,15.6,15.3,17.8,17.7
2021-04-25,14.4,15.7,15.5,18.0,18.2
2021-04-26,14.4,15.8,15.6,18.2,18.3
2021-04-27,14.0,16.2,15.9,18.3,18.3
2021-04-28,14.6,16.7,16.5,18.4,19.2
2021-04-29,15.8,17.6,17.0,18.8,20.3
2021-04-30,17.7,18.1,17.9,19.2,21.8
2021-05-01,17.3,17.6,18.2,19.3,21.9
2021-05-02,16.5,17.5,18.1,19.2,21.3
2021-05-03,17.0,17.9,18.2,18.9,21.4
2021-05-04,17.4,17.4,18.3,19.8,21.8
2021-05-05,18.0,17.7,18.6,20.2,21.9
2021-05-06,18.4,18.1,18.7,20.4,22.2
2021-05-07,18.1,18.2,19.1,20.5,22.3
2021-05-08,18.4,18.5,18.8,20.9,21.5
2021-05-09,18.2,18.6,18.7,20.7,20.9
2021-05-10,18.0,18.8,18.9,20.7,21.3
2021-05-11,17.9,18.4,19.3,20.7,22.0
2021-05-12,17.5,17.8,19.0,20.5,22.0
2021-05-13,17.6,17.9,18.4,20.6,20.8
2021-05-14,17.3,18.3,18.4,20.7,20.4
2021-05-15,17.1,18.3,18.5,20.8,20.4
2021-05-16,16.8,18.5,18.5,20.9,20.4
2021-05-17,16.9,18.5,18.9,20.8,21.0
2021-05-18,16.9,18.3,19.0,20.8,21.5
2021-05-19,17.5,18.8,19.1,20.9,22.0
2021-05-20,17.7,19.0,19.4,20.8,22.3
2021-05-21,17.6,19.1,20.0,20.7,23.0
2021-05-22,18.6,19.4,20.3,21.0,23.4
2021-05-23,19.4,20.4,20.7,21.1,23.6
2021-05-24,20.0,20.7,21.0,21.2,24.3
2021-05-25,19.8,20.8,21.4,21.0,25.1
2021-05-26,20.4,21.1,21.9,21.4,25.2
2021-05-27,21.1,21.7,22.1,21.5,25.3
2021-05-28,20.9,22.3,22.3,21.6,25.6
2021-05-29,20.8,21.9,22.4,21.7,25.9
2021-05-30,19.9,20.6,22.1,22.4,25.9
2021-05-31,20.2,21.0,21.6,22.8,25.3
2021-06-01,20.0,21.6,21.7,22.7,25.1
2021-06-02,20.0,21.4,21.8,22.7,24.7
2021-06-03,20.5,21.6,22.0,22.6,24.4
2021-06-04,20.8,22.3,22.3,22.7,24.8
2021-06-05,21.0,22.1,22.6,23.1,25.0
2021-06-06,20.9,22.3,22.6,23.3,25.3
2021-06-07,20.9,23.0,23.2,23.5,25.8
2021-06-08,21.1,23.4,22.8,23.4,26.4
2021-06-09,21.6,23.5,23.4,24.1,26.3
2021-06-10,21.8,23.6,23.4,23.9,26.0
2021-06-11,22.6,23.6,23.5,24.3,26.3
2021-06-12,22.4,23.3,23.7,24.7,26.8
2021-06-13,21.7,22.5,23.4,25.4,27.2
2021-06-14,22.1,23.0,23.4,25.6,27.2
2021-06-15,22.6,22.9,23.6,25.4,27.4
2021-06-16,22.9,23.3,24.0,26.0,27.5
2021-06-17,22.9,23.8,23.9,26.0,27.6
2021-06-18,22.7,24.0,23.9,26.1,27.2
2021-06-19,23.3,24.5,24.1,26.0,27.0
2021-06-20,23.0,24.4,24.2,25.5,27.0
2021-06-21,23.1,25.0,24.2,26.1,26.9
2021-06-22,23.4,25.4,24.8,26.0,26.5
2021-06-23,23.2,24.7,24.8,26.0,26.5
2021-06-24,22.5,24.4,24.6,26.1,26.5
2021-06-25,22.9,24.3,24.6,26.3,26.7
2021-06-26,23.1,24.3,24.8,26.4,26.7
2021-06-27,23.2,24.6,24.8,26.4,26.8
2021-06-28,23.3,24.9,25.4,26.4,27.3
2021-06-29,22.8,24.5,25.6,26.3,27.4
2021-06-30,23.8,25.5,25.7,26.7,27.6
2021-07-01,24.5,26.4,25.9,26.7,28.0
2021-07-02,23.9,26.0,26.2,26.6,28.0
2021-07-03,24.2,24.9,25.9,27.0,28.4
2021-07-04,24.1,25.3,25.7,27.3,28.4
2021-07-05,24.2,25.9,26.0,27.2,28.2
2021-07-06,24.3,26.3,26.1,27.3,28.0
2021-07-07,24.2,26.3,26.2,27.3,28.2
2021-07-08,24.0,26.1,26.5,27.2,28.8
2021-07-09,24.2,26.3,26.4,27.9,28.7
2021-07-10,24.2,25.9,26.3,27.6,28.6
2021-07-11,24.0,26.2,26.4,27.7,28.4
2021-07-12,24.1,26.9,26.6,27.7,28.7
2021-07-13,24.4,27.0,26.8,27.7,29.0
2021-07-14,24.6,26.9,27.1,27.9,29.4
2021-07-15,24.8,26.7,27.2,28.0,29.5
2021-07-16,24.9,26.5,27.2,28.1,29.5
2021-07-17,25.1,26.2,27.4,28.2,29.3
2021-07-18,25.2,26.4,27.2,28.2,29.3
2021-07-19,24.6,26.2,26.9,28.2,29.2
2021-07-20,24.4,26.0,26.8,28.3,29.1
2021-07-21,24.7,26.3,26.7,28.4,28.6
2021-07-22,24.7,26.2,26.7,28.4,28.4
2021-07-23,24.8,26.4,26.8,28.4,28.5
2021-07-24,24.2,26.5,26.9,28.3,28.4
2021-07-25,24.5,26.8,26.8,28.3,28.6
2021-07-26,24.9,27.1,27.1,28.3,28.9
2021-07-27,24.6,26.6,27.2,28.6,29.7
2021-07-28,24.9,26.2,27.2,28.7,30.0
2021-07-29,25.3,27.0,27.4,29.0,29.8
2021-07-30,25.6,27.4,27.5,28.8,29.5
2021-07-31,25.5,27.1,27.6,28.9,30.2
2021-08-01,25.8,27.5,27.8,29.1,30.3
2021-08-02,25.9,27.4,27.7,28.9,30.4
2021-08-03,24.8,26.6,27.5,28.6,30.2
2021-08-04,24.9,26.2,27.3,28.6,29.5
2021-08-05,25.0,26.4,27.1,28.6,28.5
2021-08-06,24.9,26.6,27.1,28.5,28.2
2021-08-07,24.7,26.7,27.1,28.5,28.0
2021-08-08,24.9,26.8,27.1,28.6,27.7
2021-08-09,25.1,26.8,27.0,28.6,27.4
2021-08-10,25.3,27.0,27.1,28.5,27.6
2021-08-11,25.4,27.4,27.3,28.6,27.9
2021-08-12,25.4,27.6,27.7,28.5,28.3
2021-08-13,25.2,26.8,27.7,28.9,29.0
2021-08-14,25.3,26.6,27.5,28.8,29.6
2021-08-15,25.1,26.4,27.2,28.9,29.9
2021-08-16,24.3,26.4,27.0,28.8,29.4
2021-08-17,23.0,26.1,26.7,28.7,28.5
2021-08-18,22.2,26.2,26.4,28.7,28.0
2021-08-19,21.8,25.7,26.5,29.0,28.2
2021-08-20,21.9,25.2,26.5,29.1,28.8
2021-08-21,21.6,24.4,26.1,29.2,29.2
2021-08-22,21.9,24.3,25.7,29.1,29.2
2021-08-23,22.0,24.3,25.7,29.0,29.6
2021-08-24,22.4,24.6,25.7,29.3,29.9
2021-08-25,22.4,24.6,25.6,29.3,
2021-08-26,22.7,24.9,25.7,29.2,
2021-08-27,23.1,25.1,25.7,29.1,30.2
2021-08-28,23.3,25.1,25.9,29.2,30.3
2021-08-29,23.5,25.4,25.9,29.3,30.4
2021-08-30,23.8,26.2,26.1,29.3,30.2
2021-08-31,23.7,25.7,26.1,29.1,29.9
2021-09-01,23.7,26.2,25.9,28.9,29.8
2021-09-02,24.3,25.9,26.0,28.9,29.1
2021-09-03,23.6,25.3,25.9,28.8,28.3
2021-09-04,23.5,25.2,25.7,28.7,27.7
2021-09-05,23.6,25.3,25.6,28.6,27.1
2021-09-06,23.6,25.4,25.7,28.4,26.8
2021-09-07,23.5,25.3,25.8,28.3,26.8
2021-09-08,23.8,25.4,25.7,28.3,26.8
2021-09-09,23.7,25.4,25.8,28.1,27.0
2021-09-10,24.0,25.1,25.6,27.8,27.0
2021-09-11,23.7,25.1,25.3,27.6,26.6
2021-09-12,23.5,25.2,25.3,27.6,26.2
2021-09-13,23.7,25.3,25.2,27.5,26.0
2021-09-14,23.6,25.3,25.4,27.4,26.0
2021-09-15,23.5,25.3,25.4,27.3,26.2
2021-09-16,23.5,25.5,25.5,27.2,26.5
2021-09-17,23.5,25.1,25.5,27.1,26.5
2021-09-18,23.8,24.9,25.5,27.2,26.7
2021-09-19,23.9,24.8,25.5,27.2,26.7
2021-09-20,23.5,24.5,25.4,27.0,26.6
2021-09-21,23.1,24.2,25.1,26.8,26.6
2021-09-22,23.2,24.6,24.7,26.8,26.3
2021-09-23,23.2,24.6,24.5,26.4,26.1
2021-09-24,22.6,24.3,24.3,26.1,25.7
2021-09-25,22.3,24.0,23.9,25.9,25.0
2021-09-26,21.9,24.0,23.7,25.8,24.3
2021-09-27,21.5,23.9,23.6,25.7,23.8
2021-09-28,21.6,23.9,23.5,25.7,23.8
2021-09-29,21.8,24.0,23.7,25.5,24.1
2021-09-30,21.6,23.8,23.8,25.4,24.4
2021-10-01,21.4,23.6,23.7,25.2,24.5
2021-10-02,21.4,23.7,23.6,25.3,24.4
2021-10-03,21.5,23.8,23.6,25.3,24.6
2021-10-04,21.7,23.8,23.6,25.2,24.8
2021-10-05,21.6,23.7,23.6,25.1,25.0
2021-10-06,21.7,23.4,23.7,25.0,25.1
2021-10-07,21.5,23.1,23.6,24.9,25.2
2021-10-08,21.3,23.0,23.2,24.8,25.1
2021-10-09,20.5,22.9,22.9,24.7,24.9
2021-10-10,20.4,22.6,22.8,24.6,24.5
2021-10-11,20.4,22.3,22.7,24.5,24.1
2021-10-12,20.8,22.0,22.5,24.5,23.6
2021-10-13,21.1,21.9,22.5,24.5,23.7
2021-10-14,21.2,21.8,22.3,24.5,24.0
2021-10-15,21.3,21.9,22.2,24.4,24.1
2021-10-16,21.4,22.2,22.3,24.3,24.1
2021-10-17,21.0,22.0,21.9,23.8,24.0
2021-10-18,20.5,21.7,21.4,23.4,22.8
2021-10-19,20.3,21.3,21.0,23.1,21.6
2021-10-20,19.8,21.1,20.8,22.9,21.0
2021-10-21,19.2,21.0,20.7,22.9,20.9
2021-10-22,18.9,21.1,20.7,22.8,21.0
2021-10-23,18.8,20.8,20.7,22.6,21.3
2021-10-24,18.6,20.7,20.6,22.4,21.2
2021-10-25,18.6,20.7,20.5,22.4,21.2
2021-10-26,18.6,20.5,20.4,22.2,21.3
2021-10-27,18.9,20.1,20.1,21.6,21.0
2021-10-28,18.4,19.8,19.7,21.3,20.6
2021-10-29,18.1,19.8,19.4,21.1,20.2
2021-10-30,17.4,19.5,19.1,20.8,19.4
2021-10-31,17.1,19.3,18.9,20.5,18.7
2021-11-01,16.8,19.1,18.8,20.2,18.2
2021-11-02,16.5,18.9,18.6,20.0,18.0
2021-11-03,15.9,18.4,,19.6,18.1
2021-11-04,15.6,18.1,,19.2,17.6
2021-11-05,15.4,17.8,,18.6,16.4
2021-11-06,15.2,17.5,,18.0,15.3
2021-11-07,14.9,17.3,,17.5,14.7
2021-11-08,14.6,17.1,,17.2,14.1
2021-11-09,14.3,16.9,,17.0,13.8
2021-11-10,14.1,16.7,15.9,16.8,13.7
2021-11-11,13.9,16.3,15.9,16.6,13.6
2021-11-12,13.6,16.4,15.9,,14.3
2021-11-13,13.7,16.1,15.9,16.4,14.3
2021-11-14,13.4,15.7,15.6,16.1,14.6
2021-11-15,13.1,15.5,15.3,15.9,14.8
2021-11-16,13.1,15.3,14.9,15.7,14.8
2021-11-17,12.9,15.3,14.7,15.6,14.6
2021-11-18,12.6,15.3,14.6,15.7,14.6
2021-11-19,12.8,15.1,14.7,15.4,14.8
2021-11-20,12.4,14.7,14.4,15.1,14.5
2021-11-21,12.1,14.5,14.1,14.9,14.0
2021-11-22,12.1,14.4,13.8,14.8,13.6
2021-11-23,11.7,14.0,13.5,14.4,13.5
2021-11-24,11.6,13.8,13.1,14.0,12.9
2021-11-25,11.4,13.6,12.6,13.8,12.2
2021-11-26,11.2,13.5,12.4,13.7,12.2
2021-11-27,10.9,13.2,12.3,13.5,12.0
2021-11-28,10.5,13.1,12.0,13.3,11.7
2021-11-29,10.3,12.8,11.8,13.0,11.4
2021-11-30,10.2,12.5,11.6,12.8,11.3
2022-04-01,12.8,13.5,13.6,15.3,16.0
2022-04-02,12.6,13.4,13.7,15.3,16.4
2022-04-03,12.6,13.6,13.8,15.4,17.0
2022-04-04,14.1,14.0,13.8,15.7,16.7
2022-04-05,14.5,14.0,13.7,15.6,16.6
2022-04-06,15.1,14.3,13.9,15.8,16.9
2022-04-07,14.0,14.8,14.2,16.0,17.4
2022-04-08,14.3,14.6,14.4,16.1,17.8
2022-04-09,13.7,14.4,14.5,16.0,16.6
2022-04-10,13.3,14.1,14.3,15.9,15.3
2022-04-11,14.2,14.4,14.3,16.1,15.1
2022-04-12,14.5,14.4,14.3,16.2,15.9
2022-04-13,13.4,14.3,14.6,16.3,16.9
2022-04-14,13.8,14.6,15.0,16.3,18.0
2022-04-15,13.7,14.6,15.1,16.4,18.9
2022-04-16,14.0,15.2,15.5,16.7,19.1
2022-04-17,14.1,14.9,15.6,16.9,19.4
2022-04-18,14.0,14.2,15.9,16.4,19.7
2022-04-19,15.0,14.7,15.6,17.0,18.6
2022-04-20,15.7,15.4,15.2,17.3,17.3
2022-04-21,15.3,15.5,15.1,17.3,16.5
2022-04-22,14.8,15.2,15.5,17.6,17.3
2022-04-23,14.8,15.5,15.9,17.7,18.2
2022-04-24,15.2,16.0,16.3,17.8,19.5
2022-04-25,15.8,16.3,16.8,17.8,20.2
2022-04-26,16.6,16.8,17.4,18.1,21.1
2022-04-27,17.4,17.0,17.7,19.1,21.3
2022-04-28,17.5,17.0,17.6,19.1,21.4
2022-04-29,17.0,16.7,17.4,18.8,21.1
2022-04-30,16.8,17.3,17.5,18.7,20.7
2022-05-01,16.7,17.4,17.6,18.4,20.8
2022-05-02,17.2,18.5,17.9,18.6,21.6
2022-05-03,18.0,19.3,18.3,19.2,21.8
2022-05-04,18.4,19.5,18.6,19.1,22.2
2022-05-05,18.9,19.1,19.2,19.7,23.2
2022-05-06,18.1,18.9,19.3,19.8,23.6
2022-05-07,18.8,18.8,19.3,20.0,24.0
2022-05-08,18.1,17.7,19.1,20.2,23.7
2022-05-09,18.5,17.8,18.9,20.6,22.3
2022-05-10,18.5,18.3,18.8,21.0,21.8
2022-05-11,18.2,18.3,18.9,21.3,22.0
2022-05-12,18.3,18.1,19.2,21.4,21.8
2022-05-13,18.5,18.1,19.4,21.6,21.7
2022-05-14,19.1,19.1,19.5,21.7,21.7
2022-05-15,19.7,19.7,19.7,21.7,22.1
2022-05-16,20.4,20.3,20.2,21.7,22.7
2022-05-17,20.9,20.9,20.7,21.7,23.3
2022-05-18,20.6,21.2,20.6,21.8,23.1
2022-05-19,20.7,21.4,20.9,21.8,23.1
2022-05-20,21.3,21.8,21.3,21.9,24.1
2022-05-21,21.1,21.7,21.7,21.8,
2022-05-22,21.3,22.0,22.0,22.2,
2022-05-23,21.5,22.0,22.3,22.3,
2022-05-24,21.4,19.7,21.8,22.4,
2022-05-25,20.2,20.0,21.0,22.9,25.6
2022-05-26,19.4,20.3,20.6,23.1,24.6
2022-05-27,19.4,20.9,20.6,23.6,24.2
2022-05-28,18.5,21.0,21.2,23.8,24.9
2022-05-29,18.1,20.7,21.5,24.3,25.2
2022-05-30,18.0,20.7,21.6,24.2,25.6
2022-05-31,18.2,20.6,21.8,24.2,26.4
2022-06-01,18.5,20.6,21.9,24.4,26.9
2022-06-02,18.6,20.7,21.9,24.6,27.1
2022-06-03,18.9,21.2,22.1,24.9,27.8
2022-06-04,18.6,20.8,22.0,26.2,27.3
2022-06-05,18.8,20.8,22.0,26.0,26.8
2022-06-06,18.8,21.3,21.8,25.2,26.4
2022-06-07,19.0,21.6,21.9,25.0,26.2
2022-06-08,19.3,22.3,21.8,25.4,26.4
2022-06-09,20.6,22.9,22.6,25.7,26.9
2022-06-10,21.0,22.8,22.9,25.8,27.1
2022-06-11,20.3,22.6,23.1,25.8,27.0
2022-06-12,20.9,23.5,23.4,25.7,27.1
2022-06-13,21.5,23.9,23.1,25.9,27.4
2022-06-14,21.8,23.9,22.9,25.9,27.5
2022-06-15,22.1,23.7,23.3,26.1,28.3
2022-06-16,22.1,23.3,23.7,26.1,28.4
2022-06-17,22.9,24.1,24.0,26.7,28.9
2022-06-18,23.2,24.1,24.0,26.8,29.3
2022-06-19,22.8,23.5,23.9,27.1,28.9
2022-06-20,22.5,23.6,23.9,26.7,28.4
2022-06-21,22.6,24.0,23.9,26.8,28.0
2022-06-22,23.1,24.3,24.1,26.9,28.0
2022-06-23,23.1,24.7,24.3,26.9,28.1
2022-06-24,22.9,24.2,25.4,27.0,28.1
2022-06-25,23.2,24.5,25.4,27.2,28.4
2022-06-26,23.4,24.8,25.5,27.3,28.4
2022-06-27,23.8,25.3,25.6,27.2,28.6
2022-06-28,23.7,24.8,25.6,27.1,28.8
2022-06-29,23.4,24.6,25.7,27.4,28.4
2022-06-30,23.6,24.8,25.8,27.3,28.2
2022-07-01,23.7,24.9,25.9,27.4,28.0
2022-07-02,24.2,25.0,26.2,27.7,28.2
2022-07-03,24.6,25.1,26.5,28.0,28.3
2022-07-04,24.5,24.6,26.4,28.1,28.3
2022-07-05,24.6,25.6,26.5,27.9,28.5
2022-07-06,24.6,26.1,26.6,28.1,28.9
2022-07-07,24.9,25.8,26.4,28.1,29.2
2022-07-08,25.1,25.7,26.7,28.3,
2022-07-09,25.0,25.4,26.8,28.5,
2022-07-10,24.5,23.8,26.1,28.1,
2022-07-11,24.6,23.9,25.2,28.4,28.9
2022-07-12,24.3,25.1,25.0,28.5,27.8
2022-07-13,24.3,25.4,25.2,28.3,27.4
2022-07-14,24.4,25.2,25.6,28.3,27.3
2022-07-15,24.6,25.6,26.0,28.6,27.8
2022-07-16,24.9,25.7,26.3,28.6,28.0
2022-07-17,24.9,26.0,26.5,28.7,28.3
2022-07-18,24.8,27.0,26.7,28.7,28.7
2022-07-19,24.9,27.2,26.9,29.0,29.1
2022-07-20,24.9,27.2,27.0,29.2,29.1
2022-07-21,25.4,27.4,27.3,29.2,29.3
2022-07-22,25.7,27.6,27.4,29.1,29.4
2022-07-23,25.4,27.2,27.6,29.3,29.5
2022-07-24,25.6,27.5,27.9,29.3,29.5
2022-07-25,25.7,28.1,28.0,29.2,29.5
2022-07-26,25.8,27.8,27.9,29.2,29.8
2022-07-27,25.8,27.6,27.9,29.4,29.8
2022-07-28,26.0,27.1,28.0,29.5,30.0
2022-07-29,26.2,27.2,27.9,29.7,30.4
2022-07-30,26.2,27.0,27.8,29.6,30.5
2022-07-31,26.1,27.0,27.7,29.8,30.6
2022-08-01,26.2,27.5,27.5,29.9,30.8
2022-08-02,26.0,27.8,27.6,29.7,30.7
2022-08-03,25.6,27.8,27.8,29.7,29.7
2022-08-04,25.4,27.9,27.9,29.7,29.6
2022-08-05,25.5,28.0,27.9,29.6,30.0
2022-08-06,25.5,27.1,28.0,29.4,30.3
2022-08-07,25.5,27.0,27.9,29.5,30.2
2022-08-08,25.4,27.7,27.9,29.5,30.2
2022-08-09,25.5,28.0,28.0,29.5,30.1
2022-08-10,25.6,28.2,28.1,29.6,30.0
2022-08-11,25.8,28.2,28.2,29.5,29.9
2022-08-12,25.7,27.7,28.2,29.4,30.0
2022-08-13,25.3,26.9,28.1,29.3,29.4
2022-08-14,25.3,27.0,27.9,29.2,29.1
2022-08-15,25.0,26.7,27.6,29.3,28.5
2022-08-16,24.7,26.3,27.2,29.0,28.5
2022-08-17,24.6,26.1,26.7,28.7,27.9
2022-08-18,24.5,26.2,26.3,28.6,27.2
2022-08-19,24.4,26.3,26.5,28.3,27.0
2022-08-20,24.3,26.3,26.6,28.2,27.2
2022-08-21,24.4,26.5,26.6,28.2,27.0
2022-08-22,24.4,26.4,26.7,28.1,27.1
2022-08-23,24.3,26.4,26.6,28.1,27.5
2022-08-24,24.3,26.6,26.8,28.0,27.7
2022-08-25,24.3,26.6,26.8,27.9,27.6
2022-08-26,24.3,26.6,26.9,27.9,28.0
2022-08-27,24.6,26.5,27.0,28.0,28.1
2022-08-28,24.7,26.5,27.2,28.0,28.4
2022-08-29,24.8,26.6,27.4,27.9,28.4
2022-08-30,25.0,26.9,27.4,28.0,28.6
2022-08-31,25.3,27.2,27.6,28.2,29.0
2022-09-01,25.1,27.1,27.6,28.2,29.0
2022-09-02,24.9,27.0,27.6,28.3,29.2
2022-09-03,24.9,26.8,27.6,28.2,29.1
2022-09-04,25.0,26.9,27.6,28.2,29.1
2022-09-05,24.8,26.5,27.3,28.0,29.0
2022-09-06,24.9,26.2,26.9,28.2,29.1
2022-09-07,23.8,26.2,26.8,28.5,29.0
2022-09-08,23.2,26.0,26.6,28.5,28.6
2022-09-09,22.7,25.6,26.3,28.1,28.2
2022-09-10,22.3,25.2,25.8,27.9,27.6
2022-09-11,22.1,25.3,25.4,27.9,27.0
2022-09-12,21.8,25.5,25.4,27.8,27.3
2022-09-13,21.7,25.3,25.6,27.7,27.4
2022-09-14,21.9,25.2,25.6,27.5,27.5
2022-09-15,21.8,24.9,25.4,27.3,27.3
2022-09-16,21.7,24.8,25.2,27.1,27.0
2022-09-17,21.7,24.6,25.2,27.1,26.6
2022-09-18,21.6,24.6,25.1,27.0,26.4
2022-09-19,21.9,24.8,25.2,27.0,26.6
2022-09-20,22.2,25.0,25.3,27.1,26.6
2022-09-21,22.1,24.9,25.4,27.1,26.8
2022-09-22,22.5,25.2,25.4,27.1,26.9
2022-09-23,22.4,24.6,25.2,26.8,26.5
2022-09-24,21.8,24.2,24.7,26.5,25.2
2022-09-25,21.7,24.1,24.2,26.1,24.7
2022-09-26,21.8,24.1,24.1,25.9,24.5
2022-09-27,21.9,23.8,23.9,25.6,24.4
2022-09-28,21.4,23.4,23.4,25.1,23.9
2022-09-29,20.7,23.0,22.9,24.2,22.1
2022-09-30,19.8,22.4,22.2,23.0,21.0
2022-10-01,19.5,22.0,21.5,22.2,20.0
2022-10-02,19.3,21.7,21.0,21.9,19.9
2022-10-03,19.0,21.4,20.7,21.6,19.4
2022-10-04,18.3,21.2,20.7,21.4,18.7
2022-10-05,18.3,21.0,20.6,21.3,18.7
2022-10-06,18.3,21.0,20.7,21.2,18.8
2022-10-07,18.3,21.0,20.6,21.0,19.1
2022-10-08,18.3,20.7,20.6,20.7,19.6
2022-10-09,17.9,20.5,20.4,20.5,19.6
2022-10-10,17.9,20.3,20.4,20.4,19.9
2022-10-11,17.9,20.2,20.3,20.4,20.2
2022-10-12,17.8,20.1,20.1,20.4,20.0
2022-10-13,17.9,20.1,20.0,20.5,20.4
2022-10-14,17.8,20.1,19.9,20.4,20.5
2022-10-15,17.7,20.0,19.7,20.5,20.6
2022-10-16,17.7,19.9,19.7,20.4,20.5
2022-10-17,18.1,20.1,19.8,20.5,20.7
2022-10-18,17.6,19.7,19.5,20.1,20.5
2022-10-19,17.6,19.2,19.1,19.6,19.8
2022-10-20,17.4,19.0,18.5,19.3,18.8
2022-10-21,17.3,18.8,18.1,19.1,18.0
2022-10-22,17.1,18.5,17.8,18.9,17.5
2022-10-23,16.4,18.3,17.7,18.8,17.3
2022-10-24,15.5,18.2,17.7,18.8,17.3
2022-10-25,15.4,18.1,17.7,18.7,17.0
2022-10-26,15.2,18.1,17.7,18.7,17.1
2022-10-27,15.2,17.8,17.7,18.6,17.3
2022-10-28,15.3,17.5,17.5,18.4,17.7
2022-10-29,15.2,17.4,17.4,18.3,17.7
2022-10-30,15.0,17.3,17.3,18.2,17.5
2022-10-31,14.9,17.2,17.1,18.2,17.4
2022-11-01,15.2,17.3,17.1,18.2,17.6
2022-11-02,15.4,17.3,17.2,18.2,17.8
2022-11-03,15.4,17.3,17.1,18.2,18.0
2022-11-04,15.3,17.2,17.2,18.2,18.3
2022-11-05,15.6,17.4,17.1,18.3,18.2
2022-11-06,15.4,17.5,17.3,18.2,18.6
2022-11-07,15.4,17.5,17.6,18.2,19.5
2022-11-08,15.7,17.2,17.6,18.1,19.6
2022-11-09,15.4,16.6,17.5,18.0,19.5
2022-11-10,15.6,16.6,17.0,17.9,18.8
2022-11-11,15.6,16.7,16.6,18.1,18.3
2022-11-12,16.0,17.0,16.8,18.2,18.4
2022-11-13,15.9,16.8,16.7,17.9,18.2
2022-11-14,15.4,16.4,16.2,17.2,17.4
2022-11-15,14.8,16.2,15.6,16.8,16.4
2022-11-16,14.1,15.9,15.3,16.4,15.2
2022-11-17,13.4,15.6,14.9,16.0,14.5
2022-11-18,12.9,15.3,14.6,15.7,14.0
2022-11-19,12.5,15.0,14.3,15.4,13.4
2022-11-20,12.0,14.6,14.0,15.0,13.0
2022-11-21,11.4,14.2,13.7,14.6,12.7
2022-11-22,10.9,13.8,13.3,14.3,12.6
2022-11-23,10.7,13.5,13.1,14.2,12.7
2022-11-24,10.6,13.2,13.0,14.1,12.7
2022-11-25,10.6,13.2,13.0,14.0,12.8
2022-11-26,10.4,13.0,12.9,13.9,12.9
2022-11-27,10.3,12.9,12.8,13.9,13.1
2022-11-28,10.4,12.8,12.8,13.9,13.9
2022-11-29,10.6,12.6,12.7,13.7,14.2
2022-11-30,10.5,,,13.6,14.1
2023-04-01,13.6,13.7,13.7,15.1,17.2
2023-04-02,14.5,13.8,14.1,15.3,17.6
2023-04-03,13.6,13.5,14.2,15.2,17.4
2023-04-04,14.0,14.0,14.2,15.5,17.6
2023-04-05,14.1,15.0,14.5,15.9,17.4
2023-04-06,14.7,15.0,14.9,15.9,18.3
2023-04-07,14.7,13.6,15.4,15.9,20.1
2023-04-08,14.4,13.1,14.8,16.5,18.9
2023-04-09,14.7,13.1,14.0,16.2,15.6
2023-04-10,14.4,13.7,13.9,16.2,13.6
2023-04-11,14.2,14.2,13.9,16.2,14.1
2023-04-12,14.5,15.4,14.2,16.5,15.3
2023-04-13,14.7,15.7,14.3,16.3,16.1
2023-04-14,14.6,15.4,14.6,16.1,17.3
2023-04-15,15.8,15.5,15.2,16.3,18.5
2023-04-16,15.8,15.6,15.5,16.1,19.0
2023-04-17,16.5,17.4,16.0,16.7,19.3
2023-04-18,17.2,17.1,16.1,16.7,19.2
2023-04-19,17.0,17.0,16.3,16.8,19.0
2023-04-20,16.3,17.0,16.6,17.3,18.9
2023-04-21,16.5,17.2,17.0,17.3,19.3
2023-04-22,17.3,17.7,17.4,17.3,20.0
2023-04-23,17.8,17.4,17.5,18.2,20.5
2023-04-24,18.4,17.1,17.5,18.2,20.6
2023-04-25,17.4,17.1,17.4,18.3,20.2
2023-04-26,16.8,16.6,17.2,18.1,19.8
2023-04-27,16.3,16.3,17.1,18.0,19.1
2023-04-28,16.0,16.1,16.8,18.3,18.6
2023-04-29,15.7,16.4,16.8,18.7,18.9
2023-04-30,16.2,17.0,17.1,19.0,19.2
2023-05-01,16.8,17.6,17.0,19.0,18.5
2023-05-02,16.5,17.5,17.0,18.7,18.3
2023-05-03,16.3,17.2,17.1,18.5,18.5
2023-05-04,15.9,17.1,17.2,18.5,18.8
2023-05-05,15.2,16.9,17.2,18.3,18.7
2023-05-06,15.0,17.1,17.4,18.3,18.9
2023-05-07,15.3,17.6,17.7,18.5,19.2
2023-05-08,16.3,18.1,18.3,18.5,20.4
2023-05-09,17.3,18.4,18.7,18.6,21.6
2023-05-10,16.7,17.9,18.7,18.6,22.3
2023-05-11,16.5,18.0,18.8,18.9,22.1
2023-05-12,17.2,19.5,19.0,18.8,22.1
2023-05-13,17.4,20.3,19.4,19.0,22.7
2023-05-14,17.6,19.6,19.6,19.1,23.5
2023-05-15,18.0,19.5,19.8,19.8,23.8
2023-05-16,18.3,20.4,19.8,19.9,23.7
2023-05-17,18.9,19.6,20.9,20.0,24.3
2023-05-18,18.4,18.1,20.0,20.4,24.3
2023-05-19,18.6,17.7,19.8,20.7,23.5
2023-05-20,18.9,18.8,19.4,21.0,22.3
2023-05-21,18.9,19.5,19.6,20.5,22.0
2023-05-22,18.9,19.2,19.7,20.7,22.4
2023-05-23,18.9,19.0,19.9,20.7,22.8
2023-05-24,19.1,19.2,20.0,21.4,22.9
2023-05-25,19.3,19.5,20.1,21.6,23.0
2023-05-26,19.1,18.8,20.1,21.6,22.6
2023-05-27,19.4,18.7,19.8,21.6,21.3
2023-05-28,19.1,18.7,19.2,21.6,19.8
2023-05-29,19.0,19.1,18.8,21.4,19.2
2023-05-30,18.2,19.8,18.9,21.3,20.0
2023-05-31,17.2,19.6,19.0,21.2,20.6
2023-06-01,17.6,19.6,19.3,21.4,21.1
2023-06-02,18.0,19.7,19.8,21.6,22.0
2023-06-03,18.4,19.9,20.1,21.7,22.6
2023-06-04,18.5,19.8,20.3,21.7,23.2
2023-06-05,18.6,20.2,20.3,21.7,23.5
2023-06-06,19.2,20.9,20.5,21.6,23.8
2023-06-07,19.4,21.2,20.6,21.7,24.5
2023-06-08,19.7,21.3,20.8,22.0,24.5
2023-06-09,19.7,21.4,20.9,22.1,24.7
2023-06-10,19.9,21.6,21.0,22.0,24.7
2023-06-11,19.8,21.7,21.1,21.9,24.2
2023-06-12,20.4,21.9,21.3,22.3,24.7
2023-06-13,21.0,21.8,21.5,22.5,24.9
2023-06-14,20.5,22.1,21.7,22.9,24.7
2023-06-15,20.8,22.3,22.0,22.6,25.1
2023-06-16,21.3,22.8,22.4,22.9,25.1
2023-06-17,21.9,22.4,22.5,23.1,25.6
2023-06-18,21.5,22.3,22.7,23.7,25.7
2023-06-19,21.4,22.0,22.8,24.0,26.3
2023-06-20,21.1,21.0,22.7,23.7,26.2
2023-06-21,20.8,20.9,22.1,24.2,25.3
2023-06-22,20.1,21.4,21.4,24.6,23.7
2023-06-23,19.1,21.7,21.4,24.9,23.9
2023-06-24,18.7,21.6,21.8,24.9,24.5
2023-06-25,18.8,21.7,22.2,25.1,25.2
2023-06-26,19.2,22.3,22.4,25.1,25.8
2023-06-27,20.2,22.6,22.9,24.6,26.9
2023-06-28,20.6,22.3,23.1,24.6,27.2
2023-06-29,19.8,21.8,23.2,24.7,27.3
2023-06-30,20.4,22.6,23.4,24.7,27.2
2023-07-01,20.9,22.7,23.6,24.6,27.9
2023-07-02,21.0,22.9,23.6,24.9,28.0
2023-07-03,21.3,23.8,23.7,24.9,28.1
2023-07-04,22.1,23.8,23.9,25.3,29.0
2023-07-05,22.5,24.4,23.9,25.5,29.3
2023-07-06,22.7,24.9,24.2,26.0,29.4
2023-07-07,22.8,24.5,24.6,26.1,29.2
2023-07-08,23.1,24.3,24.5,26.3,29.2
2023-07-09,23.1,24.1,24.6,26.7,29.4
2023-07-10,23.3,25.2,24.6,26.4,29.0
2023-07-11,23.3,24.9,24.8,26.4,28.4
2023-07-12,23.7,25.3,24.8,26.7,28.3
2023-07-13,23.6,25.9,25.0,26.4,28.7
2023-07-14,23.7,25.3,25.2,26.8,28.8
2023-07-15,24.0,25.1,25.1,26.9,28.8
2023-07-16,24.6,24.6,25.4,27.2,29.3
2023-07-17,24.1,23.5,25.1,27.4,29.8
2023-07-18,24.0,23.9,24.7,27.7,29.7
2023-07-19,24.2,25.1,24.8,27.8,29.4
2023-07-20,23.8,25.4,24.8,28.0,29.7
2023-07-21,24.0,26.4,25.0,28.6,29.8
2023-07-22,23.9,25.5,25.1,28.5,29.9
2023-07-23,23.3,25.1,25.1,28.6,29.8
2023-07-24,23.4,25.7,25.3,28.6,29.7
2023-07-25,23.9,26.3,25.5,28.7,29.6
2023-07-26,24.1,26.5,25.7,28.4,28.8
2023-07-27,24.2,26.7,26.0,28.5,28.5
2023-07-28,24.6,26.9,26.2,28.6,28.9
2023-07-29,24.7,26.9,26.4,28.6,29.4
2023-07-30,24.3,26.4,26.6,28.8,29.8
2023-07-31,24.6,26.5,26.5,29.1,29.9
2023-08-01,24.5,25.7,26.6,28.9,30.0
2023-08-02,24.3,25.6,26.4,29.0,29.9
2023-08-03,24.3,25.9,26.2,28.6,29.3
2023-08-04,24.5,25.1,25.7,28.7,29.0
2023-08-05,23.7,25.4,25.6,29.0,28.9
2023-08-06,23.1,25.7,25.7,29.0,28.4
2023-08-07,23.2,25.5,25.8,29.0,28.3
2023-08-08,23.9,25.6,25.9,29.2,28.8
2023-08-09,24.0,26.0,26.0,29.1,29.2
2023-08-10,23.9,25.9,26.1,29.1,29.1
2023-08-11,23.9,26.0,26.0,28.9,29.1
2023-08-12,23.8,25.9,26.0,28.9,28.9
2023-08-13,23.8,26.1,26.2,28.9,28.5
2023-08-14,24.0,26.1,26.4,28.9,28.7
2023-08-15,24.6,26.6,26.6,28.9,29.2
2023-08-16,24.5,26.6,26.6,28.8,29.9
2023-08-17,24.1,26.8,26.7,28.8,29.9
2023-08-18,24.5,27.1,26.8,28.9,29.9
2023-08-19,24.4,26.7,26.8,28.8,30.1
2023-08-20,24.3,26.7,26.7,29.1,30.0
2023-08-21,24.5,26.8,26.8,29.1,29.9
2023-08-22,24.8,26.8,27.1,29.2,29.9
2023-08-23,24.9,26.4,27.2,29.1,30.1
2023-08-24,24.9,26.9,27.1,29.2,29.8
2023-08-25,25.5,27.2,27.2,29.1,29.7
2023-08-26,25.4,27.0,27.4,29.3,29.7
2023-08-27,25.5,26.6,27.4,29.2,29.8
2023-08-28,25.3,26.6,27.2,29.3,30.0
2023-08-29,25.0,26.2,27.0,29.2,29.9
2023-08-30,24.8,26.2,26.6,29.0,29.0
2023-08-31,24.5,26.1,26.5,28.9,28.4
2023-09-01,24.1,26.0,26.3,28.8,27.7
2023-09-02,24.2,26.1,26.2,28.6,27.4
2023-09-03,24.5,26.5,26.3,28.7,27.2
2023-09-04,24.9,26.7,26.5,28.7,27.2
2023-09-05,25.2,26.9,26.7,28.8,27.4
2023-09-06,25.5,27.2,26.9,28.8,27.8
2023-09-07,25.5,27.3,26.9,28.6,27.7
2023-09-08,24.8,27.2,26.9,28.5,27.7
2023-09-09,24.9,26.7,26.9,28.4,27.8
2023-09-10,24.8,26.4,26.8,28.3,28.2
2023-09-11,24.9,26.6,26.7,28.4,28.1
2023-09-12,25.0,26.7,26.7,28.4,27.5
2023-09-13,24.8,26.6,26.7,28.3,27.3
2023-09-14,24.6,26.3,26.6,28.1,27.4
2023-09-15,24.3,26.2,26.5,27.9,27.2
2023-09-16,24.2,26.1,26.3,27.8,26.9
2023-09-17,24.1,26.0,26.1,27.5,26.2
2023-09-18,23.9,25.8,26.0,27.2,26.3
2023-09-19,23.8,25.7,25.7,27.1,25.9
2023-09-20,23.6,25.5,25.3,26.9,25.7
2023-09-21,23.3,25.3,25.3,26.7,25.5
2023-09-22,23.2,25.1,25.2,26.4,25.4
2023-09-23,22.8,24.7,24.9,25.9,24.7
2023-09-24,22.9,24.7,24.6,25.7,23.8
2023-09-25,22.8,24.8,24.5,25.6,23.6
2023-09-26,22.5,24.6,24.6,25.5,23.9
2023-09-27,22.0,24.2,24.4,25.1,23.9
2023-09-28,22.1,24.0,24.1,24.8,23.7
2023-09-29,22.3,24.0,23.9,24.7,23.6
2023-09-30,22.4,24.1,23.9,24.8,23.7
2023-10-01,22.5,24.0,24.1,24.7,23.8
2023-10-02,22.2,23.9,24.1,24.6,23.9
2023-10-03,22.2,23.9,24.1,24.6,24.1
2023-10-04,22.2,23.9,24.0,24.6,24.1
2023-10-05,22.1,23.8,24.0,24.5,24.1
2023-10-06,22.1,23.9,24.0,24.5,24.1
2023-10-07,22.4,23.8,23.9,24.5,24.1
2023-10-08,21.8,23.4,23.6,24.1,23.5
2023-10-09,21.4,23.1,23.0,23.6,22.6
2023-10-10,21.3,22.9,22.3,23.4,21.9
2023-10-11,20.7,22.7,22.1,23.1,21.6
2023-10-12,20.3,22.6,22.0,22.8,21.5
2023-10-13,20.0,22.4,21.9,22.7,21.2
2023-10-14,19.8,22.4,21.8,22.5,20.9
2023-10-15,19.5,22.1,21.7,22.1,20.7
2023-10-16,19.3,21.6,21.4,21.7,20.4
2023-10-17,19.2,21.3,21.1,21.3,20.0
2023-10-18,19.2,21.2,20.5,21.0,19.6
2023-10-19,18.8,21.1,20.1,20.9,19.1
2023-10-20,18.3,20.8,20.0,20.7,18.9
2023-10-21,17.7,20.5,19.9,20.5,18.9
2023-10-22,17.8,20.3,19.8,20.2,19.0
2023-10-23,17.7,20.1,19.6,20.0,18.9
2023-10-24,17.8,19.9,19.2,19.8,18.7
2023-10-25,17.5,19.8,19.0,19.7,18.7
2023-10-26,17.4,19.8,18.9,19.7,18.6
2023-10-27,16.9,19.9,19.0,19.7,18.6
2023-10-28,16.9,19.8,19.1,19.6,18.7
2023-10-29,17.2,19.9,19.3,19.7,18.8
2023-10-30,17.2,20.1,19.4,19.6,19.1
2023-10-31,17.0,19.2,19.4,19.2,19.6
2023-11-01,16.6,18.4,18.8,18.8,19.2
2023-11-02,16.4,18.0,18.0,18.3,18.3
2023-11-03,16.3,17.8,17.2,17.8,17.2
2023-11-04,16.2,17.7,16.8,17.6,16.6
2023-11-05,15.9,17.7,16.7,17.4,16.1
2023-11-06,15.7,17.6,16.6,17.4,15.8
2023-11-07,15.3,17.5,16.5,17.3,15.3
2023-11-08,14.6,17.5,16.6,17.3,15.4
2023-11-09,14.5,17.4,16.7,17.3,15.4
2023-11-10,14.6,17.2,17.0,17.3,15.7
2023-11-11,14.2,16.7,16.7,17.0,16.1
2023-11-12,14.3,16.6,16.5,16.9,16.0
2023-11-13,14.7,16.5,16.3,16.7,15.9
2023-11-14,14.7,16.4,16.0,16.5,15.7
2023-11-15,14.3,16.2,15.7,16.3,15.5
2023-11-16,14.4,16.2,15.5,16.3,15.4
2023-11-17,14.3,16.2,15.4,16.3,15.2
2023-11-18,14.3,16.2,15.6,16.3,15.4
2023-11-19,13.7,15.8,15.4,16.1,15.5
2023-11-20,13.4,15.6,15.2,16.1,15.3
2023-11-21,13.1,15.3,15.0,15.9,15.3
2023-11-22,13.0,15.3,14.8,15.9,15.4
2023-11-23,13.2,15.1,14.4,15.6,15.2
2023-11-24,13.2,15.0,14.1,15.5,15.0
2023-11-25,12.7,14.7,14.0,15.2,14.8
2023-11-26,12.2,14.6,13.8,14.9,14.3
2023-11-27,11.9,14.3,13.6,14.7,14.0
2023-11-28,11.5,13.9,13.2,14.3,13.4
2023-11-29,11.4,13.6,12.8,13.9,12.8
2023-11-30,11.3,13.5,12.2,13.6,11.9
2024-04-01,12.6,14.0,13.9,15.0,16.2
2024-04-02,13.2,14.6,14.3,15.4,17.0
2024-04-03,14.6,15.4,15.1,15.6,18.7
2024-04-04,15.4,15.3,15.2,15.7,19.0
2024-04-05,15.0,15.0,15.2,15.5,18.1
2024-04-06,14.7,14.6,15.0,15.7,17.4
2024-04-07,15.1,14.7,14.9,15.7,16.5
2024-04-08,14.7,14.9,14.8,16.0,16.4
2024-04-09,13.9,15.2,15.1,16.0,16.8
2024-04-10,13.9,14.8,15.1,16.0,17.0
2024-04-11,13.9,14.5,15.0,15.7,17.6
2024-04-12,14.8,15.5,15.4,16.4,18.3
2024-04-13,15.1,15.5,15.5,16.6,18.5
2024-04-14,15.2,15.7,15.6,17.1,18.4
2024-04-15,15.3,16.0,16.0,17.4,18.2
2024-04-16,15.6,16.0,16.5,17.5,18.8
2024-04-17,15.6,16.3,16.7,17.6,19.1
2024-04-18,16.3,16.8,17.2,17.8,20.1
2024-04-19,16.5,16.7,17.7,18.2,20.8
2024-04-20,16.7,16.5,17.8,18.5,21.7
2024-04-21,16.7,16.3,17.7,18.6,22.1
2024-04-22,16.6,16.3,17.2,19.1,21.1
2024-04-23,17.1,17.0,17.0,19.0,20.1
2024-04-24,17.0,16.9,17.0,18.5,19.6
2024-04-25,16.3,16.8,17.2,18.7,20.0
2024-04-26,15.9,16.9,17.4,18.4,20.2
2024-04-27,16.0,17.4,17.5,18.7,20.2
2024-04-28,17.0,18.3,17.6,18.9,20.3
2024-04-29,16.9,18.7,18.1,19.1,20.6
2024-04-30,16.8,18.9,18.4,19.2,20.9
2024-05-01,17.7,19.2,18.8,19.8,21.8
2024-05-02,18.1,18.9,19.3,20.1,22.2
2024-05-03,18.1,19.1,19.5,20.1,22.5
2024-05-04,18.1,18.8,19.6,20.0,22.8
2024-05-05,18.0,18.2,19.5,20.0,23.4
2024-05-06,18.4,19.0,19.6,20.4,23.2
2024-05-07,18.6,18.8,19.5,20.5,22.8
2024-05-08,18.9,18.5,19.5,20.9,23.3
2024-05-09,19.1,18.8,19.5,21.5,23.3
2024-05-10,19.3,19.2,19.8,21.6,22.0
2024-05-11,19.0,19.4,19.6,22.2,21.9
2024-05-12,18.6,19.5,19.7,22.1,22.1
2024-05-13,17.8,19.4,19.7,22.0,22.5
2024-05-14,17.1,19.2,19.6,21.7,22.3
2024-05-15,16.6,19.4,19.5,22.0,22.0
2024-05-16,17.0,19.5,19.6,22.2,22.2
2024-05-17,17.4,19.7,19.9,21.9,22.4
2024-05-18,17.3,19.7,19.9,22.0,22.5
2024-05-19,17.0,18.9,20.3,21.8,22.9
2024-05-20,17.6,19.2,20.3,22.3,22.8
2024-05-21,18.2,19.6,20.4,22.4,23.1
2024-05-22,18.5,20.5,20.7,22.2,23.4
2024-05-23,19.1,20.8,21.2,22.1,24.0
2024-05-24,20.1,20.9,21.7,22.1,24.8
2024-05-25,20.3,21.3,22.1,22.4,25.3
2024-05-26,20.2,21.2,22.2,22.3,25.7
2024-05-27,21.0,21.6,22.3,22.4,25.4
2024-05-28,21.3,22.2,22.5,23.0,26.4
2024-05-29,21.6,23.0,23.1,23.5,26.8
2024-05-30,21.6,22.6,22.8,23.6,26.8
2024-05-31,20.8,22.0,22.8,23.2,26.5
2024-06-01,20.5,21.5,22.6,23.3,25.7
2024-06-02,20.8,21.9,22.5,22.9,25.2
2024-06-03,20.9,22.5,22.5,23.4,25.1
2024-06-04,20.9,22.6,22.9,23.5,25.3
2024-06-05,21.2,22.9,23.2,23.6,
2024-06-06,21.3,23.3,23.3,23.9,
2024-06-07,22.1,23.5,23.9,24.3,26.5
2024-06-08,22.2,23.0,23.7,24.6,26.6
2024-06-09,22.1,23.3,23.8,24.6,26.4
2024-06-10,22.5,24.2,24.2,24.6,26.7
2024-06-11,22.3,23.7,24.1,24.5,26.9
2024-06-12,21.9,23.4,24.2,24.7,27.2
2024-06-13,22.1,23.5,24.2,24.7,27.3
2024-06-14,22.5,23.9,24.6,25.1,27.5
2024-06-15,23.0,23.5,25.0,25.1,28.0
2024-06-16,22.6,23.2,25.0,25.4,28.3
2024-06-17,22.8,23.6,24.8,25.1,28.2
2024-06-18,22.9,23.7,25.1,25.1,28.5
2024-06-19,23.0,23.6,25.1,25.4,28.8
2024-06-20,23.1,23.9,25.5,25.6,29.0
2024-06-21,23.6,24.5,25.5,26.0,29.2
2024-06-22,23.8,24.8,25.7,25.9,29.3
2024-06-23,24.3,25.5,25.6,26.0,29.1
2024-06-24,24.8,26.2,26.1,26.1,29.5
2024-06-25,24.8,25.8,26.4,26.6,29.9
2024-06-26,24.9,26.1,26.4,26.4,29.6
2024-06-27,24.7,26.0,26.6,26.4,30.1
2024-06-28,24.5,25.7,26.2,27.1,30.1
2024-06-29,24.7,25.6,26.2,27.0,30.2
2024-06-30,24.9,26.0,26.4,27.2,30.2
2024-07-01,24.9,26.1,27.0,27.0,30.3
2024-07-02,24.6,25.4,26.8,27.1,30.1
2024-07-03,24.7,26.2,26.8,27.3,29.8
2024-07-04,25.1,26.4,26.6,27.7,29.9
2024-07-05,25.3,26.6,27.2,27.9,30.1
2024-07-06,25.7,26.9,27.6,28.1,30.4
2024-07-07,25.7,26.6,27.6,28.2,30.5
2024-07-08,25.6,26.5,27.5,28.3,30.8
2024-07-09,25.7,26.6,27.5,28.2,30.7
2024-07-10,25.9,27.4,27.8,28.5,30.5
2024-07-11,26.4,27.3,27.9,28.9,30.9
2024-07-12,26.0,26.6,28.0,29.2,31.0
2024-07-13,26.1,26.6,27.8,29.4,31.3
2024-07-14,26.4,27.3,27.8,29.4,30.9
2024-07-15,26.3,27.6,28.0,29.1,30.8
2024-07-16,26.1,27.5,28.2,29.2,30.8
2024-07-17,26.4,27.8,28.1,29.3,31.1
2024-07-18,26.5,27.9,28.4,29.4,31.1
2024-07-19,26.5,27.4,28.3,29.4,31.1
2024-07-20,26.1,27.1,28.1,29.7,30.8
2024-07-21,26.1,26.7,27.8,29.7,30.4
2024-07-22,25.8,26.8,27.6,29.5,29.8
2024-07-23,25.9,27.1,27.6,29.5,29.5
2024-07-24,25.9,27.5,27.7,29.4,29.7
2024-07-25,25.8,27.4,27.7,29.0,29.3
2024-07-26,25.8,26.9,27.6,28.7,29.5
2024-07-27,25.6,26.7,27.5,28.8,29.4
2024-07-28,25.5,27.0,27.4,28.9,29.0
2024-07-29,25.6,27.4,27.4,28.6,28.5
2024-07-30,25.6,27.3,27.5,28.6,28.5
2024-07-31,25.9,27.5,27.5,28.7,28.5
2024-08-01,26.2,27.6,27.6,28.7,27.9
2024-08-02,26.3,27.9,27.8,28.7,27.8
2024-08-03,26.0,27.5,27.8,28.6,28.0
2024-08-04,26.1,27.6,27.7,28.7,28.5
2024-08-05,26.1,27.7,27.8,28.9,29.1
2024-08-06,25.7,27.1,27.9,28.6,29.2
2024-08-07,25.7,26.7,27.8,28.7,28.0
2024-08-08,25.5,26.2,27.3,28.4,27.1
2024-08-09,25.5,26.7,25.8,27.9,25.1
2024-08-10,24.6,26.7,26.1,27.6,26.5
2024-08-11,24.5,26.6,26.5,27.2,28.1
2024-08-12,24.7,26.6,26.9,27.1,28.6
2024-08-13,24.7,26.5,26.9,26.9,28.1
2024-08-14,24.5,26.5,26.6,26.5,27.5
2024-08-15,24.8,26.8,26.7,26.3,27.4
2024-08-16,24.6,27.0,26.7,26.2,27.3
2024-08-17,24.7,26.9,26.8,26.3,27.4
2024-08-18,25.0,26.9,26.9,26.3,28.0
2024-08-19,25.0,26.8,26.9,26.9,28.5
2024-08-20,24.9,26.6,26.7,27.3,28.8
2024-08-21,24.7,26.3,26.4,27.1,28.5
2024-08-22,24.5,26.2,26.2,26.8,28.0
2024-08-23,24.5,26.2,26.2,26.7,27.6
2024-08-24,24.5,26.2,26.3,26.6,27.2
2024-08-25,24.5,26.2,26.3,26.7,27.0
2024-08-26,24.6,26.4,26.4,26.9,27.0
2024-08-27,24.8,26.7,26.6,26.8,27.0
2024-08-28,25.0,27.0,26.8,26.8,26.8
2024-08-29,25.3,27.3,27.1,26.9,27.2
2024-08-30,25.4,27.4,27.4,26.8,27.9
2024-08-31,25.3,27.0,27.4,27.0,28.7
2024-09-01,25.3,27.2,27.6,27.3,29.1
2024-09-02,25.3,27.2,27.6,27.3,28.4
2024-09-03,24.8,26.3,27.4,27.1,27.9
2024-09-04,24.3,25.9,27.0,27.2,27.0
2024-09-05,24.6,25.9,26.7,27.1,26.2
2024-09-06,24.4,26.0,26.4,27.1,25.8
2024-09-07,24.5,26.1,26.3,27.0,25.5
2024-09-08,24.3,25.9,26.1,26.8,25.4
2024-09-09,23.9,25.7,25.8,26.6,
2024-09-10,23.8,25.6,25.7,26.4,
2024-09-11,23.5,25.5,25.6,26.2,25.0
2024-09-12,23.2,25.4,25.5,26.1,25.0
2024-09-13,23.1,25.2,25.3,25.9,25.0
2024-09-14,23.0,25.1,25.2,25.8,25.0
2024-09-15,22.8,24.9,25.0,25.6,24.9
2024-09-16,22.6,24.7,24.7,25.2,24.5
2024-09-17,22.2,24.4,24.3,24.8,23.5
2024-09-18,22.2,24.3,23.9,24.6,22.1
2024-09-19,22.2,24.3,23.9,24.5,21.8
2024-09-20,22.0,24.2,24.1,24.4,22.0
2024-09-21,22.1,24.4,24.3,24.2,22.4
2024-09-22,22.5,24.6,24.4,24.1,22.9
2024-09-23,22.4,24.2,24.5,23.9,23.9
2024-09-24,22.5,24.1,24.6,24.1,24.5
2024-09-25,22.5,24.0,24.5,24.0,25.6
2024-09-26,22.1,23.7,24.3,23.9,25.5
2024-09-27,,23.4,22.9,24.6,24.2
2024-09-28,,20.8,21.4,,24.2
2024-09-29,,,20.6,,24.3
2024-09-30,,,20.6,,24.4
2024-10-01,,,20.8,24.1,24.3
2024-10-02,,,20.9,24.2,24.5
2024-10-03,,,21.1,24.3,24.6
2024-10-04,,,21.2,24.3,24.6
2024-10-05,,,21.3,24.4,24.7
2024-10-06,,,21.4,24.5,24.7
2024-10-07,,,21.3,24.6,24.6
2024-10-08,,,21.3,24.2,24.6
2024-10-09,,,21.2,24.2,24.1
2024-10-10,,,21.0,23.9,23.6
2024-10-11,,,20.8,23.7,22.8
2024-10-12,,,20.5,23.4,22.1
2024-10-13,,,20.3,23.3,21.5
2024-10-14,,,20.3,23.2,21.5
2024-10-15,,,20.2,22.7,21.5
2024-10-16,18.8,20.2,19.8,22.1,20.9
2024-10-17,18.7,19.9,19.1,21.5,20.1
2024-10-18,18.4,19.7,18.7,21.1,19.3
2024-10-19,18.2,19.4,18.5,20.8,18.9
2024-10-20,17.5,19.3,18.4,20.7,18.6
2024-10-21,16.8,19.1,18.4,,18.4
2024-10-22,16.6,19.0,18.3,20.4,18.6
2024-10-23,16.4,19.0,18.3,20.3,18.7
2024-10-24,16.5,19.0,18.4,19.9,18.9
2024-10-25,17.2,18.9,18.4,19.6,18.9
2024-10-26,16.9,18.8,18.3,19.6,19.0
2024-10-27,16.2,18.4,18.3,19.5,19.5
2024-10-28,16.0,18.1,18.1,19.5,19.3
2024-10-29,16.3,18.2,17.9,19.4,19.0
2024-10-30,16.3,18.4,17.8,19.4,19.0
2024-10-31,16.3,18.4,17.9,19.3,18.9
2024-11-01,16.4,18.3,18.0,19.3,19.0
2024-11-02,16.6,18.2,18.1,19.2,19.3
2024-11-03,16.4,18.0,18.1,19.1,19.5
2024-11-04,16.2,17.7,18.0,19.1,19.6
2024-11-05,16.4,17.7,17.8,19.3,19.7
2024-11-06,17.1,17.9,17.7,19.4,19.7
2024-11-07,17.1,18.1,17.7,19.5,
2024-11-08,17.1,18.3,18.0,19.6,20.1
2024-11-09,16.8,17.9,18.1,19.3,20.3
2024-11-10,16.6,17.6,18.0,19.2,20.1
2024-11-11,16.8,17.7,17.8,19.2,19.9
2024-11-12,16.9,17.7,17.7,19.1,19.7
2024-11-13,16.7,17.4,17.5,18.8,19.2
2024-11-14,16.3,17.1,17.2,18.5,18.1
2024-11-15,16.3,17.0,16.8,18.2,17.3
2024-11-16,16.5,16.8,16.3,18.0,16.4
2024-11-17,16.2,16.8,16.1,17.9,16.2
2024-11-18,15.3,16.7,15.9,17.8,16.0
2024-11-19,14.5,16.5,15.8,17.6,16.0
2024-11-20,14.4,16.5,15.8,17.4,16.1
2024-11-21,14.3,16.2,15.6,17.1,16.1
2024-11-22,14.0,15.7,15.2,16.4,15.8
2024-11-23,13.7,15.5,14.8,16.0,15.0
2024-11-24,13.6,15.4,14.2,15.8,14.5
2024-11-25,13.6,15.2,13.9,15.7,13.9
2024-11-26,13.3,15.1,14.1,15.7,14.0
2024-11-27,12.5,14.8,14.1,15.5,14.3
2024-11-28,12.2,14.6,14.0,15.4,14.4
2024-11-29,12.0,14.3,13.9,15.1,14.4
2024-11-30,11.7,14.0,13.5,14.7,14.2
