date,12323800,12324200,12324400,12340500,12353650,12354700
2000-01-01,0.5,,,,,
2000-01-02,0.5,,,,,
2000-01-03,0.0,,,,,
2000-01-04,0.5,,,,,
2000-01-05,0.5,,,,,
2000-01-06,0.5,,,,,
2000-01-07,0.5,,,,,
2000-01-08,0.5,,,,,
2000-01-09,0.5,,,,,
2000-01-10,0.5,,,,,
2000-01-11,0.5,,,,,
2000-01-12,0.0,,,,,
2000-01-13,0.0,,,,,
2000-01-14,1.0,,,,,
2000-01-15,1.0,,,,,
2000-01-16,2.0,,,,,
2000-01-17,1.5,,,,,
2000-01-18,0.5,,,,,
2000-01-19,1.0,,,,,
2000-01-20,1.0,,,,,
2000-01-21,2.0,,,,,
2000-01-22,1.5,,,,,
2000-01-23,1.5,,,,,
2000-01-24,1.5,,,,,
2000-01-25,1.5,,,,,
2000-01-26,2.0,,,,,
2000-01-27,1.5,,,,,
2000-01-28,1.5,,,,,
2000-01-29,0.5,,,,,
2000-01-30,0.5,,,,,
2000-01-31,0.5,,,,,
2000-02-01,1.0,,,,,
2000-02-02,1.5,,,,,
2000-02-03,2.0,,,,,
2000-02-04,1.0,,,,,
2000-02-05,1.5,,,,,
2000-02-06,2.5,,,,,
2000-02-07,3.0,,,,,
2000-02-08,3.5,,,,,
2000-02-09,3.5,,,,,
2000-02-10,2.5,,,,,
2000-02-11,2.0,,,,,
2000-02-12,2.0,,,,,
2000-02-13,2.5,,,,,
2000-02-14,3.0,,,,,
2000-02-15,3.0,,,,,
2000-02-16,2.5,,,,,
2000-02-17,1.5,,,,,
2000-02-18,1.5,,,,,
2000-02-19,1.5,,,,,
2000-02-20,2.0,,,,,
2000-02-21,3.5,,,,,
2000-02-22,4.0,,,,,
2000-02-23,3.5,,,,,
2000-02-24,3.0,,,,,
2000-02-25,2.5,,,,,
2000-02-26,1.5,,,,,
2000-02-27,2.5,,,,,
2000-02-28,3.5,,,,,
2000-02-29,3.5,,,,,
2000-03-01,4.0,,,,,
2000-03-02,3.5,,,,,
2000-03-03,4.0,,,,,
2000-03-04,4.5,,,,,
2000-03-05,4.5,,,,,
2000-03-06,4.0,,,,,
2000-03-07,4.5,,,,,
2000-03-08,3.5,,,,,
2000-03-09,3.0,,,,,
2000-03-10,3.5,,,,,
2000-03-11,3.0,,,,,
2000-03-12,3.5,,,,,
2000-03-13,4.0,,,,,
2000-03-14,4.0,,,,,
2000-03-15,3.5,,,,,
2000-03-16,3.5,,,,,
2000-03-17,3.5,,,,,
2000-03-18,3.5,,,,,
2000-03-19,4.0,,,,,
2000-03-20,3.5,,,,,
2000-03-21,3.5,,,,,
2000-03-22,5.0,,,,,
2000-03-23,4.5,,,,,
2000-03-24,4.0,,,,,
2000-03-25,4.5,,,,,
2000-03-26,6.5,,,,,
2000-03-27,7.5,,,,,
2000-03-28,6.5,,,,,
2000-03-29,4.0,,,,,
2000-03-30,5.0,,,,,
2000-03-31,6.0,,,,,
2000-04-01,5.5,,,,,
2000-04-02,5.5,,,,,
2000-04-03,5.5,,,,,
2000-04-04,8.0,,,,,
2000-04-05,8.0,,,,,
2000-04-06,7.0,,,,,
2000-04-07,6.0,,,,,
2000-04-08,7.5,,,,,
2000-04-09,8.5,,,,,
2000-04-10,9.0,,,,,
2000-04-11,9.0,,,,,
2000-04-12,9.5,,,,,
2000-04-13,9.0,,,,,
2000-04-14,7.5,,,,,
2000-04-15,8.0,,,,,
2000-04-16,8.5,,,,,
2000-04-17,9.5,,,,,
2000-04-18,10.5,,,,,
2000-04-19,11.0,,,,,
2000-04-20,11.0,,,,,
2000-04-21,12.0,,,,,
2000-04-22,12.5,,,,,
2000-04-23,10.0,,,,,
2000-04-24,9.0,,,,,
2000-04-25,8.0,,,,,
2000-04-26,9.5,,,,,
2000-04-27,11.5,,,,,
2000-04-28,11.0,,,,,
2000-04-29,9.0,,,,,
2000-04-30,10.0,,,,,
2000-05-01,13.0,,,,,
2000-05-02,12.0,,,,,
2000-05-03,11.5,,,,,
2000-05-04,11.5,,,,,
2000-05-05,10.5,,,,,
2000-05-06,10.0,,,,,
2000-05-07,11.0,,,,,
2000-05-08,11.0,,,,,
2000-05-09,10.5,,,,,
2000-05-10,9.5,,,,,
2000-05-11,8.5,,,,,
2000-05-12,8.5,,,,,
2000-05-13,10.0,,,,,
2000-05-14,11.0,,,,,
2000-05-15,11.5,,,,,
2000-05-16,11.0,,,,,
2000-05-17,11.0,,,,,
2000-05-18,12.0,,,,,
2000-05-19,12.0,,,,,
2000-05-20,13.0,,,,,
2000-05-21,13.5,,,,,
2000-05-22,14.0,,,,,
2000-05-23,14.0,,,,,
2000-05-24,13.0,,,,,
2000-05-25,14.0,,,,,
2000-05-26,12.5,,,,,
2000-05-27,12.0,,,,,
2000-05-28,13.0,,,,,
2000-05-29,12.0,,,,,
2000-05-30,11.5,,,,,
2000-05-31,10.0,,,,,
2000-06-01,11.0,,,,,
2000-06-02,13.5,,,,,
2000-06-03,15.0,,,,,
2000-06-04,15.0,,,,,
2000-06-05,15.5,,,,,
2000-06-06,16.0,,,,,
2000-06-07,16.0,,,,,
2000-06-08,16.5,,,,,
2000-06-09,13.5,,,,,
2000-06-10,12.5,,,,,
2000-06-11,12.5,,,,,
2000-06-12,12.5,,,,,
2000-06-13,12.5,,,,,
2000-06-14,13.5,,,,,
2000-06-15,13.0,,,,,
2000-06-16,13.0,,,,,
2000-06-17,14.0,,,,,
2000-06-18,15.0,,,,,
2000-06-19,14.5,,,,,
2000-06-20,14.0,,,,,
2000-06-21,16.5,,,,,
2000-06-22,16.5,,,,,
2000-06-23,16.5,,,,,
2000-06-24,17.0,,,,,
2000-06-25,17.5,,,,,
2000-06-26,17.0,,,,,
2000-06-27,17.5,,,,,
2000-06-28,18.0,,,,,
2000-06-29,18.5,,,,,
2000-06-30,18.5,,,,,
2000-07-01,19.0,,,,,
2000-07-02,18.5,,,,,
2000-07-03,15.5,,,,,
2000-07-04,15.0,,,,,
2000-07-05,15.0,,,,,
2000-07-06,15.5,,,,,
2000-07-07,16.0,,,,,
2000-07-08,17.0,,,,,
2000-07-09,18.0,,,,,
2000-07-10,18.5,,,,,
2000-07-11,18.0,,,,,
2000-07-12,18.5,,,,,
2000-07-13,19.0,,,,,
2000-07-14,19.5,,,,,
2000-07-15,18.5,,,,,
2000-07-16,18.0,,,,,
2000-07-17,18.0,,,,,
2000-07-18,18.5,,,,,
2000-07-19,17.5,,,,,
2000-07-20,18.5,,,,,
2000-07-21,20.0,,,,,
2000-07-22,20.0,,,,,
2000-07-23,20.0,,,,,
2000-07-24,19.5,,,,,
2000-07-25,19.5,,,,,
2000-07-26,19.5,,,,,
2000-07-27,19.5,,,,,
2000-07-28,20.0,,,,,
2000-07-29,20.5,,,,,
2000-07-30,20.5,,,,,
2000-07-31,21.0,,,,,
2000-08-01,20.5,,,,,
2000-08-02,20.0,,,,,
2000-08-03,18.5,,,,,
2000-08-04,17.0,,,,,
2000-08-05,17.5,,,,,
2000-08-06,18.0,,,,,
2000-08-07,17.0,,,,,
2000-08-08,16.0,,,,,
2000-08-09,17.5,,,,,
2000-08-10,17.5,,,,,
2000-08-11,17.5,,,,,
2000-08-12,17.0,,,,,
2000-08-13,17.0,,,,,
2000-08-14,16.0,,,,,
2000-08-15,16.0,,,,,
2000-08-16,16.0,,,,,
2000-08-17,16.0,,,,,
2000-08-18,16.0,,,,,
2000-08-19,15.5,,,,,
2000-08-20,15.0,,,,,
2000-08-21,14.5,,,,,
2000-08-22,15.0,,,,,
2000-08-23,15.0,,,,,
2000-08-24,16.0,,,,,
2000-08-25,16.0,,,,,
2000-08-26,15.0,,,,,
2000-08-27,13.5,,,,,
2000-08-28,13.5,,,,,
2000-08-29,13.5,,,,,
2000-08-30,14.5,,,,,
2000-08-31,14.5,,,,,
2000-09-01,14.5,,,,,
2000-09-02,13.0,,,,,
2000-09-03,11.0,,,,,
2000-09-04,12.0,,,,,
2000-09-05,13.0,,,,,
2000-09-06,11.5,,,,,
2000-09-07,11.5,,,,,
2000-09-08,11.0,,,,,
2000-09-09,11.0,,,,,
2000-09-10,10.0,,,,,
2000-09-11,11.5,,,,,
2000-09-12,13.0,,,,,
2000-09-13,14.5,,,,,
2000-09-14,15.0,,,,,
2000-09-15,15.5,,,,,
2000-09-16,15.5,,,,,
2000-09-17,15.5,,,,,
2000-09-18,14.0,,,,,
2000-09-19,13.5,,,,,
2000-09-20,10.0,,,,,
2000-09-21,8.0,,,,,
2000-09-22,4.0,,,,,
2000-09-23,4.5,,,,,
2000-09-24,6.5,,,,,
2000-09-25,7.5,,,,,
2000-09-26,8.5,,,,,
2000-09-27,9.0,,,,,
2000-09-28,9.5,,,,,
2000-09-29,10.0,,,,,
2000-09-30,10.5,,,,,
2000-10-01,10.5,,,,,
2000-10-02,10.0,,,,,
2000-10-03,8.0,,,,,
2000-10-04,7.0,,,,,
2000-10-05,6.0,,,,,
2000-10-06,5.5,,,,,
2000-10-07,5.5,,,,,
2000-10-08,6.5,,,,,
2000-10-09,7.5,,,,,
2000-10-10,8.5,,,,,
2000-10-11,8.0,,,,,
2000-10-12,5.5,,,,,
2000-10-13,6.5,,,,,
2000-10-14,7.0,,,,,
2000-10-15,7.0,,,,,
2000-10-16,7.5,,,,,
2000-10-17,8.0,,,,,
2000-10-18,8.5,,,,,
2000-10-19,8.5,,,,,
2000-10-20,7.5,,,,,
2000-10-21,7.5,,,,,
2000-10-22,5.0,,,,,
2000-10-23,4.5,,,,,
2000-10-24,5.0,,,,,
2000-10-25,6.0,,,,,
2000-10-26,6.5,,,,,
2000-10-27,7.0,,,,,
2000-10-28,6.5,,,,,
2000-10-29,6.0,,,,,
2000-10-30,5.5,,,,,
2000-10-31,5.5,,,,,
2000-11-01,4.5,,,,,
2000-11-02,3.5,,,,,
2000-11-03,3.0,,,,,
2000-11-04,4.0,,,,,
2000-11-05,3.5,,,,,
2000-11-06,2.5,,,,,
2000-11-07,1.0,,,,,
2000-11-08,0.5,,,,,
2000-11-09,0.5,,,,,
2000-11-10,0.5,,,,,
2000-11-11,0.5,,,,,
2000-11-12,0.5,,,,,
2000-11-13,0.5,,,,,
2000-11-14,0.5,,,,,
2000-11-15,0.5,,,,,
2000-11-16,0.5,,,,,
2000-11-17,0.5,,,,,
2000-11-18,0.5,,,,,
2000-11-19,0.0,,,,,
2000-11-20,0.0,,,,,
2000-11-21,0.5,,,,,
2000-11-22,0.0,,,,,
2000-11-23,0.0,,,,,
2000-11-24,0.5,,,,,
2000-11-25,0.5,,,,,
2000-11-26,1.0,,,,,
2000-11-27,0.5,,,,,
2000-11-28,0.5,,,,,
2000-11-29,0.5,,,,,
2000-11-30,1.0,,,,,
2000-12-01,0.5,,,,,
2000-12-02,0.5,,,,,
2000-12-03,0.5,,,,,
2000-12-04,0.5,,,,,
2000-12-05,1.0,,,,,
2000-12-06,0.5,,,,,
2000-12-07,0.5,,,,,
2000-12-08,0.5,,,,,
2000-12-09,0.5,,,,,
2000-12-10,0.0,,,,,
2000-12-11,0.0,,,,,
2000-12-12,0.0,,,,,
2000-12-13,0.0,,,,,
2000-12-14,0.0,,,,,
2000-12-15,0.0,,,,,
2000-12-16,0.0,,,,,
2000-12-17,0.5,,,,,
2000-12-18,0.5,,,,,
2000-12-19,0.0,,,,,
2000-12-20,0.0,,,,,
2000-12-21,0.0,,,,,
2000-12-22,0.0,,,,,
2000-12-23,0.5,,,,,
2000-12-24,0.5,,,,,
2000-12-25,0.5,,,,,
2000-12-26,0.5,,,,,
2000-12-27,1.0,,,,,
2000-12-28,0.5,,,,,
2000-12-29,0.5,,,,,
2000-12-30,0.5,,,,,
2000-12-31,0.5,,,,,
2001-01-01,0.5,,,,,
2001-01-02,0.5,,,,,
2001-01-03,1.5,,,,,
2001-01-04,2.0,,,,,
2001-01-05,2.0,,,,,
2001-01-06,1.5,,,,,
2001-01-07,0.5,,,,,
2001-01-08,0.5,,,,,
2001-01-09,1.0,,,,,
2001-01-10,1.0,,,,,
2001-01-11,0.5,,,,,
2001-01-12,1.5,,,,,
2001-01-13,1.5,,,,,
2001-01-14,0.5,,,,,
2001-01-15,1.0,,,,,
2001-01-16,0.5,,,,,
2001-01-17,0.5,,,,,
2001-01-18,0.5,,,,,
2001-01-19,1.0,,,,,
2001-01-20,0.5,,,,,
2001-01-21,1.0,,,,,
2001-01-22,1.5,,,,,
2001-01-23,0.5,,,,,
2001-01-24,0.5,,,,,
2001-01-25,1.0,,,,,
2001-01-26,0.5,,,,,
2001-01-27,0.0,,,,,
2001-01-28,0.5,,,,,
2001-01-29,0.0,,,,,
2001-01-30,0.5,,,,,
2001-01-31,1.0,,,,,
2001-02-01,1.0,,,,,
2001-02-02,1.0,,,,,
2001-02-03,1.0,,,,,
2001-02-04,1.0,,,,,
2001-02-05,1.5,,,,,
2001-02-06,1.0,,,,,
2001-02-07,0.5,,,,,
2001-02-08,0.0,,,,,
2001-02-09,0.0,,,,,
2001-02-10,0.5,,,,,
2001-02-11,1.0,,,,,
2001-02-12,0.5,,,,,
2001-02-13,0.5,,,,,
2001-02-14,0.0,,,,,
2001-02-15,0.0,,,,,
2001-02-16,0.5,,,,,
2001-02-17,0.5,,,,,
2001-02-18,1.0,,,,,
2001-02-19,1.0,,,,,
2001-02-20,1.0,,,,,
2001-02-21,1.0,,,,,
2001-02-22,1.0,,,,,
2001-02-23,1.5,,,,,
2001-02-24,2.0,,,,,
2001-02-25,1.5,,,,,
2001-02-26,1.0,,,,,
2001-02-27,0.5,,,,,
2001-02-28,0.5,,,,,
2001-03-01,1.0,,,,,
2001-03-02,1.5,,,,,
2001-03-03,2.0,,,,,
2001-03-04,2.5,,,,,
2001-03-05,3.0,,,,,
2001-03-06,3.5,,,,,
2001-03-07,4.0,,,,,
2001-03-08,4.5,,,,,
2001-03-09,3.5,,,,,
2001-03-10,3.5,,,,,
2001-03-11,3.5,,,,,
2001-03-12,3.5,,,,,
2001-03-13,4.5,,,,,
2001-03-14,3.5,,,,,
2001-03-15,3.5,,,,,
2001-03-16,4.5,,,,,
2001-03-17,4.0,,,,,
2001-03-18,5.0,,,,,
2001-03-19,6.0,,,,,
2001-03-20,6.0,,,,,
2001-03-21,5.5,,,,,
2001-03-22,5.5,,,,,
2001-03-23,6.5,,,,,
2001-03-24,6.5,,,,,
2001-03-25,6.0,,,,,
2001-03-26,5.5,,,,,
2001-03-27,5.5,,,,,
2001-03-28,5.5,,,,,
2001-03-29,6.5,,,,,
2001-03-30,5.0,,,,,
2001-03-31,4.5,,,,,
2001-04-01,5.5,,,,,
2001-04-02,4.5,,,,,
2001-04-03,4.0,,,,,
2001-04-04,4.5,,,,,
2001-04-05,5.0,,,,,
2001-04-06,5.0,,,,,
2001-04-07,5.5,,,,,
2001-04-08,5.0,,,,,
2001-04-09,4.5,,,,,
2001-04-10,5.0,,,,,
2001-04-11,5.0,,,,,
2001-04-12,4.0,,,,,
2001-04-13,4.5,,,,,
2001-04-14,5.0,,,,,
2001-04-15,6.0,,,,,
2001-04-16,7.5,,,,,
2001-04-17,9.0,,,,,
2001-04-18,9.0,,,,,
2001-04-19,7.5,,,,,
2001-04-20,5.5,,,,,
2001-04-21,4.5,,,,,
2001-04-22,6.0,,,,,
2001-04-23,7.5,,,,,
2001-04-24,10.0,,,,,
2001-04-25,11.0,,,,,
2001-04-26,12.5,,,,,
2001-04-27,13.5,,,,,
2001-04-28,12.0,,,,,
2001-04-29,11.0,,,,,
2001-04-30,10.0,,,,,
2001-05-01,8.5,,,,,
2001-05-02,7.5,,,,,
2001-05-03,8.0,,,,,
2001-05-04,10.5,11.0,,,,
2001-05-05,10.5,11.0,,,,
2001-05-06,10.0,9.5,,,,
2001-05-07,10.5,11.0,,,,
2001-05-08,11.5,12.0,,,,
2001-05-09,12.5,12.5,,,,
2001-05-10,12.5,12.5,,,,
2001-05-11,12.5,13.0,,,,
2001-05-12,13.5,14.0,,,,
2001-05-13,14.0,14.5,,,,
2001-05-14,12.5,14.0,,,,
2001-05-15,11.5,12.5,,,,
2001-05-16,11.5,11.5,,,,
2001-05-17,11.0,11.5,,,,
2001-05-18,12.5,12.0,,,,
2001-05-19,12.0,12.0,,,,
2001-05-20,11.5,12.0,,,,
2001-05-21,11.5,12.0,,,,
2001-05-22,13.5,14.5,,,,
2001-05-23,15.0,16.5,,,,
2001-05-24,15.5,17.0,,,,
2001-05-25,15.5,17.5,,,,
2001-05-26,14.0,16.5,,,,
2001-05-27,13.5,16.0,,,,
2001-05-28,14.0,15.5,,,,
2001-05-29,13.5,15.0,,,,
2001-05-30,12.5,14.0,,,,
2001-05-31,14.0,15.0,,,,
2001-06-01,15.5,17.0,,,,
2001-06-02,14.5,15.5,,,,
2001-06-03,9.5,9.5,,,,
2001-06-04,9.5,8.0,,,,
2001-06-05,11.0,,,,,
2001-06-06,12.0,,,,,
2001-06-07,12.5,13.0,,,,
2001-06-08,14.0,14.5,,,,
2001-06-09,14.5,16.5,,,,
2001-06-10,13.5,15.0,,,,
2001-06-11,13.0,14.0,,,,
2001-06-12,11.0,12.0,,,,
2001-06-13,8.0,8.0,,,,
2001-06-14,10.0,10.0,,,,
2001-06-15,12.0,13.0,,,,
2001-06-16,13.0,14.5,,,,
2001-06-17,14.0,15.5,,,,
2001-06-18,13.5,14.5,,,,
2001-06-19,14.0,15.0,,,,
2001-06-20,15.5,16.5,,,,
2001-06-21,17.0,18.0,,,,
2001-06-22,18.0,19.5,,,,
2001-06-23,18.0,19.0,,,,
2001-06-24,18.0,18.0,,,,
2001-06-25,16.5,16.5,,,,
2001-06-26,17.0,17.5,,,,
2001-06-27,17.5,18.0,,,,
2001-06-28,18.5,19.0,,,,
2001-06-29,18.5,19.5,,,,
2001-06-30,18.5,19.5,,,,
2001-07-01,19.5,20.0,,,,
2001-07-02,20.0,20.0,,,,
2001-07-03,20.0,20.0,,,,
2001-07-04,18.5,18.5,,,,
2001-07-05,18.5,18.5,,,,
2001-07-06,18.5,18.5,,,,
2001-07-07,19.0,18.0,,,,
2001-07-08,20.5,20.0,,,,
2001-07-09,19.5,19.5,,,,
2001-07-10,19.0,18.5,,,,
2001-07-11,19.5,18.5,,,,
2001-07-12,19.5,19.0,,,,
2001-07-13,18.0,18.0,,,,
2001-07-14,18.0,18.5,,,,
2001-07-15,17.5,18.0,,,,
2001-07-16,16.0,16.0,,,,
2001-07-17,15.5,15.5,,,,
2001-07-18,15.5,16.0,,,,
2001-07-19,16.5,17.5,,,,
2001-07-20,17.5,18.0,,,,
2001-07-21,18.0,18.5,,,,
2001-07-22,17.5,18.0,,,,
2001-07-23,16.5,17.5,,,,
2001-07-24,17.5,18.0,,,,
2001-07-25,18.0,19.0,,,,
2001-07-26,18.5,19.0,,,,
2001-07-27,18.5,19.0,,,,
2001-07-28,18.0,17.5,,,,
2001-07-29,16.5,,,,,
2001-07-30,14.5,,,,,
2001-07-31,14.0,14.0,,,,
2001-08-01,15.5,15.5,,,,
2001-08-02,17.5,18.0,,,,
2001-08-03,18.0,18.5,,,,
2001-08-04,17.0,16.5,,,,
2001-08-05,17.5,17.0,,,,
2001-08-06,19.5,19.0,,,,
2001-08-07,20.0,19.5,,,,
2001-08-08,20.5,19.0,,,,
2001-08-09,18.5,17.0,,,,
2001-08-10,19.0,18.0,,,,
2001-08-11,18.5,17.0,,,,
2001-08-12,18.5,17.5,,,,
2001-08-13,18.5,17.0,,,,
2001-08-14,17.5,16.5,,,,
2001-08-15,17.5,17.0,,,,
2001-08-16,18.5,17.5,,,,
2001-08-17,19.0,18.0,,,,
2001-08-18,19.5,18.0,,,,
2001-08-19,18.5,17.0,,,,
2001-08-20,17.0,16.5,,,,
2001-08-21,17.5,16.5,,,,
2001-08-22,17.5,17.0,,,,
2001-08-23,17.5,17.0,,,,
2001-08-24,16.5,16.0,,,,
2001-08-25,16.5,15.5,,,,
2001-08-26,17.0,16.5,,,,
2001-08-27,17.0,16.5,,,,
2001-08-28,17.5,16.5,,,,
2001-08-29,17.5,16.5,,,,
2001-08-30,17.5,17.0,,,,
2001-08-31,17.5,17.0,,,,
2001-09-01,17.0,16.0,,,,
2001-09-02,17.0,15.5,,,,
2001-09-03,17.0,16.0,,,,
2001-09-04,17.0,16.0,,,,
2001-09-05,17.0,15.5,,,,
2001-09-06,13.5,13.5,,,,
2001-09-07,11.5,12.5,,,,
2001-09-08,11.0,12.0,,,,
2001-09-09,12.5,13.0,,,,
2001-09-10,13.5,14.0,,,,
2001-09-11,14.0,14.5,,,,
2001-09-12,13.5,14.5,,,,
2001-09-13,15.0,15.5,,,,
2001-09-14,15.5,15.5,,,,
2001-09-15,14.0,14.5,,,,
2001-09-16,13.5,14.0,,,,
2001-09-17,13.0,13.5,,,,
2001-09-18,14.0,14.0,,,,
2001-09-19,13.5,13.5,,,,
2001-09-20,12.0,12.0,,,,
2001-09-21,12.0,12.0,,,,
2001-09-22,12.5,12.0,,,,
2001-09-23,13.5,13.0,,,,
2001-09-24,14.0,13.5,,,,
2001-09-25,14.0,13.5,,,,
2001-09-26,14.0,14.0,,,,
2001-09-27,13.0,13.0,,,,
2001-09-28,13.0,13.0,,,,
2001-09-29,13.0,13.0,,,,
2001-09-30,12.5,12.0,,,,
2001-10-01,12.5,12.0,,,,
2001-10-02,12.0,11.5,,,,
2001-10-03,11.5,11.0,,,,
2001-10-04,9.0,9.0,,,,
2001-10-05,6.5,6.5,,,,
2001-10-06,7.0,7.0,,,,
2001-10-07,8.5,8.5,,,,
2001-10-08,8.5,9.0,,,,
2001-10-09,8.0,8.5,,,,
2001-10-10,7.0,8.0,,,,
2001-10-11,7.0,7.5,,,,
2001-10-12,5.5,6.0,,,,
2001-10-13,7.0,7.0,,,,
2001-10-14,6.5,7.0,,,,
2001-10-15,6.0,6.5,,,,
2001-10-16,6.5,6.5,,,,
2001-10-17,7.0,7.5,,,,
2001-10-18,5.0,6.0,,,,
2001-10-19,5.5,6.0,,,,
2001-10-20,6.0,6.5,,,,
2001-10-21,5.5,6.0,,,,
2001-10-22,5.5,6.5,,,,
2001-10-23,5.5,6.0,,,,
2001-10-24,4.0,4.5,,,,
2001-10-25,3.0,4.0,,,,
2001-10-26,4.0,4.0,,,,
2001-10-27,5.5,,,,,
2001-10-28,6.5,,,,,
2001-10-29,6.5,,,,,
2001-10-30,7.0,,,,,
2001-10-31,7.0,8.0,,,,
2001-11-01,6.5,7.0,,,,
2001-11-02,6.0,7.0,,,,
2001-11-03,6.0,6.0,,,,
2001-11-04,5.5,5.5,,,,
2001-11-05,5.5,5.5,,,,
2001-11-06,5.0,,,,,
2001-11-07,4.5,,,,,
2001-11-08,2.5,3.0,,,,
2001-11-09,3.0,3.0,,,,
2001-11-10,2.5,2.5,,,,
2001-11-11,3.0,2.5,,,,
2001-11-12,4.0,3.5,,,,
2001-11-13,4.5,4.5,,,,
2001-11-14,5.0,5.0,,,,
2001-11-15,5.0,5.5,,,,
2001-11-16,5.5,6.0,,,,
2001-11-17,5.5,6.0,,,,
2001-11-18,4.5,5.5,,,,
2001-11-19,3.0,3.0,,,,
2001-11-20,4.0,4.0,,,,
2001-11-21,4.0,5.0,,,,
2001-11-22,3.5,4.0,,,,
2001-11-23,3.5,4.0,,,,
2001-11-24,2.0,3.0,,,,
2001-11-25,1.5,2.5,,,,
2001-11-26,0.5,1.5,,,,
2001-11-27,0.5,1.0,,,,
2001-11-28,0.0,0.0,,,,
2001-11-29,0.0,0.5,,,,
2001-11-30,0.0,0.5,,,,
2001-12-01,0.0,0.0,,,,
2001-12-02,0.0,0.5,,,,
2001-12-03,1.0,0.5,,,,
2001-12-04,0.0,0.0,,,,
2001-12-05,0.0,0.0,,,,
2001-12-06,0.0,0.0,,,,
2001-12-07,0.0,0.5,,,,
2001-12-08,0.0,0.5,,,,
2001-12-09,0.0,0.5,,,,
2001-12-10,0.0,0.0,,,,
2001-12-11,0.0,0.0,,,,
2001-12-12,0.0,0.0,,,,
2001-12-13,0.0,0.5,,,,
2001-12-14,0.0,1.0,,,,
2001-12-15,0.0,0.0,,,,
2001-12-16,0.0,0.0,,,,
2001-12-17,0.0,0.5,,,,
2001-12-18,0.0,0.0,,,,
2001-12-19,0.0,0.0,,,,
2001-12-20,0.0,0.0,,,,
2001-12-21,0.5,0.5,,,,
2001-12-22,0.0,0.0,,,,
2001-12-23,0.0,0.0,,,,
2001-12-24,0.0,0.0,,,,
2001-12-25,0.0,0.0,,,,
2001-12-26,0.0,0.0,,,,
2001-12-27,0.0,0.0,,,,
2001-12-28,0.0,0.0,,,,
2001-12-29,0.0,0.0,,,,
2001-12-30,0.0,0.0,,,,
2001-12-31,0.0,0.0,,,,
2002-01-01,0.0,0.0,,,,
2002-01-02,0.0,0.0,,,,
2002-01-03,0.5,0.0,,,,
2002-01-04,0.5,0.5,,,,
2002-01-05,0.5,0.0,,,,
2002-01-06,1.0,0.5,,,,
2002-01-07,1.5,1.0,,,,
2002-01-08,1.0,1.0,,,,
2002-01-09,1.5,0.5,,,,
2002-01-10,0.5,0.0,,,,
2002-01-11,1.5,1.0,,,,
2002-01-12,2.0,1.5,,,,
2002-01-13,1.5,1.5,,,,
2002-01-14,1.0,0.5,,,,
2002-01-15,0.5,0.0,,,,
2002-01-16,0.5,0.0,,,,
2002-01-17,0.5,0.0,,,,
2002-01-18,0.5,0.0,,,,
2002-01-19,0.5,0.0,,,,
2002-01-20,0.5,0.0,,,,
2002-01-21,0.5,0.0,,,,
2002-01-22,0.5,0.0,,,,
2002-01-23,0.0,0.0,,,,
2002-01-24,1.0,0.5,,,,
2002-01-25,1.0,0.5,,,,
2002-01-26,1.0,0.5,,,,
2002-01-27,0.5,0.0,,,,
2002-01-28,0.0,0.0,,,,
2002-01-29,0.0,0.0,,,,
2002-01-30,0.0,0.0,,,,
2002-01-31,0.5,0.0,,0.0,,
2002-02-01,0.5,0.5,,0.0,,
2002-02-02,1.0,0.5,,0.5,,
2002-02-03,0.5,0.0,,0.5,,
2002-02-04,1.0,0.5,,0.5,,
2002-02-05,1.0,0.5,,0.5,,
2002-02-06,1.0,0.5,,0.5,,
2002-02-07,1.0,1.0,,1.0,,
2002-02-08,1.0,1.0,,1.5,,
2002-02-09,1.5,1.0,,1.0,,
2002-02-10,1.0,1.0,,1.0,,
2002-02-11,1.0,1.0,,1.0,,
2002-02-12,1.0,0.5,,0.5,,
2002-02-13,1.0,1.0,,0.5,,
2002-02-14,1.5,1.0,,0.5,,
2002-02-15,1.0,1.0,,0.5,,
2002-02-16,1.5,1.0,,0.5,,
2002-02-17,2.5,2.0,,1.0,,
2002-02-18,2.0,2.0,,1.5,,
2002-02-19,1.5,1.5,,1.5,,
2002-02-20,2.5,2.0,,1.5,,
2002-02-21,2.5,2.5,,1.5,,
2002-02-22,4.0,4.0,,2.5,,
2002-02-23,2.0,2.0,,2.0,,
2002-02-24,0.5,0.0,,0.0,,
2002-02-25,0.5,0.0,,0.0,,
2002-02-26,0.5,0.0,,0.0,,
2002-02-27,1.0,0.0,,0.0,,
2002-02-28,1.0,0.5,,0.0,,
2002-03-01,0.5,0.0,,0.0,,
2002-03-02,0.5,0.0,,0.0,,
2002-03-03,0.5,0.0,,0.0,,
2002-03-04,1.0,0.5,,0.0,,
2002-03-05,1.5,0.5,,0.0,,
2002-03-06,0.5,0.5,,0.1,,
2002-03-07,0.5,0.0,,0.0,,
2002-03-08,1.0,0.0,,0.0,,
2002-03-09,1.0,0.5,,0.1,,
2002-03-10,2.0,1.0,,0.3,,
2002-03-11,1.5,1.0,,1.1,,
2002-03-12,1.5,2.0,,1.8,,
2002-03-13,1.5,2.0,,1.2,,
2002-03-14,2.5,2.5,,1.7,,
2002-03-15,2.0,2.5,,2.0,,
2002-03-16,2.5,2.5,,2.2,,
2002-03-17,1.5,1.0,,1.2,,
2002-03-18,1.5,1.5,,1.1,,
2002-03-19,2.0,2.5,,1.3,,
2002-03-20,1.0,1.5,,1.0,,
2002-03-21,1.0,0.5,,0.2,,
2002-03-22,2.5,2.0,,0.4,,
2002-03-23,5.0,4.5,,1.6,,
2002-03-24,5.5,6.0,,3.4,,
2002-03-25,5.0,5.0,,4.2,,
2002-03-26,5.5,5.5,,4.7,,
2002-03-27,5.5,6.0,,5.5,,
2002-03-28,5.0,5.0,,4.4,,
2002-03-29,5.0,5.5,,4.7,,
2002-03-30,5.0,5.5,,4.9,,
2002-03-31,5.5,6.0,,5.4,,
2002-04-01,4.0,5.0,,5.5,,
2002-04-02,2.5,2.0,,2.5,,
2002-04-03,3.5,4.0,,3.1,,
2002-04-04,5.0,5.5,,4.9,,
2002-04-05,6.5,7.5,,6.5,,
2002-04-06,8.5,9.0,,7.6,,
2002-04-07,6.5,7.5,,7.3,,
2002-04-08,7.0,8.0,,6.7,,
2002-04-09,6.5,7.0,,6.5,,
2002-04-10,8.0,8.0,,6.9,,
2002-04-11,7.5,8.0,,,,
2002-04-12,8.5,9.0,,,,
2002-04-13,8.5,8.5,,7.9,,
2002-04-14,9.0,9.0,,7.6,,
2002-04-15,6.0,7.0,,5.7,,
2002-04-16,6.0,5.5,,5.5,,
2002-04-17,5.5,5.5,,5.5,,
2002-04-18,4.5,4.5,,5.3,,
2002-04-19,5.5,6.0,,5.6,,
2002-04-20,7.0,7.5,,6.7,,
2002-04-21,7.0,7.5,,6.9,,
2002-04-22,9.0,9.0,,7.5,,
2002-04-23,8.5,8.5,,7.1,,
2002-04-24,7.0,7.0,,5.8,,
2002-04-25,7.5,8.0,,6.9,,
2002-04-26,8.5,9.0,,7.8,,
2002-04-27,7.0,7.5,,7.7,,
2002-04-28,8.0,7.5,,7.4,,
2002-04-29,9.5,9.5,,7.9,,
2002-04-30,9.5,10.5,,8.8,,
2002-05-01,9.5,10.0,,9.2,,
2002-05-02,10.5,11.0,,9.4,,
2002-05-03,11.0,11.0,,9.4,,
2002-05-04,10.5,10.5,,8.3,,
2002-05-05,9.5,10.0,,7.8,,
2002-05-06,9.0,9.5,,7.4,,
2002-05-07,7.5,8.0,,7.1,,
2002-05-08,7.0,6.0,,6.9,,
2002-05-09,7.5,7.5,,6.9,,
2002-05-10,8.5,9.5,,8.0,,
2002-05-11,9.5,9.0,,8.8,,
2002-05-12,11.0,11.5,,10.0,,
2002-05-13,13.0,13.5,,11.9,,
2002-05-14,13.0,13.0,,11.9,,
2002-05-15,11.0,11.0,,9.4,,
2002-05-16,12.0,11.5,,9.3,,
2002-05-17,12.0,12.0,,9.8,,
2002-05-18,12.0,13.0,,10.4,,
2002-05-19,14.5,15.0,,11.4,,
2002-05-20,15.0,15.5,,11.3,,
2002-05-21,11.0,11.5,,8.8,,
2002-05-22,8.5,8.5,,7.0,,
2002-05-23,8.0,8.5,,6.6,,
2002-05-24,10.0,10.5,,7.9,,
2002-05-25,11.5,12.0,,8.9,,
2002-05-26,12.5,13.0,,10.4,,
2002-05-27,13.5,14.5,,11.0,,
2002-05-28,13.5,14.5,,10.9,,
2002-05-29,15.0,15.5,,10.7,,
2002-05-30,13.5,16.0,,11.1,,
2002-05-31,13.0,15.5,,10.5,,
2002-06-01,12.0,14.0,,10.6,,
2002-06-02,11.0,12.0,,10.1,,
2002-06-03,11.5,12.5,,10.2,,
2002-06-04,12.5,13.5,,10.8,,
2002-06-05,13.5,14.5,,11.2,,
2002-06-06,14.0,15.0,,11.3,,
2002-06-07,12.5,14.0,,10.7,,
2002-06-08,11.0,11.5,,9.7,,
2002-06-09,8.5,9.0,,7.9,,
2002-06-10,8.0,7.5,,7.0,,
2002-06-11,10.0,10.5,,8.5,,
2002-06-12,11.5,12.5,,10.5,,
2002-06-13,12.5,14.0,,12.0,,
2002-06-14,14.5,16.0,,13.3,,
2002-06-15,15.5,17.0,,14.2,,
2002-06-16,15.0,17.5,,14.2,,
2002-06-17,14.5,16.5,,13.8,,
2002-06-18,13.0,14.0,,12.3,,
2002-06-19,11.0,12.5,,10.7,,
2002-06-20,13.0,14.0,,11.1,,
2002-06-21,15.0,16.5,,13.4,,
2002-06-22,14.5,16.0,,14.2,,
2002-06-23,15.0,16.5,,14.4,,
2002-06-24,15.5,17.0,,14.5,,
2002-06-25,16.5,18.5,,15.2,,
2002-06-26,17.0,19.5,,16.0,,
2002-06-27,17.5,19.5,,16.6,,
2002-06-28,17.0,19.0,,16.3,,
2002-06-29,16.0,17.5,,15.3,,
2002-06-30,15.5,17.0,,14.2,,
2002-07-01,16.0,17.0,,14.5,,
2002-07-02,15.5,17.0,,14.7,,
2002-07-03,15.5,17.0,,15.2,,
2002-07-04,17.0,18.0,,15.8,,
2002-07-05,16.5,17.5,,16.0,,
2002-07-06,17.0,18.5,,16.7,,
2002-07-07,17.0,18.0,,17.7,,
2002-07-08,17.0,18.0,,16.7,,
2002-07-09,16.5,17.5,,15.5,,
2002-07-10,17.5,19.0,,16.9,,
2002-07-11,19.5,20.5,,18.7,,
2002-07-12,20.5,21.5,,19.8,,
2002-07-13,20.5,21.5,,20.5,,
2002-07-14,21.5,21.5,,21.1,,
2002-07-15,21.0,21.0,,21.2,,
2002-07-16,20.0,20.0,,20.2,,
2002-07-17,20.0,19.5,,19.7,,
2002-07-18,20.0,20.0,,19.8,,
2002-07-19,19.5,19.0,,20.4,,
2002-07-20,19.0,19.5,,20.1,,
2002-07-21,19.0,19.5,,19.7,,
2002-07-22,19.0,19.0,,19.5,,
2002-07-23,19.5,19.5,,20.0,,
2002-07-24,19.5,19.5,,20.4,,
2002-07-25,19.0,19.0,,20.4,,
2002-07-26,17.0,17.5,,19.7,,
2002-07-27,17.0,17.5,,19.0,,
2002-07-28,17.0,17.0,,17.9,,
2002-07-29,18.5,18.5,,17.6,,
2002-07-30,18.0,18.0,,18.2,,
2002-07-31,17.5,17.5,,18.1,,
2002-08-01,17.0,16.0,,17.1,,
2002-08-02,17.0,16.5,,17.4,,
2002-08-03,16.0,16.0,,17.0,,
2002-08-04,17.0,16.5,,16.8,,
2002-08-05,16.5,16.5,,17.0,,
2002-08-06,16.5,16.5,,16.5,,
2002-08-07,14.5,15.0,,15.3,,
2002-08-08,12.5,13.0,,14.3,,
2002-08-09,13.0,14.0,,15.0,,
2002-08-10,15.5,16.5,,16.3,,
2002-08-11,16.0,16.5,,17.0,,
2002-08-12,16.5,16.5,,17.2,,
2002-08-13,17.0,17.0,,17.3,,
2002-08-14,17.0,17.5,,17.7,,
2002-08-15,16.5,16.5,,17.3,,
2002-08-16,16.0,16.0,,16.7,,
2002-08-17,15.0,15.0,,15.9,,
2002-08-18,15.5,15.5,,16.0,,
2002-08-19,16.0,16.0,,16.0,,
2002-08-20,16.0,16.0,,15.8,,
2002-08-21,14.5,14.0,,14.8,,
2002-08-22,13.5,14.5,,14.5,,
2002-08-23,14.0,15.0,,15.0,,
2002-08-24,15.0,16.5,,16.2,,
2002-08-25,14.5,16.0,,16.5,,
2002-08-26,14.5,16.0,,16.6,,
2002-08-27,14.5,15.5,,16.4,,
2002-08-28,15.0,16.5,,17.0,,
2002-08-29,15.0,16.5,,17.3,,
2002-08-30,14.5,15.5,,17.2,,
2002-08-31,15.0,16.0,,17.0,,
2002-09-01,14.5,15.0,,16.7,,
2002-09-02,15.5,15.5,,15.6,,
2002-09-03,15.5,16.0,,16.6,,
2002-09-04,15.5,16.0,,17.2,,
2002-09-05,15.5,15.5,,17.4,,
2002-09-06,14.0,14.0,,16.7,,
2002-09-07,13.0,13.5,,15.0,,
2002-09-08,12.0,13.0,,14.3,,
2002-09-09,12.0,13.0,,13.9,,
2002-09-10,13.0,13.5,,14.1,,
2002-09-11,14.0,14.5,,14.8,,
2002-09-12,14.5,15.0,,15.2,,
2002-09-13,14.5,15.0,,15.4,,
2002-09-14,14.0,14.5,,15.1,,
2002-09-15,14.0,15.0,,15.1,,
2002-09-16,13.5,14.5,,15.0,,
2002-09-17,12.5,12.5,,14.4,,
2002-09-18,11.5,12.0,,13.5,,
2002-09-19,11.5,13.0,,13.0,,
2002-09-20,12.0,12.5,,13.4,,
2002-09-21,10.5,11.0,,12.3,,
2002-09-22,9.5,10.5,,11.3,,
2002-09-23,10.5,11.0,,11.4,,
2002-09-24,11.5,11.5,,11.9,,
2002-09-25,11.0,11.0,,11.9,,
2002-09-26,10.0,10.5,,,,
2002-09-27,9.0,9.5,,10.9,,
2002-09-28,9.5,10.0,,10.4,,
2002-09-29,10.0,10.0,,10.8,,
2002-09-30,,9.5,,,,
2007-07-09,,,,,,21.5
2007-07-10,,,,,,21.5
2007-07-11,,,,,21.5,21.5
2007-07-12,,,,,21.5,21.5
2007-07-13,,,,,22.5,22.5
2007-07-14,,,,,23.0,22.5
2007-07-15,,,,,23.0,23.0
2007-07-16,,,,,23.0,23.0
2007-07-17,,,,,22.5,22.5
2007-07-18,,,,,22.5,22.5
2007-07-19,,,,,22.0,22.5
2007-07-20,,,,,22.0,22.0
2007-07-21,,,,,22.0,22.0
2007-07-22,,,,,22.0,22.0
2007-07-23,,,,,22.5,23.0
2007-07-24,,,,,22.5,23.5
2007-07-25,,,,,22.5,22.5
2007-07-26,,,,,22.0,22.5
2007-07-27,,,,,22.0,22.5
2007-07-28,,,,,22.5,22.5
2007-07-29,,,,,22.0,22.5
2007-07-30,,,,,22.0,22.5
2007-07-31,,,,,22.0,22.0
2007-08-01,,,,,21.5,21.5
2007-08-02,,,,,21.0,21.5
2007-08-03,,,,,21.0,21.5
2007-08-04,,,,,20.5,20.5
2007-08-05,,,,,20.0,20.0
2007-08-06,,,,,19.5,19.5
2007-08-07,,,,,19.0,19.0
2007-08-08,,,,,19.0,19.0
2007-08-09,,,,,19.0,19.0
2007-08-10,,,,,19.5,19.5
2007-08-11,,,,,18.5,18.5
2007-08-12,,,,,18.5,19.0
2007-08-13,,,,,19.0,19.0
2007-08-14,,,,,19.0,19.5
2007-08-15,,,,,19.0,19.5
2007-08-16,,,,,18.5,19.0
2007-08-17,,,,,19.0,18.5
2007-08-18,,,,,18.5,19.0
2007-08-19,,,,,17.5,18.0
2007-08-20,,,,,16.5,16.5
2007-08-21,,,,,15.5,16.0
2007-08-22,,,,,16.0,16.0
2007-08-23,,,,,16.0,16.5
2007-08-24,,,,,16.5,16.0
2007-08-25,,,,,17.0,17.0
2007-08-26,,,,,17.0,17.0
2007-08-27,,,,,17.0,16.5
2007-08-28,,,,,17.0,16.5
2007-08-29,,,,,17.0,17.0
2007-08-30,,,,,17.5,17.5
2007-08-31,,,,,17.5,17.5
2007-09-01,,,,,18.0,18.0
2007-09-02,,,,,18.5,18.5
2007-09-03,,,,,18.5,18.5
2007-09-04,,,,,18.5,18.5
2007-09-05,,,,,18.5,18.5
2007-09-06,,,,,18.0,18.0
2007-09-07,,,,,17.5,17.0
2007-09-08,,,,,16.5,16.5
2007-09-09,,,,,16.0,16.0
2007-09-10,,,,,15.5,15.5
2007-09-11,,,,,15.5,15.5
2007-09-12,,,,,15.5,15.5
2007-09-13,,,,,15.5,15.5
2007-09-14,,,,,15.0,15.0
2007-09-15,,,,,15.0,15.0
2007-09-16,,,,,15.0,15.0
2007-09-17,,,,,14.5,14.5
2007-09-18,,,,,14.0,13.5
2007-09-19,,,,,13.0,13.0
2007-09-20,,,,,12.0,12.0
2007-09-21,,,,,12.0,12.0
2007-09-22,,,,,11.5,12.0
2007-09-23,,,,,12.0,12.5
2007-09-24,,,,,12.0,12.0
2007-09-25,,,,,11.5,11.5
2007-09-26,,,,,11.5,11.5
2007-09-27,,,,,11.5,11.5
2007-09-28,,,,,12.0,11.5
2007-09-29,,,,,12.0,11.5
2007-09-30,,,,,11.0,10.5
2008-06-30,,,,,16.4,
2008-07-01,,,,,16.5,16.0
2008-07-02,,,,,16.0,15.5
2008-07-03,,,,,16.5,16.0
2008-07-04,,,,,17.0,16.5
2008-07-05,,,,,17.5,17.0
2008-07-06,,,,,17.0,17.0
2008-07-07,,,,,16.5,16.5
2008-07-08,,,,,17.0,16.5
2008-07-09,,,,,17.0,17.0
2008-07-10,,,,,17.5,17.0
2008-07-11,,,,,16.5,16.5
2008-07-12,,,,,16.5,16.0
2008-07-13,,,,,17.0,16.5
2008-07-14,,,,,17.5,17.0
2008-07-15,,,,,17.0,17.0
2008-07-16,,,,,16.5,16.5
2008-07-17,,,,,17.0,16.5
2008-07-18,,,,,17.5,17.0
2008-07-19,,,,,17.5,17.5
2008-07-20,,,,,18.0,17.5
2008-07-21,,,,,18.0,18.0
2008-07-22,,,,,18.5,18.0
2008-07-23,,,,,18.0,17.5
2008-07-24,,,,,18.0,17.5
2008-07-25,,,,,18.5,18.5
2008-07-26,,,,,19.5,19.0
2008-07-27,,,,,19.5,19.5
2008-07-28,,,,,19.5,19.0
2008-07-29,,,,,19.0,19.0
2008-07-30,,,,,18.5,18.5
2008-07-31,,,,,18.0,18.0
2008-08-01,,,,,18.5,18.0
2008-08-02,,,,,18.5,18.5
2008-08-03,,,,,18.5,18.0
2008-08-04,,,,,18.0,18.0
2008-08-05,,,,,18.5,18.0
2008-08-06,,,,,19.0,19.0
2008-08-07,,,,,19.5,19.5
2008-08-08,,,,,20.0,19.5
2008-08-09,,,,,20.0,20.0
2008-08-10,,,,,18.5,18.5
2008-08-11,,,,,18.0,17.5
2008-08-12,,,,,18.0,18.0
2008-08-13,,,,,18.0,18.0
2008-08-14,,,,,18.5,18.5
2008-08-15,,,,,19.0,19.0
2008-08-16,,,,,19.5,19.5
2008-08-17,,,,,19.5,19.5
2008-08-18,,,,,20.0,20.0
2008-08-19,,,,,19.5,19.5
2008-08-20,,,,,19.0,18.5
2008-08-21,,,,,18.0,17.0
2008-08-22,,,,,16.5,16.5
2008-08-23,,,,,17.0,16.5
2008-08-24,,,,,17.5,17.0
2008-08-25,,,,,18.0,18.0
2008-08-26,,,,,18.0,17.5
2008-08-27,,,,,16.5,16.0
2008-08-28,,,,,15.5,15.5
2008-08-29,,,,,16.5,15.5
2008-08-30,,,,,16.5,16.5
2008-08-31,,,,,16.5,16.0
2008-09-01,,,,,16.0,15.5
2008-09-02,,,,,15.0,15.0
2008-09-03,,,,,14.5,15.0
2008-09-04,,,,,14.5,14.5
2008-09-05,,,,,14.0,13.5
2008-09-06,,,,,14.0,13.5
2008-09-07,,,,,14.5,14.0
2008-09-08,,,,,14.5,14.0
2008-09-09,,,,,15.0,14.5
2008-09-10,,,,,15.0,14.5
2008-09-11,,,,,14.5,14.0
2008-09-12,,,,,14.5,14.5
2008-09-13,,,,,14.5,14.5
2008-09-14,,,,,15.0,14.5
2008-09-15,,,,,15.0,15.0
2008-09-16,,,,,15.0,15.0
2008-09-17,,,,,15.0,15.0
2008-09-18,,,,,15.0,14.5
2008-09-19,,,,,15.0,15.0
2008-09-20,,,,,15.0,15.0
2008-09-21,,,,,15.5,14.5
2008-09-22,,,,,14.5,13.5
2008-09-23,,,,,13.0,12.5
2008-09-24,,,,,12.5,12.0
2008-09-25,,,,,12.5,12.0
2008-09-26,,,,,13.0,12.5
2008-09-27,,,,,13.0,12.5
2008-09-28,,,,,13.0,12.5
2008-09-29,,,,,13.0,12.5
2008-09-30,,,,,13.0,12.5
2008-10-01,,,,,,12.8
2009-07-01,,,,,17.5,18.5
2009-07-02,,,,,17.5,18.5
2009-07-03,,,,,18.0,19.0
2009-07-04,,,,,18.5,19.5
2009-07-05,,,,,19.0,19.5
2009-07-06,,,,,18.0,19.0
2009-07-07,,,,,17.5,18.5
2009-07-08,,,,,17.0,17.5
2009-07-09,,,,,15.5,17.0
2009-07-10,,,,,16.0,17.5
2009-07-11,,,,,16.5,17.5
2009-07-12,,,,,17.5,18.5
2009-07-13,,,,,17.0,18.0
2009-07-14,,,,,17.0,18.0
2009-07-15,,,,,17.5,19.0
2009-07-16,,,,,18.0,19.5
2009-07-17,,,,,18.5,20.0
2009-07-18,,,,,19.5,20.5
2009-07-19,,,,,19.5,20.5
2009-07-20,,,,,19.5,20.5
2009-07-21,,,,,19.5,21.0
2009-07-22,,,,,20.0,21.0
2009-07-23,,,,,20.5,21.0
2009-07-24,,,,,20.5,21.5
2009-07-25,,,,,,22.0
2009-07-26,,,,,,21.5
2009-07-27,,,,,,21.5
2009-07-28,,,,,,21.5
2009-07-29,,,,,,21.5
2009-07-30,,,,,,21.0
2009-07-31,,,,,,21.0
2009-08-01,,,,,,21.5
2009-08-02,,,,,,21.5
2009-08-03,,,,,,21.0
2009-08-04,,,,,,21.0
2009-08-05,,,,,,21.0
2009-08-06,,,,,,20.5
2009-08-07,,,,,18.5,20.0
2009-08-08,,,,,17.0,17.5
2009-08-09,,,,,17.5,18.5
2009-08-10,,,,,18.0,19.5
2009-08-11,,,,,18.5,20.0
2009-08-12,,,,,19.0,19.5
2009-08-13,,,,,18.5,19.0
2009-08-14,,,,,17.0,18.0
2009-08-15,,,,,16.0,17.0
2009-08-16,,,,,15.5,16.5
2009-08-17,,,,,16.0,17.0
2009-08-18,,,,,16.5,18.0
2009-08-19,,,,,18.0,19.0
2009-08-20,,,,,19.0,20.0
2009-08-21,,,,,20.0,20.5
2009-08-22,,,,,20.0,20.5
2009-08-23,,,,,19.0,20.0
2009-08-24,,,,,18.5,19.0
2009-08-25,,,,,18.0,18.5
2009-08-26,,,,,18.0,18.5
2009-08-27,,,,,18.5,19.0
2009-08-28,,,,,18.5,19.0
2009-08-29,,,,,18.0,18.5
2009-08-30,,,,,18.0,19.0
2009-08-31,,,,,18.5,19.5
2009-09-01,,,,,19.0,19.5
2009-09-02,,,,,19.5,20.0
2009-09-03,,,,,19.0,19.5
2009-09-04,,,,,18.5,19.0
2009-09-05,,,,,17.5,18.5
2009-09-06,,,,,17.0,17.5
2009-09-07,,,,,16.0,16.5
2009-09-08,,,,,15.5,16.0
2009-09-09,,,,,15.0,16.0
2009-09-10,,,,,15.0,15.5
2009-09-11,,,,,15.5,16.0
2009-09-12,,,,,15.5,16.5
2009-09-13,,,,,16.0,16.5
2009-09-14,,,,,16.0,16.5
2009-09-15,,,,,16.5,17.0
2009-09-16,,,,,17.0,17.5
2009-09-17,,,,,17.0,18.0
2009-09-18,,,,,17.0,17.5
2009-09-19,,,,,17.0,17.5
2009-09-20,,,,,16.5,17.0
2009-09-21,,,,,15.0,15.5
2009-09-22,,,,,14.5,15.0
2009-09-23,,,,,14.5,15.0
2009-09-24,,,,,14.5,15.5
2009-09-25,,,,,15.0,16.0
2009-09-26,,,,,15.0,15.5
2009-09-27,,,,,14.5,15.0
2009-09-28,,,,,13.5,14.5
2009-09-29,,,,,13.0,14.0
2009-09-30,,,,,12.0,13.0
2010-07-01,,,,,17.5,17.5
2010-07-02,,,,,17.0,17.0
2010-07-03,,,,,15.5,16.0
2010-07-04,,,,,15.0,15.0
2010-07-05,,,,,14.5,14.5
2010-07-06,,,,,15.0,15.0
2010-07-07,,,,,16.0,16.0
2010-07-08,,,,,17.0,17.0
2010-07-09,,,,,18.5,18.0
2010-07-10,,,,,19.0,19.0
2010-07-11,,,,,19.0,19.0
2010-07-12,,,,,19.0,19.0
2010-07-13,,,,,17.5,18.0
2010-07-14,,,,,16.5,17.0
2010-07-15,,,,,17.5,17.5
2010-07-16,,,,,18.5,18.5
2010-07-17,,,,,19.0,19.0
2010-07-18,,,,,19.5,19.5
2010-07-19,,,,,19.0,19.0
2010-07-20,,,,,19.0,19.0
2010-07-21,,,,,19.5,19.5
2010-07-22,,,,,19.0,19.0
2010-07-23,,,,,19.0,19.0
2010-07-24,,,,,19.0,19.0
2010-07-25,,,,,20.0,20.0
2010-07-26,,,,,20.5,20.5
2010-07-27,,,,,20.0,20.0
2010-07-28,,,,,19.0,19.5
2010-07-29,,,,,19.5,20.0
2010-07-30,,,,,20.0,19.5
2010-07-31,,,,,20.5,20.0
2010-08-01,,,,,20.5,20.5
2010-08-02,,,,,,20.0
2010-08-03,,,,,,19.5
2010-08-04,,,,,,20.0
2010-08-05,,,,,,20.5
2010-08-06,,,,,,21.0
2010-08-07,,,,,,21.0
2010-08-08,,,,,,20.5
2010-08-09,,,,,,19.5
2010-08-10,,,,,,19.5
2010-08-11,,,,,,19.0
2010-08-12,,,,,18.0,18.0
2010-08-13,,,,,18.5,18.5
2010-08-14,,,,,18.5,18.5
2010-08-15,,,,,19.0,19.0
2010-08-16,,,,,19.5,19.5
2010-08-17,,,,,20.0,20.0
2010-08-18,,,,,19.5,20.0
2010-08-19,,,,,19.5,19.5
2010-08-20,,,,,18.5,19.0
2010-08-21,,,,,18.5,18.5
2010-08-22,,,,,18.0,18.0
2010-08-23,,,,,17.5,17.0
2010-08-24,,,,,17.0,17.0
2010-08-25,,,,,17.5,17.5
2010-08-26,,,,,18.0,18.0
2010-08-27,,,,,17.5,17.5
2010-08-28,,,,,16.0,16.0
2010-08-29,,,,,15.5,15.0
2010-08-30,,,,,15.0,15.0
2010-08-31,,,,,14.5,14.5
2010-09-01,,,,,14.0,14.0
2010-09-02,,,,,14.0,14.5
2010-09-03,,,,,14.5,15.0
2010-09-04,,,,,15.5,15.5
2010-09-05,,,,,15.5,15.0
2010-09-06,,,,,14.0,14.5
2010-09-07,,,,,14.0,14.0
2010-09-08,,,,,14.0,14.0
2010-09-09,,,,,14.0,14.0
2010-09-10,,,,,14.0,14.0
2010-09-11,,,,,13.5,13.5
2010-09-12,,,,,14.0,14.0
2010-09-13,,,,,14.5,14.5
2010-09-14,,,,,14.5,14.5
2010-09-15,,,,,15.0,14.5
2010-09-16,,,,,15.0,15.0
2010-09-17,,,,,14.5,14.5
2010-09-18,,,,,14.0,14.0
2010-09-19,,,,,14.5,14.5
2010-09-20,,,,,14.5,14.0
2010-09-21,,,,,14.0,14.5
2010-09-22,,,,,13.5,13.5
2010-09-23,,,,,13.0,13.0
2010-09-24,,,,,13.0,13.0
2010-09-25,,,,,13.5,13.5
2010-09-26,,,,,13.5,13.5
2010-09-27,,,,,14.0,14.0
2010-09-28,,,,,15.0,14.5
2010-09-29,,,,,15.5,15.0
2010-09-30,,,,,15.5,15.5
2011-07-01,,,,,12.5,12.5
2011-07-02,,,,,13.0,13.0
2011-07-03,,,,,14.0,13.5
2011-07-04,,,,,14.5,14.5
2011-07-05,,,,,15.0,15.0
2011-07-06,,,,,15.5,15.0
2011-07-07,,,,,15.5,15.0
2011-07-08,,,,,15.0,15.0
2011-07-09,,,,,14.5,14.0
2011-07-10,,,,,,14.0
2011-07-11,,,,,,14.5
2011-07-12,,,,,16.0,15.5
2011-07-13,,,,,16.5,16.0
2011-07-14,,,,,15.5,15.5
2011-07-15,,,,,15.0,15.0
2011-07-16,,,,,,15.5
2011-07-17,,,,,,15.5
2011-07-18,,,,,,16.5
2011-07-19,,,,,,17.5
2011-07-20,,,,,,17.0
2011-07-21,,,,,,16.0
2011-07-22,,,,,,16.0
2011-07-23,,,,,,16.0
2011-07-24,,,,,,16.0
2011-07-25,,,,,17.0,17.0
2011-07-26,,,,,17.5,17.0
2011-07-27,,,,,17.0,17.0
2011-07-28,,,,,17.0,17.0
2011-07-29,,,,,17.5,17.0
2011-07-30,,,,,17.5,17.5
2011-07-31,,,,,18.0,18.0
2011-08-01,,,,,18.5,18.5
2011-08-02,,,,,19.0,18.5
2011-08-03,,,,,19.0,19.0
2011-08-04,,,,,19.0,19.0
2011-08-05,,,,,18.5,19.0
2011-08-06,,,,,18.5,18.5
2011-08-07,,,,,18.5,18.5
2011-08-08,,,,,18.5,18.5
2011-08-09,,,,,19.0,18.5
2011-08-10,,,,,18.5,18.5
2011-08-11,,,,,17.5,18.0
2011-08-12,,,,,17.5,17.5
2011-08-13,,,,,18.0,18.0
2011-08-14,,,,,18.5,18.5
2011-08-15,,,,,18.5,18.0
2011-08-16,,,,,17.5,17.5
2011-08-17,,,,,17.5,17.5
2011-08-18,,,,,17.5,17.0
2011-08-19,,,,,17.5,17.5
2011-08-20,,,,,17.5,17.5
2011-08-21,,,,,18.0,18.0
2011-08-22,,,,,18.0,18.0
2011-08-23,,,,,18.5,18.5
2011-08-24,,,,,18.5,18.5
2011-08-25,,,,,19.0,19.0
2011-08-26,,,,,19.0,19.0
2011-08-27,,,,,19.0,19.0
2011-08-28,,,,,19.0,19.0
2011-08-29,,,,,19.0,19.0
2011-08-30,,,,,18.5,18.5
2011-08-31,,,,,17.5,18.0
2011-09-01,,,,,16.5,16.5
2011-09-02,,,,,16.0,16.0
2011-09-03,,,,,15.5,15.5
2011-09-04,,,,,15.0,15.5
2011-09-05,,,,,15.5,15.5
2011-09-06,,,,,15.5,15.5
2011-09-07,,,,,16.0,16.0
2011-09-08,,,,,16.0,16.0
2011-09-09,,,,,16.0,16.0
2011-09-10,,,,,16.0,16.0
2011-09-11,,,,,16.0,16.0
2011-09-12,,,,,16.5,16.0
2011-09-13,,,,,16.5,16.5
2011-09-14,,,,,16.0,16.0
2011-09-15,,,,,15.5,15.5
2011-09-16,,,,,15.0,15.0
2011-09-17,,,,,14.0,14.0
2011-09-18,,,,,13.5,14.0
2011-09-19,,,,,14.0,13.5
2011-09-20,,,,,13.5,13.5
2011-09-21,,,,,13.5,13.5
2011-09-22,,,,,13.5,13.5
2011-09-23,,,,,14.0,14.0
2011-09-24,,,,,14.5,14.5
2011-09-25,,,,,14.5,14.0
2011-09-26,,,,,14.5,14.0
2011-09-27,,,,,14.5,14.5
2011-09-28,,,,,14.5,14.0
2011-09-29,,,,,14.0,13.5
2011-09-30,,,,,13.0,13.5
2012-07-01,,,,,,15.7
2012-07-02,,,,,,15.9
2012-07-03,,,,,,16.0
2012-07-04,,,,,15.8,15.4
2012-07-05,,,,,16.2,15.8
2012-07-06,,,,,16.5,16.1
2012-07-07,,,,,17.5,16.9
2012-07-08,,,,,18.1,17.8
2012-07-09,,,,,18.8,18.3
2012-07-10,,,,,18.5,18.4
2012-07-11,,,,,18.5,18.5
2012-07-12,,,,,19.5,19.0
2012-07-13,,,,,19.8,19.5
2012-07-14,,,,,19.4,19.2
2012-07-15,,,,,18.8,18.7
2012-07-16,,,,,19.0,18.6
2012-07-17,,,,,19.6,19.3
2012-07-18,,,,,20.2,20.0
2012-07-19,,,,,20.6,20.4
2012-07-20,,,,,20.5,20.3
2012-07-21,,,,,20.2,20.0
2012-07-22,,,,,20.3,20.0
2012-07-23,,,,,20.3,20.1
2012-07-24,,,,,19.4,19.2
2012-07-25,,,,,19.2,19.1
2012-07-26,,,,,19.3,19.1
2012-07-27,,,,,19.5,19.3
2012-07-28,,,,,20.2,20.0
2012-07-29,,,,,20.1,19.9
2012-07-30,,,,,20.1,19.8
2012-07-31,,,,,20.3,20.0
2012-08-01,,,,,20.1,19.9
2012-08-02,,,,,19.1,19.1
2012-08-03,,,,,18.7,18.5
2012-08-04,,,,,18.8,18.7
2012-08-05,,,,,19.3,19.2
2012-08-06,,,,,19.1,19.2
2012-08-07,,,,,19.5,19.0
2012-08-08,,,,,19.6,19.7
2012-08-09,,,,,20.1,19.7
2012-08-10,,,,,20.1,19.9
2012-08-11,,,,,20.1,19.9
2012-08-12,,,,,19.8,19.9
2012-08-13,,,,,19.7,19.7
2012-08-14,,,,,20.0,19.8
2012-08-15,,,,,,19.4
2012-08-16,,,,,,19.0
2012-08-17,,,,,,19.3
2012-08-18,,,,,19.0,19.2
2012-08-19,,,,,19.3,19.5
2012-08-20,,,,,19.2,19.8
2012-08-21,,,,,18.7,18.9
2012-08-22,,,,,18.4,18.5
2012-08-23,,,,,17.7,18.2
2012-08-24,,,,,17.3,17.2
2012-08-25,,,,,16.7,16.7
2012-08-26,,,,,16.3,16.7
2012-08-27,,,,,16.7,17.0
2012-08-28,,,,,17.2,17.5
2012-08-29,,,,,17.3,17.6
2012-08-30,,,,,17.0,17.1
2012-08-31,,,,,16.5,16.7
2012-09-01,,,,,16.6,16.7
2012-09-02,,,,,15.9,16.0
2012-09-03,,,,,15.5,15.8
2012-09-04,,,,,15.3,15.9
2012-09-05,,,,,15.5,15.6
2012-09-06,,,,,16.1,16.2
2012-09-07,,,,,16.2,16.2
2012-09-08,,,,,16.1,16.5
2012-09-09,,,,,15.7,16.0
2012-09-10,,,,,14.5,15.1
2012-09-11,,,,,13.7,13.7
2012-09-12,,,,,13.3,13.4
2012-09-13,,,,,13.3,13.5
2012-09-14,,,,,13.2,13.6
2012-09-15,,,,,13.4,13.7
2012-09-16,,,,,13.6,14.0
2012-09-17,,,,,13.8,14.1
2012-09-18,,,,,14.0,14.3
2012-09-19,,,,,14.2,14.4
2012-09-20,,,,,14.3,14.5
2012-09-21,,,,,14.2,14.6
2012-09-22,,,,,14.1,14.5
2012-09-23,,,,,13.7,14.2
2012-09-24,,,,,13.7,14.0
2012-09-25,,,,,13.8,14.2
2012-09-26,,,,,13.9,14.0
2012-09-27,,,,,13.4,13.7
2012-09-28,,,,,13.5,13.4
2012-09-29,,,,,13.7,14.0
2012-09-30,,,,,13.8,14.0
2013-07-01,,,,,20.3,20.0
2013-07-02,,,,,21.3,21.1
2013-07-03,,,,,21.8,21.6
2013-07-04,,,,,21.4,21.5
2013-07-05,,,,,20.5,20.6
2013-07-06,,,,,20.0,19.9
2013-07-07,,,,,19.8,19.8
2013-07-08,,,,,19.6,19.5
2013-07-09,,,,,19.4,19.4
2013-07-10,,,,,19.7,19.6
2013-07-11,,,,,20.1,20.0
2013-07-12,,,,,19.4,19.4
2013-07-13,,,,,19.4,19.4
2013-07-14,,,,,19.2,19.2
2013-07-15,,,,,19.2,19.1
2013-07-16,,,,,19.6,19.4
2013-07-17,,,,,20.6,20.2
2013-07-18,,,,,20.9,20.8
2013-07-19,,,,,20.8,20.5
2013-07-20,,,,,20.8,20.5
2013-07-21,,,,,20.7,20.6
2013-07-22,,,,,20.5,20.6
2013-07-23,,,,,20.6,20.6
2013-07-24,,,,,20.9,21.0
2013-07-25,,,,,21.0,20.9
2013-07-26,,,,,20.8,20.9
2013-07-27,,,,,20.4,20.6
2013-07-28,,,,,19.9,20.0
2013-07-29,,,,,19.4,19.6
2013-07-30,,,,,19.3,19.5
2013-07-31,,,,,19.3,19.3
2013-08-01,,,,,18.6,18.8
2013-08-02,,,,,17.5,17.5
2013-08-03,,,,,16.6,16.9
2013-08-04,,,,,17.4,17.3
2013-08-05,,,,,18.3,18.5
2013-08-06,,,,,18.8,19.0
2013-08-07,,,,,19.3,19.2
2013-08-08,,,,,19.7,19.7
2013-08-09,,,,,20.2,20.2
2013-08-10,,,,,20.6,20.8
2013-08-11,,,,,20.4,20.9
2013-08-12,,,,,20.4,20.5
2013-08-13,,,,,19.6,20.6
2013-08-14,,,,,19.3,19.7
2013-08-15,,,,,19.7,19.9
2013-08-16,,,,,19.9,20.3
2013-08-17,,,,,20.3,20.5
2013-08-18,,,,,20.3,20.5
2013-08-19,,,,,19.9,20.2
2013-08-20,,,,,19.7,19.9
2013-08-21,,,,,19.4,19.4
2013-08-22,,,,,18.8,19.1
2013-08-23,,,,,18.9,18.9
2013-08-24,,,,,18.9,19.0
2013-08-25,,,,,18.9,19.3
2013-08-26,,,,,19.0,19.0
2013-08-27,,,,,18.9,19.0
2013-08-28,,,,,18.8,18.9
2013-08-29,,,,,18.8,18.8
2013-08-30,,,,,18.5,18.5
2013-08-31,,,,,18.5,18.5
2013-09-01,,,,,18.5,18.7
2013-09-02,,,,,18.5,18.7
2013-09-03,,,,,18.3,18.1
2013-09-04,,,,,18.2,18.2
2013-09-05,,,,,18.4,19.0
2013-09-06,,,,,18.9,18.6
2013-09-07,,,,,18.8,18.6
2013-09-08,,,,,18.0,18.3
2013-09-09,,,,,18.2,18.1
2013-09-10,,,,,17.9,18.4
2013-09-11,,,,,18.0,18.1
2013-09-12,,,,,18.2,18.3
2013-09-13,,,,,18.3,18.3
2013-09-14,,,,,18.3,18.3
2013-09-15,,,,,18.3,18.2
2013-09-16,,,,,18.0,18.4
2013-09-17,,,,,17.2,17.1
2013-09-18,,,,,16.4,16.0
2013-09-19,,,,,15.4,15.3
2013-09-20,,,,,14.5,14.9
2013-09-21,,,,,14.0,14.3
2013-09-22,,,,,13.8,13.8
2013-09-23,,,,,13.5,13.3
2013-09-24,,,,,12.8,12.9
2013-09-25,,,,,12.1,12.0
2013-09-26,,,,,11.3,11.3
2013-09-27,,,,,10.3,10.3
2013-09-28,,,,,10.4,10.2
2013-09-29,,,,,10.8,10.8
2013-09-30,,,,,10.8,10.6
2014-07-01,,,,,14.6,14.3
2014-07-02,,,,,15.8,15.6
2014-07-03,,,,,16.8,16.6
2014-07-04,,,,,17.1,17.0
2014-07-05,,,,,16.7,16.7
2014-07-06,,,,,16.9,16.8
2014-07-07,,,,,17.7,17.5
2014-07-08,,,,,18.4,18.2
2014-07-09,,,,,18.7,18.6
2014-07-10,,,,,18.3,18.6
2014-07-11,,,,,18.3,18.2
2014-07-12,,,,,18.8,18.7
2014-07-13,,,,,19.3,19.0
2014-07-14,,,,,19.4,19.1
2014-07-15,,,,,19.2,18.9
2014-07-16,,,,,19.2,19.2
2014-07-17,,,,,19.2,19.3
2014-07-18,,,,,18.8,18.6
2014-07-19,,,,,17.5,17.8
2014-07-20,,,,,17.5,17.3
2014-07-21,,,,,18.3,17.9
2014-07-22,,,,,18.4,18.2
2014-07-23,,,,,19.1,18.8
2014-07-24,,,,,19.0,18.6
2014-07-25,,,,,17.8,17.9
2014-07-26,,,,,18.0,17.8
2014-07-27,,,,,18.4,18.4
2014-07-28,,,,,19.3,19.1
2014-07-29,,,,,19.8,19.7
2014-07-30,,,,,19.8,20.0
2014-07-31,,,,,19.9,19.8
2014-08-01,,,,,20.0,19.9
2014-08-02,,,,,20.1,19.9
2014-08-03,,,,,20.5,20.6
2014-08-04,,,,,20.3,20.4
2014-08-05,,,,,20.4,20.4
2014-08-06,,,,,20.2,20.3
2014-08-07,,,,,20.3,20.1
2014-08-08,,,,,19.8,19.9
2014-08-09,,,,,19.4,19.3
2014-08-10,,,,,19.4,19.4
2014-08-11,,,,,19.6,19.6
2014-08-12,,,,,19.5,19.6
2014-08-13,,,,,19.2,19.3
2014-08-14,,,,,19.1,19.1
2014-08-15,,,,,19.1,19.1
2014-08-16,,,,,18.2,18.6
2014-08-17,,,,,18.2,18.2
2014-08-18,,,,,18.8,18.7
2014-08-19,,,,,19.2,19.0
2014-08-20,,,,,18.9,18.7
2014-08-21,,,,,18.3,18.5
2014-08-22,,,,,17.8,17.5
2014-08-23,,,,,16.8,16.6
2014-08-24,,,,,15.6,15.8
2014-08-25,,,,,15.4,15.7
2014-08-26,,,,,16.2,16.1
2014-08-27,,,,,17.2,16.9
2014-08-28,,,,,17.8,17.7
2014-08-29,,,,,18.1,17.9
2014-08-30,,,,,18.0,18.1
2014-08-31,,,,,17.2,17.3
2014-09-01,,,,,16.3,16.3
2014-09-02,,,,,15.7,15.9
2014-09-03,,,,,15.1,15.2
2014-09-04,,,,,14.8,14.6
2014-09-05,,,,,14.7,14.8
2014-09-06,,,,,15.1,15.0
2014-09-07,,,,,15.4,15.4
2014-09-08,,,,,15.3,15.3
2014-09-09,,,,,14.9,14.7
2014-09-10,,,,,14.4,14.0
2014-09-11,,,,,13.6,13.4
2014-09-12,,,,,12.5,12.8
2014-09-13,,,,,12.4,12.5
2014-09-14,,,,,12.6,12.6
2014-09-15,,,,,13.2,13.0
2014-09-16,,,,,13.6,13.6
2014-09-17,,,,,14.1,14.2
2014-09-18,,,,,14.6,14.7
2014-09-19,,,,,15.0,14.9
2014-09-20,,,,,15.0,14.9
2014-09-21,,,,,15.2,15.0
2014-09-22,,,,,15.4,15.5
2014-09-23,,,,,15.6,15.7
2014-09-24,,,,,16.0,15.9
2014-09-25,,,,,16.0,15.9
2014-09-26,,,,,15.7,15.8
2014-09-27,,,,,14.6,14.5
2014-09-28,,,,,13.6,13.5
2014-09-29,,,,,13.0,13.0
2014-09-30,,,,,12.6,12.6
2015-06-25,,,,,19.6,19.5
2015-06-26,,,,,20.6,20.5
2015-06-27,,,,,21.6,21.5
2015-06-28,,,,,22.6,22.6
2015-06-29,,,,,22.6,22.5
2015-06-30,,,,,22.4,22.5
2015-07-01,,,,,22.2,22.4
2015-07-02,,,,,22.7,22.5
2015-07-03,,,,,23.0,23.0
2015-07-04,,,,,23.1,23.0
2015-07-05,,,,,22.4,22.4
2015-07-06,,,,,21.7,21.5
2015-07-07,,,,,21.0,21.5
2015-07-08,,,,,20.7,21.0
2015-07-09,,,,,20.8,21.0
2015-07-10,,,,,20.9,20.9
2015-07-11,,,,,20.1,20.0
2015-07-12,,,,,20.2,19.8
2015-07-13,,,,,19.7,20.2
2015-07-14,,,,,19.9,20.0
2015-07-15,,,,,19.7,20.2
2015-07-16,,,,,19.5,19.1
2015-07-17,,,,,18.6,18.7
2015-07-18,,,,,18.7,18.8
2015-07-19,,,,,19.3,19.7
2015-07-20,,,,,20.4,20.5
2015-07-21,,,,,21.0,21.0
2015-07-22,,,,,21.0,21.0
2015-07-23,,,,,20.8,20.7
2015-07-24,,,,,20.4,20.7
2015-07-25,,,,,20.0,20.4
2015-07-26,,,,,19.8,19.8
2015-07-27,,,,,18.7,18.7
2015-07-28,,,,,18.0,17.9
2015-07-29,,,,,18.2,18.5
2015-07-30,,,,,19.3,19.4
2015-07-31,,,,,20.2,20.3
2015-08-01,,,,,20.7,20.8
2015-08-02,,,,,21.0,20.9
2015-08-03,,,,,20.8,21.0
2015-08-04,,,,,20.8,21.0
2015-08-05,,,,,20.2,20.5
2015-08-06,,,,,19.2,19.1
2015-08-07,,,,,18.8,18.9
2015-08-08,,,,,18.6,19.3
2015-08-09,,,,,18.6,18.8
2015-08-10,,,,,18.7,18.9
2015-08-11,,,,,19.3,19.6
2015-08-12,,,,,20.1,20.5
2015-08-13,,,,,20.9,20.7
2015-08-14,,,,,20.9,20.8
2015-08-15,,,,,20.5,19.8
2015-08-16,,,,,19.5,19.5
2015-08-17,,,,,18.9,18.9
2015-08-18,,,,,18.6,18.4
2015-08-19,,,,,18.2,18.3
2015-08-20,,,,,18.3,18.5
2015-08-21,,,,,17.8,18.1
2015-08-22,,,,,17.8,17.5
2015-08-23,,,,,17.2,17.6
2015-08-24,,,,,16.9,17.0
2015-08-25,,,,,17.3,17.1
2015-08-26,,,,,17.7,18.0
2015-08-27,,,,,18.1,18.2
2015-08-28,,,,,17.8,17.7
2015-08-29,,,,,17.0,16.9
2015-08-30,,,,,16.6,16.5
2015-08-31,,,,,16.3,16.1
2015-09-01,,,,,16.5,16.7
2015-09-02,,,,,16.3,16.4
2015-09-03,,,,,16.1,15.5
2015-09-04,,,,,16.0,15.6
2015-09-05,,,,,15.0,15.7
2015-09-06,,,,,14.2,14.5
2015-09-07,,,,,13.7,14.2
2015-09-08,,,,,13.7,13.8
2015-09-09,,,,,14.3,14.3
2015-09-10,,,,,15.4,15.3
2015-09-11,,,,,16.2,16.1
2015-09-12,,,,,17.0,16.8
2015-09-13,,,,,17.2,17.2
2015-09-14,,,,,16.8,16.6
2015-09-15,,,,,16.1,15.8
2015-09-16,,,,,14.7,14.5
2015-09-17,,,,,13.4,13.4
2015-09-18,,,,,13.1,13.4
2015-09-19,,,,,13.4,13.3
2015-09-20,,,,,14.1,14.4
2015-09-21,,,,,14.9,15.0
2015-09-22,,,,,15.0,14.6
2015-09-23,,,,,15.2,14.8
2015-09-24,,,,,15.1,14.8
2015-09-25,,,,,15.1,14.8
2015-09-26,,,,,15.0,14.8
2015-09-27,,,,,14.8,14.3
2015-09-28,,,,,13.9,13.5
2015-09-29,,,,,13.2,13.0
2015-09-30,,,,,13.0,13.0
2015-10-01,,,,,12.9,13.2
2015-10-02,,,,,13.2,12.7
2015-10-03,,,,,12.7,13.0
2015-10-04,,,,,13.0,12.6
2015-10-05,,,,,12.0,12.3
2015-10-06,,,,,11.5,11.8
2015-10-07,,,,,11.4,11.7
2015-10-08,,,,,12.3,12.3
2015-10-09,,,,,13.0,13.0
2015-10-10,,,,,13.5,13.3
2015-10-11,,,,,13.6,13.5
2015-10-12,,,,,12.5,12.6
2015-10-13,,,,,12.0,12.6
2015-10-14,,,,,12.0,12.1
2015-10-15,,,,,11.4,11.5
2015-10-16,,,,,11.0,10.9
2015-10-17,,,,,10.7,10.6
2015-10-18,,,,,10.2,10.5
2015-10-19,,,,,10.2,10.4
2015-10-20,,,,,10.7,10.8
2015-10-21,,,,,10.4,10.5
2015-10-22,,,,,9.9,10.0
2015-10-23,,,,,9.3,9.4
2015-10-24,,,,,8.3,8.6
2015-10-25,,,,,8.0,8.2
2015-10-26,,,,,7.8,8.1
2015-10-27,,,,,7.9,8.3
2015-10-28,,,,,7.4,7.7
2015-10-29,,,,,,7.6
2015-10-30,,,,,7.9,
2016-05-31,,,,,13.4,
2016-06-01,,,,,14.2,14.1
2016-06-02,,,,,13.9,14.0
2016-06-03,,,,,13.8,14.0
2016-06-04,,,,,15.1,14.9
2016-06-05,,,,,16.3,16.2
2016-06-06,,,,,17.0,17.1
2016-06-07,,,,,17.6,17.7
2016-06-08,,,,,17.0,17.3
2016-06-09,,,,,17.0,17.1
2016-06-10,,,,,16.4,16.6
2016-06-11,,,,,15.6,15.7
2016-06-12,,,,,15.2,15.4
2016-06-13,,,,,15.3,15.4
2016-06-14,,,,,14.9,15.0
2016-06-15,,,,,13.5,14.0
2016-06-16,,,,,13.0,13.2
2016-06-17,,,,,13.0,12.9
2016-06-18,,,,,14.2,14.0
2016-06-19,,,,,14.9,14.7
2016-06-20,,,,,16.0,15.9
2016-06-21,,,,,16.7,16.4
2016-06-22,,,,,17.0,16.8
2016-06-23,,,,,17.4,17.4
2016-06-24,,,,,16.6,16.7
2016-06-25,,,,,15.7,16.0
2016-06-26,,,,,16.4,16.4
2016-06-27,,,,,17.7,17.6
2016-06-28,,,,,19.2,19.1
2016-06-29,,,,,20.2,20.1
2016-06-30,,,,,20.7,20.7
2016-07-01,,,,,20.9,20.9
2016-07-02,,,,,20.6,20.6
2016-07-03,,,,,19.9,20.0
2016-07-04,,,,,19.1,19.4
2016-07-05,,,,,18.0,18.3
2016-07-06,,,,,17.3,17.5
2016-07-07,,,,,17.0,17.0
2016-07-08,,,,,17.1,17.3
2016-07-09,,,,,17.0,17.0
2016-07-10,,,,,16.6,16.6
2016-07-11,,,,,15.5,16.0
2016-07-12,,,,,14.5,15.6
2016-07-13,,,,,15.7,15.7
2016-07-14,,,,,17.3,17.1
2016-07-15,,,,,18.2,18.2
2016-07-16,,,,,17.9,17.9
2016-07-17,,,,,17.6,17.7
2016-07-18,,,,,18.5,18.7
2016-07-19,,,,,19.5,19.5
2016-07-20,,,,,20.2,20.1
2016-07-21,,,,,20.6,20.5
2016-07-22,,,,,20.4,20.6
2016-07-23,,,,,20.2,19.9
2016-07-24,,,,,20.2,20.1
2016-07-25,,,,,20.3,20.8
2016-07-26,,,,,20.6,20.8
2016-07-27,,,,,20.8,21.0
2016-07-28,,,,,21.4,21.4
2016-07-29,,,,,21.8,21.8
2016-07-30,,,,,21.9,22.1
2016-07-31,,,,,21.2,21.4
2016-08-01,,,,,20.3,20.5
2016-08-02,,,,,19.6,20.3
2016-08-03,,,,,18.3,18.6
2016-08-04,,,,,18.1,17.8
2016-08-05,,,,,18.2,18.9
2016-08-06,,,,,19.0,19.1
2016-08-07,,,,,18.7,18.6
2016-08-08,,,,,18.4,18.5
2016-08-09,,,,,17.6,18.4
2016-08-10,,,,,16.6,16.7
2016-08-11,,,,,16.8,16.7
2016-08-12,,,,,17.4,17.7
2016-08-13,,,,,18.3,18.2
2016-08-14,,,,,19.3,19.2
2016-08-15,,,,,19.9,20.0
2016-08-16,,,,,20.2,20.3
2016-08-17,,,,,20.3,20.5
2016-08-18,,,,,20.2,20.6
2016-08-19,,,,,19.8,19.6
2016-08-20,,,,,19.2,19.5
2016-08-21,,,,,19.0,19.3
2016-08-22,,,,,18.3,18.4
2016-08-23,,,,,17.5,17.3
2016-08-24,,,,,16.7,17.4
2016-08-25,,,,,16.7,16.7
2016-08-26,,,,,16.5,16.9
2016-08-27,,,,,17.2,17.2
2016-08-28,,,,,17.9,17.8
2016-08-29,,,,,17.8,17.9
2016-08-30,,,,,17.6,17.7
2016-08-31,,,,,17.6,17.4
2016-09-01,,,,,17.8,17.9
2016-09-02,,,,,16.7,17.4
2016-09-03,,,,,15.9,15.9
2016-09-04,,,,,15.0,15.0
2016-09-05,,,,,14.7,14.7
2016-09-06,,,,,13.6,14.1
2016-09-07,,,,,13.4,13.6
2016-09-08,,,,,13.5,13.8
2016-09-09,,,,,13.7,13.8
2016-09-10,,,,,14.2,14.2
2016-09-11,,,,,14.2,14.7
2016-09-12,,,,,13.9,13.8
2016-09-13,,,,,13.4,13.0
2016-09-14,,,,,12.6,13.1
2016-09-15,,,,,13.1,13.0
2016-09-16,,,,,13.6,13.8
2016-09-17,,,,,13.5,13.6
2016-09-18,,,,,13.8,13.6
2016-09-19,,,,,13.2,13.5
2016-09-20,,,,,12.6,12.9
2016-09-21,,,,,12.4,12.3
2016-09-22,,,,,12.8,12.4
2016-09-23,,,,,13.0,12.7
2016-09-24,,,,,13.1,13.2
2016-09-25,,,,,12.7,12.9
2016-09-26,,,,,13.0,13.0
2016-09-27,,,,,13.5,13.6
2016-09-28,,,,,14.2,14.1
2016-09-29,,,,,14.3,14.3
2016-09-30,,,,,14.8,14.5
2016-10-01,,,,,14.5,14.6
2016-10-02,,,,,13.8,13.3
2016-10-03,,,,,12.5,12.9
2016-10-04,,,,,11.7,12.2
2017-03-29,,,7.3,,,
2017-03-30,,,8.1,,,
2017-03-31,,,8.0,,,
2017-04-01,,,8.4,,,
2017-04-02,,,8.8,,,
2017-04-03,,,7.5,,,
2017-04-04,,,6.9,,,
2017-04-05,,,6.9,,,
2017-04-06,,,7.9,,,
2017-04-07,,,8.1,,,
2017-04-08,,,7.2,,,
2017-04-09,,,6.6,,,
2017-04-10,,,5.1,,,
2017-04-11,,,6.9,,,
2017-04-12,,,8.8,,,
2017-04-13,,,8.0,,,
2017-04-14,,,7.8,,,
2017-04-15,,,7.1,,,
2017-04-16,,,8.5,,,
2017-04-17,,,9.5,,,
2017-04-18,,,9.1,,,
2017-04-19,,,10.4,,,
2017-04-20,,,9.4,,,
2017-04-21,,,8.5,,,
2017-04-22,,,9.5,,,
2017-04-23,,,10.0,,,
2017-04-24,,,10.2,,,
2017-04-25,,,9.6,,,
2017-04-26,,,9.5,,,
2017-04-27,,,8.9,,,
2017-04-28,,,7.8,,,
2017-04-29,,,9.8,,,
2017-04-30,,,10.3,,,
2017-05-01,,,10.5,,,
2017-05-02,,,9.8,,,
2017-05-03,,,10.9,,,
2017-05-04,,,14.4,,,
2017-05-05,,,16.0,,,
2017-05-06,,,15.8,,,
2017-05-07,,,12.3,,,
2017-05-08,,,11.0,,,
2017-05-09,,,13.3,,,
2017-05-10,,,14.7,,,
2017-05-11,,,15.3,,,
2017-05-12,,,14.5,,,
2017-05-13,,,10.8,,,
2017-05-14,,,9.8,,,
2017-05-15,,,10.8,,,
2017-05-16,,,10.4,,,
2017-05-17,,,7.4,,,
2017-05-18,,,8.2,,,
2017-05-19,,,10.4,,,
2017-05-20,,,12.3,,,
2017-05-21,,,13.7,,,
2017-05-22,,,14.5,,,
2017-05-23,,,16.0,,,
2017-05-24,,,15.8,,,
2017-05-25,,,13.2,,,
2017-05-26,,,13.3,,,
2017-05-27,,,14.8,,,
2017-05-28,,,15.8,,,
2017-05-29,,,16.9,,,
2017-05-30,,,17.5,,,
2017-05-31,,,16.6,,,
2017-06-01,,,14.7,,,
2017-06-02,,,14.4,,,
2017-06-03,,,15.4,,,
2017-06-04,,,15.9,,,
2017-06-05,,,15.2,,,
2017-06-06,,,15.4,,,
2017-06-07,,,16.1,,,
2017-06-08,,,16.5,,,
2017-06-09,,,15.0,,,
2017-06-10,,,12.8,,,
2017-06-11,,,12.4,,,
2017-06-12,,,13.5,,,
2017-06-13,,,11.7,,,
2017-06-14,,,12.2,,,11.6
2017-06-15,,,13.0,,,11.6
2017-06-16,,,12.5,,,12.2
2017-06-17,,,13.2,,,12.1
2017-06-18,,,13.7,,,12.6
2017-06-19,,,14.9,,,13.2
2017-06-20,,,17.4,,,14.7
2017-06-21,,,17.7,,,15.5
2017-06-22,,,16.1,,,15.4
2017-06-23,,,15.6,,,14.9
2017-06-24,,,16.7,,,15.1
2017-06-25,,,17.9,,,15.9
2017-06-26,,,19.0,,,16.6
2017-06-27,,,18.5,,,17.5
2017-06-28,,,17.9,,,17.5
2017-06-29,,,16.4,,,17.0
2017-06-30,,,17.7,,16.7,16.9
2017-07-01,,,19.1,,17.2,17.2
2017-07-02,,,19.7,,18.1,17.9
2017-07-03,,,19.7,,18.7,18.6
2017-07-04,,,19.5,,18.7,18.7
2017-07-05,,,20.5,,18.9,19.0
2017-07-06,,,21.1,,19.4,19.2
2017-07-07,,,21.4,,20.0,19.7
2017-07-08,,,21.9,,20.6,20.4
2017-07-09,,,20.5,,20.9,20.8
2017-07-10,,,19.0,,,20.5
2017-07-11,,,19.6,,,19.9
2017-07-12,,,20.4,,,19.6
2017-07-13,,,21.1,,,19.6
2017-07-14,,,22.0,,20.2,20.2
2017-07-15,,,20.9,,20.7,20.4
2017-07-16,,,20.4,,20.7,20.6
2017-07-17,,,19.5,,19.6,19.8
2017-07-18,,,19.9,,19.2,19.4
2017-07-19,,,21.3,,19.5,19.6
2017-07-20,,,20.5,,19.9,19.8
2017-07-21,,,19.3,,19.6,19.7
2017-07-22,,,19.3,,19.3,19.5
2017-07-23,,,20.6,,19.7,19.9
2017-07-24,,,20.9,,20.3,20.3
2017-07-25,,,20.0,,20.0,20.2
2017-07-26,,,20.2,,19.9,19.9
2017-07-27,,,20.8,,19.7,19.9
2017-07-28,,,20.3,,20.0,19.9
2017-07-29,,,20.4,,20.2,20.5
2017-07-30,,,20.9,,20.2,20.5
2017-07-31,,,20.5,,20.0,20.3
2017-08-01,,,20.0,,19.8,20.2
2017-08-02,,,19.2,,19.9,20.0
2017-08-03,,,19.6,,20.2,20.4
2017-08-04,,,19.4,,19.9,20.1
2017-08-05,,,18.1,,19.7,19.9
2017-08-06,,,18.6,,19.6,19.8
2017-08-07,,,19.1,,19.3,19.6
2017-08-08,,,19.1,,19.3,19.3
2017-08-09,,,19.3,,19.3,19.2
2017-08-10,,,19.0,,19.0,
2017-08-11,,,19.2,,18.7,
2017-08-12,,,19.0,,18.5,
2017-08-13,,,18.3,,18.1,
2017-08-14,,,17.5,,17.8,
2017-08-15,,,17.8,,17.3,17.5
2017-08-16,,,17.7,,17.4,17.5
2017-08-17,,,17.9,,17.8,17.8
2017-08-18,,,17.9,,18.0,18.1
2017-08-19,,,17.7,,18.1,18.1
2017-08-20,,,16.7,,17.7,17.6
2017-08-21,,,17.0,,17.4,17.5
2017-08-22,,,18.1,,17.5,17.8
2017-08-23,,,18.0,,17.5,17.9
2017-08-24,,,17.6,,17.7,17.9
2017-08-25,,,17.8,,17.8,17.8
2017-08-26,,,17.5,,17.5,17.7
2017-08-27,,,17.8,,17.6,17.7
2017-08-28,,,18.1,,17.6,17.7
2017-08-29,,,18.7,,17.7,17.7
2017-08-30,,,18.2,,17.7,17.8
2017-08-31,,,18.0,,18.0,18.0
2017-09-01,,,17.3,,17.7,17.9
2017-09-02,,,18.0,,17.9,18.0
2017-09-03,,,17.9,,17.8,17.9
2017-09-04,,,15.9,,16.9,17.1
2017-09-05,,,15.9,,16.4,16.0
2017-09-06,,,15.9,,16.0,16.2
2017-09-07,,,16.1,,16.0,16.0
2017-09-08,,,15.5,,15.8,16.1
2017-09-09,,,16.9,,16.2,16.5
2017-09-10,,,17.3,,16.2,16.7
2017-09-11,,,17.1,,16.5,16.4
2017-09-12,,,16.5,,16.6,16.7
2017-09-13,,,17.3,,16.4,16.4
2017-09-14,,,12.6,,15.4,15.3
2017-09-15,,,8.9,,14.3,14.0
2017-09-16,,,9.0,,13.3,13.6
2017-09-17,,,10.5,,12.3,13.1
2017-09-18,,,10.0,,11.9,12.3
2017-09-19,,,9.4,,11.6,11.5
2017-09-20,,,8.1,,10.7,11.2
2017-09-21,,,8.4,,10.3,10.6
2017-09-22,,,7.6,,10.0,10.0
2017-09-23,,,7.8,,9.8,10.0
2017-09-24,,,9.1,,9.8,10.0
2017-09-25,,,9.3,,10.4,10.4
2017-09-26,,,11.0,,11.4,11.3
2017-09-27,,,11.5,,11.9,12.0
2017-09-28,,,11.9,,12.5,12.4
2017-09-29,,,12.0,,12.7,12.8
2017-09-30,,,10.9,,12.4,12.6
2017-10-01,,,,,11.7,11.7
2017-10-02,,,,,10.5,10.9
2017-10-03,,,,,9.7,9.9
2017-10-04,,,,,9.0,9.3
2017-10-05,,,,,9.0,9.1
2017-10-06,,,,,9.3,9.2
2017-10-07,,,,,9.8,9.8
2017-10-08,,,,,9.7,9.6
2017-10-09,,,,,9.1,9.2
2017-10-10,,,,,8.5,8.7
2017-10-11,,,,,8.2,8.4
2017-10-12,,,,,7.9,7.9
2017-10-13,,,,,7.3,7.8
2017-10-14,,,,,7.1,7.1
2017-10-15,,,,,7.2,7.4
2017-10-16,,,,,7.5,7.3
2018-05-01,,,8.3,,,
2018-05-02,,,9.7,,,
2018-05-03,,,11.6,,,
2018-05-04,,,12.7,,,
2018-05-05,,,12.7,,,
2018-05-06,,,12.7,,,
2018-05-07,,,11.5,,,
2018-05-08,,,12.3,,,
2018-05-09,,,13.0,,,
2018-05-10,,,12.2,,,
2018-05-11,,,9.9,,,
2018-05-12,,,9.7,,,
2018-05-13,,,9.3,,,
2018-05-14,,,10.7,,,
2018-05-15,,,13.4,,,
2018-05-16,,,13.8,,,
2018-05-17,,,12.0,,,
2018-05-18,,,10.2,,,
2018-05-19,,,9.6,,,
2018-05-20,,,12.0,,,
2018-05-21,,,13.4,,,
2018-05-22,,,13.2,,,
2018-05-23,,,13.1,,,
2018-05-24,,,13.8,,,
2018-05-25,,,14.3,,,
2018-05-26,,,14.5,,,
2018-05-27,,,14.0,,,
2018-05-28,,,15.7,,,
2018-05-29,,,15.9,,,
2018-05-30,,,15.6,,,
2018-05-31,,,14.5,,,
2018-06-01,,,12.8,,,
2018-06-02,,,13.0,,,
2018-06-03,,,15.3,,,
2018-06-04,,,15.9,,,
2018-06-05,,,15.2,,,
2018-06-06,,,15.3,,,
2018-06-07,,,15.9,,,
2018-06-08,,,15.6,,,
2018-06-09,,,16.0,,,
2018-06-10,,,13.4,,,
2018-06-11,,,11.2,,,
2018-06-12,,,11.2,,,
2018-06-13,,,13.9,,,
2018-06-14,,,14.5,,,
2018-06-15,,,14.1,,,
2018-06-16,,,12.9,,,
2018-06-17,,,11.1,,,
2018-06-18,,,11.3,,,
2018-06-19,,,12.1,,,
2018-06-20,,,14.3,,,
2018-06-21,,,15.8,,,
2018-06-22,,,15.9,,,
2018-06-23,,,14.7,,,
2018-06-24,,,14.3,,,
2018-06-25,,,16.6,,,
2018-06-26,,,16.4,,,
2018-06-27,,,16.0,,,
2018-06-28,,,16.1,,,
2018-06-29,,,14.7,,,
2018-06-30,,,14.4,,,
2018-07-01,,,15.4,,14.4,14.7
2018-07-02,,,15.8,,14.8,14.8
2018-07-03,,,13.5,,14.4,14.5
2018-07-04,,,13.0,,14.1,14.4
2018-07-05,,,15.8,,14.9,15.1
2018-07-06,,,17.7,,16.6,16.3
2018-07-07,,,17.9,,17.8,17.8
2018-07-08,,,18.1,,18.1,18.2
2018-07-09,,,19.0,,18.7,18.8
2018-07-10,,,19.6,,19.1,19.1
2018-07-11,,,18.7,,18.9,19.1
2018-07-12,,,19.0,,18.9,19.2
2018-07-13,,,19.7,,19.3,19.5
2018-07-14,,,20.1,,19.7,19.9
2018-07-15,,,19.8,,19.8,20.1
2018-07-16,,,19.7,,19.8,20.1
2018-07-17,,,18.0,,19.7,20.1
2018-07-18,,,18.1,,19.1,19.8
2018-07-19,,,18.7,,18.9,19.3
2018-07-20,,,19.4,,19.2,19.3
2018-07-21,,,18.7,,18.9,19.1
2018-07-22,,,18.4,,18.7,18.8
2018-07-23,,,19.0,,18.9,19.1
2018-07-24,,,19.1,,19.1,19.3
2018-07-25,,,19.6,,19.4,19.6
2018-07-26,,,19.9,,19.8,19.9
2018-07-27,,,19.3,,19.9,20.2
2018-07-28,,,18.9,,19.3,19.7
2018-07-29,,,19.1,,19.3,19.4
2018-07-30,,,19.9,,19.3,19.7
2018-07-31,,,19.8,,19.3,19.5
2018-08-01,,,19.6,,19.4,19.6
2018-08-02,,,19.7,,19.2,19.5
2018-08-03,,,18.5,,19.1,19.0
2018-08-04,,,18.0,,18.5,18.7
2018-08-05,,,18.1,,18.4,18.5
2018-08-06,,,18.1,,18.6,18.8
2018-08-07,,,18.7,,18.8,19.0
2018-08-08,,,19.2,,19.4,19.4
2018-08-09,,,19.9,,19.8,19.9
2018-08-10,,,20.2,,20.2,20.3
2018-08-11,,,19.7,,19.8,20.2
2018-08-12,,,19.1,,19.7,19.8
2018-08-13,,,18.7,,19.3,19.3
2018-08-14,,,18.7,,19.0,19.1
2018-08-15,,,18.4,,18.9,19.0
2018-08-16,,,17.7,,18.7,18.5
2018-08-17,,,17.5,,18.2,18.2
2018-08-18,,,17.4,,18.6,18.8
2018-08-19,,,17.5,,18.7,18.9
2018-08-20,,,15.2,,17.5,17.7
2018-08-21,,,13.3,,17.0,17.0
2018-08-22,,,14.4,,16.5,17.1
2018-08-23,,,16.3,,16.8,16.9
2018-08-24,,,15.7,,17.0,17.0
2018-08-25,,,15.4,,16.6,16.7
2018-08-26,,,14.5,,15.8,16.0
2018-08-27,,,13.2,,15.0,15.0
2018-08-28,,,13.5,,14.6,14.6
2018-08-29,,,14.8,,15.1,15.1
2018-08-30,,,15.3,,15.4,15.5
2018-08-31,,,15.3,,15.6,15.6
2018-09-01,,,14.8,,15.4,15.5
2018-09-02,,,15.0,,15.7,15.6
2018-09-03,,,14.9,,15.8,15.8
2018-09-04,,,14.7,,15.8,15.8
2018-09-05,,,15.5,,16.2,16.0
2018-09-06,,,16.4,,16.6,16.6
2018-09-07,,,16.6,,17.3,17.2
2018-09-08,,,15.8,,17.2,17.3
2018-09-09,,,15.5,,17.0,17.0
2018-09-10,,,15.1,,16.4,16.3
2018-09-11,,,14.3,,15.6,15.5
2018-09-12,,,13.4,,14.8,14.7
2018-09-13,,,11.9,,13.8,13.7
2018-09-14,,,11.5,,13.5,13.4
2018-09-15,,,12.1,,13.5,13.3
2018-09-16,,,12.7,,13.7,13.3
2018-09-17,,,12.9,,13.8,13.5
2018-09-18,,,12.7,,13.5,13.5
2018-09-19,,,11.5,,13.4,13.1
2018-09-20,,,11.7,,13.3,13.2
2018-09-21,,,11.9,,13.6,13.3
2018-09-22,,,12.8,,13.5,13.6
2018-09-23,,,12.3,,13.3,13.4
2018-09-24,,,10.0,,13.2,12.8
2018-09-25,,,10.2,,12.4,12.4
2018-09-26,,,10.4,,12.1,12.1
2018-09-27,,,10.8,,12.5,12.6
2018-09-28,,,9.7,,12.9,12.7
2018-09-29,,,8.4,,12.0,12.2
2018-09-30,,,6.5,,10.7,10.6
2018-10-01,,,8.5,,,10.3
2018-10-02,,,9.6,,,10.2
2018-10-03,,,10.2,,,
2018-10-04,,,8.2,,,
2018-10-05,,,7.6,,,
2018-10-06,,,8.1,,,
2018-10-07,,,8.2,,,
2018-10-08,,,7.4,,,
2018-10-09,,,6.7,,,
2018-10-10,,,5.7,,,
2018-10-11,,,6.4,,,
2018-10-12,,,6.4,,,
2018-10-13,,,6.2,,,
2018-10-14,,,5.5,,,
2018-10-15,,,5.3,,,
2019-06-01,,,14.0,,,
2019-06-02,,,15.3,,,
2019-06-03,,,16.1,,,
2019-06-04,,,15.7,,,
2019-06-05,,,15.3,,,
2019-06-06,,,15.1,,,
2019-06-07,,,12.8,,,
2019-06-08,,,10.4,,,
2019-06-09,,,11.0,,,
2019-06-10,,,12.9,,,
2019-06-11,,,15.0,,,
2019-06-12,,,16.5,,,
2019-06-13,,,17.5,,,
2019-06-14,,,16.4,,,
2019-06-15,,,16.2,,,
2019-06-16,,,16.2,,,
2019-06-17,,,16.3,,,
2019-06-18,,,15.5,,,
2019-06-19,,,15.1,,,
2019-06-20,,,13.2,,,
2019-06-21,,,11.7,,,
2019-06-22,,,12.6,,,
2019-06-23,,,13.0,,,
2019-06-24,,,13.2,,,
2019-06-25,,,13.8,,,
2019-06-26,,,14.9,,,
2019-06-27,,,15.2,,,
2019-06-28,,,14.7,,,
2019-06-29,,,16.0,,,
2019-06-30,,,17.0,,,
2019-07-01,,,17.9,,17.3,17.0
2019-07-02,,,17.0,,17.7,17.5
2019-07-03,,,16.3,,17.2,17.3
2019-07-04,,,16.7,,16.9,16.8
2019-07-05,,,17.0,,17.6,17.4
2019-07-06,,,17.1,,18.5,18.0
2019-07-07,,,16.9,,18.2,18.4
2019-07-08,,,17.1,,17.4,17.4
2019-07-09,,,17.4,,17.3,17.4
2019-07-10,,,18.5,,18.0,17.7
2019-07-11,,,19.4,,18.4,18.3
2019-07-12,,,20.9,,19.4,19.0
2019-07-13,,,20.1,,20.2,19.8
2019-07-14,,,19.3,,20.9,20.3
2019-07-15,,,18.2,,20.1,20.0
2019-07-16,,,18.4,,19.6,19.4
2019-07-17,,,18.1,,18.6,18.4
2019-07-18,,,16.7,,18.0,17.7
2019-07-19,,,16.9,,17.3,17.1
2019-07-20,,,16.5,,17.0,16.9
2019-07-21,,,17.4,,17.6,17.3
2019-07-22,,,18.6,,17.8,17.5
2019-07-23,,,19.2,,18.4,18.3
2019-07-24,,,19.5,,19.0,19.0
2019-07-25,,,18.1,,19.0,18.6
2019-07-26,,,18.8,,19.1,19.1
2019-07-27,,,20.1,,19.4,19.3
2019-07-28,,,19.8,,19.6,19.3
2019-07-29,,,19.5,,19.6,19.4
2019-07-30,,,18.8,,19.8,19.4
2019-07-31,,,19.5,,20.0,19.8
2019-08-01,,,20.0,,20.4,20.2
2019-08-02,,,19.3,,20.7,20.5
2019-08-03,,,19.8,,20.9,20.8
2019-08-04,,,20.5,,20.8,20.8
2019-08-05,,,20.6,,20.9,20.6
2019-08-06,,,19.6,,21.0,20.6
2019-08-07,,,19.6,,20.9,20.7
2019-08-08,,,20.7,,21.2,20.9
2019-08-09,,,19.7,,20.6,20.3
2019-08-10,,,18.9,,20.1,19.6
2019-08-11,,,15.6,,19.0,18.7
2019-08-12,,,15.4,,18.0,18.0
2019-08-13,,,16.8,,17.9,17.9
2019-08-14,,,17.5,,18.4,18.3
2019-08-15,,,17.0,,18.5,18.3
2019-08-16,,,16.0,,18.3,18.1
2019-08-17,,,15.6,,18.0,18.2
2019-08-18,,,16.5,,18.0,17.8
2019-08-19,,,17.9,,18.3,18.2
2019-08-20,,,18.1,,18.9,18.7
2019-08-21,,,19.2,,19.6,19.4
2019-08-22,,,16.6,,19.4,19.2
2019-08-23,,,17.6,,19.3,18.7
2019-08-24,,,17.7,,19.1,19.0
2019-08-25,,,15.8,,18.2,17.8
2019-08-26,,,15.6,,17.3,17.7
2019-08-27,,,15.9,,17.3,17.1
2019-08-28,,,16.7,,17.7,17.5
2019-08-29,,,16.0,,17.1,16.9
2019-08-30,,,16.8,,17.7,17.1
2019-08-31,,,17.4,,18.1,18.1
2019-09-01,,,18.2,,18.8,18.8
2019-09-02,,,18.0,,19.2,18.9
2019-09-03,,,17.7,,19.2,18.7
2019-09-04,,,18.3,,19.1,19.1
2019-09-05,,,17.1,,18.7,18.5
2019-09-06,,,16.7,,18.3,18.4
2019-09-07,,,16.0,,18.5,18.1
2019-09-08,,,15.6,,17.6,17.9
2019-09-09,,,14.3,,17.0,16.7
2019-09-10,,,12.7,,16.5,16.2
2019-09-11,,,12.1,,16.2,16.2
2019-09-12,,,12.9,,16.0,16.0
2019-09-13,,,13.6,,15.8,15.4
2019-09-14,,,14.3,,15.9,15.7
2019-09-15,,,14.4,,16.1,15.8
2019-09-16,,,14.5,,16.4,16.0
2019-09-17,,,12.0,,15.9,15.7
2019-09-18,,,11.3,,14.5,14.7
2019-09-19,,,11.7,,13.7,13.9
2019-09-20,,,11.0,,13.1,12.9
2019-09-21,,,11.3,,13.5,13.1
2019-09-22,,,13.0,,14.0,13.7
2019-09-23,,,13.1,,14.5,14.2
2019-09-24,,,13.3,,14.5,14.1
2019-09-25,,,12.2,,13.7,13.7
2019-09-26,,,10.5,,13.0,12.8
2019-09-27,,,9.7,,12.7,12.6
2019-09-28,,,7.3,,11.7,11.3
2019-09-29,,,3.9,,9.8,9.6
2019-09-30,,,4.5,,8.4,8.4
2020-06-01,,,13.7,,,
2020-06-02,,,13.2,,,
2020-06-03,,,14.6,,,
2020-06-04,,,14.3,,,
2020-06-05,,,14.5,,,
2020-06-06,,,14.1,,,
2020-06-07,,,11.3,,,
2020-06-08,,,7.8,,,
2020-06-09,,,8.6,,,
2020-06-10,,,11.4,,,
2020-06-11,,,13.8,,,
2020-06-12,,,14.8,,,
2020-06-13,,,15.0,,,
2020-06-14,,,12.4,,,
2020-06-15,,,10.5,,,
2020-06-16,,,11.0,,,
2020-06-17,,,10.7,,,
2020-06-18,,,11.1,,,
2020-06-19,,,12.7,,,
2020-06-20,,,13.3,,,
2020-06-21,,,13.7,,,
2020-06-22,,,15.3,,,
2020-06-23,,,16.5,,,
2020-06-24,,,17.0,,,
2020-06-25,,,16.8,,,
2020-06-26,,,17.5,,,
2020-06-27,,,16.5,,,
2020-06-28,,,13.6,,,
2020-06-29,,,10.9,,,
2020-06-30,,,10.7,,,
2020-07-01,,,11.3,,12.1,11.6
2020-07-02,,,13.4,,13.2,12.5
2020-07-03,,,14.7,,14.7,14.1
2020-07-04,,,15.1,,16.1,15.6
2020-07-05,,,15.6,,16.5,16.2
2020-07-06,,,16.1,,16.8,16.5
2020-07-07,,,16.1,,17.0,16.6
2020-07-08,,,15.6,,16.1,15.8
2020-07-09,,,16.2,,16.3,15.9
2020-07-10,,,16.6,,17.2,16.7
2020-07-11,,,17.4,,17.6,17.2
2020-07-12,,,17.5,,18.2,17.8
2020-07-13,,,16.1,,17.5,17.4
2020-07-14,,,16.0,,17.2,16.9
2020-07-15,,,16.5,,17.5,17.2
2020-07-16,,,17.7,,18.2,
2020-07-17,,,17.6,,18.5,
2020-07-18,,,17.3,,18.1,
2020-07-19,,,18.0,,18.3,
2020-07-20,,,18.8,,18.9,
2020-07-21,,,19.5,,19.8,
2020-07-22,,,19.1,,19.9,19.8
2020-07-23,,,18.7,,19.7,19.6
2020-07-24,,,18.4,,19.0,19.0
2020-07-25,,,18.5,,18.8,18.5
2020-07-26,,,18.1,,19.2,18.9
2020-07-27,,,19.1,,19.7,19.4
2020-07-28,,,19.9,,20.1,19.9
2020-07-29,,,18.9,,20.4,20.1
2020-07-30,,,18.9,,20.6,20.5
2020-07-31,,,20.3,,20.7,20.6
2020-08-01,,,19.9,,21.2,20.9
2020-08-02,,,21.0,,21.7,21.4
2020-08-03,,,20.3,,21.6,21.3
2020-08-04,,,19.5,,21.1,20.9
2020-08-05,,,19.1,,21.0,20.8
2020-08-06,,,18.6,,20.6,
2020-08-07,,,17.8,,20.0,
2020-08-08,,,16.8,,19.1,
2020-08-09,,,17.6,,18.7,
2020-08-10,,,18.0,,18.9,
2020-08-11,,,18.7,,19.2,
2020-08-12,,,17.5,,18.6,
2020-08-13,,,15.7,,17.5,
2020-08-14,,,15.7,,16.9,16.8
2020-08-15,,,16.8,,17.4,17.2
2020-08-16,,,17.9,,18.2,17.9
2020-08-17,,,18.8,,19.3,19.0
2020-08-18,,,18.7,,20.2,19.9
2020-08-19,,,18.4,,20.7,20.5
2020-08-20,,,18.4,,20.3,20.2
2020-08-21,,,18.2,,19.8,19.5
2020-08-22,,,18.3,,19.6,19.6
2020-08-23,,,18.5,,19.5,19.2
2020-08-24,,,17.2,,19.2,19.0
2020-08-25,,,15.0,,18.3,18.2
2020-08-26,,,16.2,,18.0,17.8
2020-08-27,,,16.6,,18.0,18.1
2020-08-28,,,16.9,,18.2,17.8
2020-08-29,,,16.7,,18.0,17.8
2020-08-30,,,15.9,,17.7,17.5
2020-08-31,,,13.4,,16.7,16.6
2020-09-01,,,14.2,,16.2,15.9
2020-09-02,,,15.5,,16.5,16.3
2020-09-03,,,16.2,,17.3,17.0
2020-09-04,,,16.6,,17.9,17.6
2020-09-05,,,16.4,,18.0,17.6
2020-09-06,,,16.1,,18.1,17.5
2020-09-07,,,12.6,,16.5,16.4
2020-09-08,,,10.3,,15.2,14.4
2020-09-09,,,11.7,,14.4,14.4
2020-09-10,,,12.9,,14.5,14.3
2020-09-11,,,13.5,,15.2,14.8
2020-09-12,,,14.2,,15.9,15.4
2020-09-13,,,13.3,,15.6,15.2
2020-09-14,,,11.6,,15.0,14.5
2020-09-15,,,11.7,,14.5,14.3
2020-09-16,,,11.9,,14.1,14.0
2020-09-17,,,11.7,,13.8,13.7
2020-09-18,,,11.9,,13.5,13.2
2020-09-19,,,12.2,,13.4,13.0
2020-09-20,,,11.9,,13.6,13.3
2020-09-21,,,11.7,,13.8,13.4
2020-09-22,,,11.0,,13.8,13.4
2020-09-23,,,11.3,,14.2,13.5
2020-09-24,,,10.4,,13.8,13.9
2020-09-25,,,8.7,,12.5,12.4
2020-09-26,,,9.7,,12.1,11.6
2020-09-27,,,10.3,,11.8,11.6
2020-09-28,,,9.8,,12.1,11.4
2020-09-29,,,10.7,,12.6,12.1
2020-09-30,,,11.0,,12.9,12.5
2021-05-01,,,12.5,,,
2021-05-02,,,10.1,,,
2021-05-03,,,9.9,,,
2021-05-04,,,11.2,,,
2021-05-05,,,11.3,,,
2021-05-06,,,13.2,,,
2021-05-07,,,11.8,,,
2021-05-08,,,7.5,,,
2021-05-09,,,7.2,,,
2021-05-10,,,8.4,,,
2021-05-11,,,9.6,,,
2021-05-12,,,11.4,,,
2021-05-13,,,13.0,,,
2021-05-14,,,13.5,,,
2021-05-15,,,13.8,,,
2021-05-16,,,15.3,,,
2021-05-17,,,15.9,,,
2021-05-18,,,14.7,,,
2021-05-19,,,10.7,,,
2021-05-20,,,7.0,,,
2021-05-21,,,4.0,,,
2021-05-22,,,5.0,,,
2021-05-23,,,6.2,,,
2021-05-24,,,7.5,,,
2021-05-25,,,10.0,,,
2021-05-26,,,11.3,,,
2021-05-27,,,11.6,,,
2021-05-28,,,12.5,,,
2021-05-29,,,12.7,,,
2021-05-30,,,14.2,,,
2021-05-31,,,14.9,,,
2021-06-01,,,16.2,,,
2021-06-02,,,17.7,,,
2021-06-03,,,18.2,,,
2021-06-04,,,17.8,,,
2021-06-05,,,16.0,,,
2021-06-06,,,13.1,,,
2021-06-07,,,12.6,,,
2021-06-08,,,13.7,,,
2021-06-09,,,15.0,,,
2021-06-10,,,13.6,,,
2021-06-11,,,12.2,,,
2021-06-12,,,14.2,,,
2021-06-13,,,16.4,,,
2021-06-14,,,18.1,,,
2021-06-15,,,18.3,,,
2021-06-16,,,16.7,,,
2021-06-17,,,16.9,,16.2,
2021-06-18,,,17.7,,16.2,
2021-06-19,,,17.1,,16.4,
2021-06-20,,,15.6,,16.2,
2021-06-21,,,16.4,,16.1,
2021-06-22,,,19.0,,17.0,
2021-06-23,,,19.1,,17.7,
2021-06-24,,,17.9,,17.6,
2021-06-25,,,18.1,,18.0,
2021-06-26,,,18.8,,18.7,
2021-06-27,,,19.2,,19.2,
2021-06-28,,,20.7,,20.2,
2021-06-29,,,21.5,,21.0,
2021-06-30,,,21.7,,21.5,
2021-07-01,,,21.0,,21.3,21.9
2021-07-02,,,20.7,,21.3,21.6
2021-07-03,,,22.0,,21.1,21.3
2021-07-04,,,21.0,,21.0,21.2
2021-07-05,,,20.8,,20.8,20.9
2021-07-06,,,21.2,,21.0,21.0
2021-07-07,,,19.3,,20.7,20.8
2021-07-08,,,19.5,,20.3,20.6
2021-07-09,,,19.8,,20.4,20.7
2021-07-10,,,19.4,,20.3,20.4
2021-07-11,,,19.4,,20.1,20.4
2021-07-12,,,19.7,,20.4,20.4
2021-07-13,,,19.6,,20.4,20.6
2021-07-14,,,20.2,,20.6,20.7
2021-07-15,,,20.7,,20.7,20.6
2021-07-16,,,20.3,,20.2,20.2
2021-07-17,,,19.3,,19.8,19.9
2021-07-18,,,20.1,,20.0,20.0
2021-07-19,,,18.3,,20.1,20.1
2021-07-20,,,19.3,,20.1,20.1
2021-07-21,,,,,19.8,19.9
2021-07-22,,,,,20.0,20.1
2021-07-23,,,,,19.7,19.7
2021-07-24,,,18.9,,19.6,19.7
2021-07-25,,,19.6,,19.9,20.1
2021-07-26,,,19.5,,20.0,20.2
2021-07-27,,,20.1,,20.2,20.1
2021-07-28,,,20.3,,20.7,20.6
2021-07-29,,,20.8,,21.2,21.6
2021-07-30,,,21.3,,21.7,21.7
2021-07-31,,,21.2,,21.8,22.1
2021-08-01,,,21.3,,21.8,22.1
2021-08-02,,,21.1,,21.4,21.6
2021-08-03,,,20.6,,21.4,21.5
2021-08-04,,,20.8,,21.6,21.7
2021-08-05,,,19.8,,20.9,21.3
2021-08-06,,,19.0,,20.3,20.4
2021-08-07,,,18.8,,20.2,20.4
2021-08-08,,,17.3,,20.0,20.3
2021-08-09,,,16.1,,19.2,19.3
2021-08-10,,,16.2,,18.6,19.1
2021-08-11,,,18.6,,19.2,19.6
2021-08-12,,,19.8,,20.0,20.4
2021-08-13,,,20.1,,20.8,20.8
2021-08-14,,,19.0,,20.9,20.9
2021-08-15,,,18.2,,20.7,20.9
2021-08-16,,,18.5,,20.5,20.9
2021-08-17,,,16.7,,19.0,19.5
2021-08-18,,,13.1,,17.4,17.4
2021-08-19,,,13.3,,16.6,16.8
2021-08-20,,,15.6,,16.6,17.2
2021-08-21,,,15.1,,17.4,17.0
2021-08-22,,,15.7,,17.7,17.5
2021-08-23,,,15.2,,17.5,17.4
2021-08-24,,,14.5,,17.2,17.0
2021-08-25,,,15.2,,16.9,16.9
2021-08-26,,,14.7,,16.6,16.7
2021-08-27,,,13.7,,16.8,16.8
2021-08-28,,,14.6,,16.7,16.7
2021-08-29,,,15.4,,16.9,17.1
2021-08-30,,,15.7,,17.3,17.2
2021-08-31,,,14.7,,17.4,17.1
2021-09-01,,,14.0,,16.8,16.6
2021-09-02,,,14.2,,16.4,16.3
2021-09-03,,,14.6,,16.3,16.2
2021-09-04,,,14.5,,16.5,16.5
2021-09-05,,,14.4,,16.4,16.3
2021-09-06,,,14.8,,16.8,16.5
2021-09-07,,,15.4,,17.0,16.6
2021-09-08,,,15.5,,16.9,16.7
2021-09-09,,,15.2,,16.6,16.5
2021-09-10,,,15.5,,16.2,16.2
2021-09-11,,,15.6,,15.8,15.5
2021-09-12,,,14.3,,15.2,14.7
2021-09-13,,,14.2,,15.0,14.7
2021-09-14,,,13.5,,15.4,14.7
2021-09-15,,,12.9,,15.6,15.5
2021-09-16,,,12.3,,15.0,14.7
2021-09-17,,,10.7,,14.0,13.6
2021-09-18,,,11.5,,13.9,13.6
2021-09-19,,,11.2,,13.7,13.2
2021-09-20,,,10.5,,13.3,13.0
2021-09-21,,,10.2,,13.1,12.7
2021-09-22,,,11.4,,13.0,12.9
2021-09-23,,,11.5,,13.3,13.0
2021-09-24,,,11.8,,13.8,13.2
2021-09-25,,,12.6,,14.2,13.9
2021-09-26,,,13.0,,14.4,14.1
2021-09-27,,,12.8,,14.5,14.0
2021-09-28,,,9.9,,13.9,13.8
2021-09-29,,,9.2,,13.2,12.6
2021-09-30,,,9.2,,12.3,12.1
2021-10-01,,,9.3,,,
2021-10-02,,,9.6,,,
2021-10-03,,,10.3,,,
2021-10-04,,,10.9,,,
2021-10-05,,,11.0,,,
2021-10-06,,,11.3,,,
2021-10-07,,,9.5,,,
2021-10-08,,,9.1,,,
2021-10-09,,,9.5,,,
2021-10-10,,,8.4,,,
2021-10-11,,,7.1,,,
2021-10-12,,,4.4,,,
2021-10-13,,,4.2,,,
2021-10-14,,,4.3,,,
2021-10-15,,,5.2,,,
2021-10-16,,,7.1,,,
2021-10-17,,,8.0,,,
2021-10-18,,,8.0,,,
2021-10-19,,,7.7,,,
2021-10-20,,,7.0,,,
2021-10-21,,,7.6,,,
2021-10-22,,,7.3,,,
2021-10-23,,,7.9,,,
2021-10-24,,,6.5,,,
2021-10-25,,,6.7,,,
2021-10-26,,,6.3,,,
2021-10-27,,,6.2,,,
2021-10-28,,,6.9,,,
2021-10-29,,,7.2,,,
2021-10-30,,,6.0,,,
2021-10-31,,,4.2,,,
2022-03-31,,6.7,,,,
2022-04-01,,6.5,,,,
2022-04-02,5.6,5.6,,,,
2022-04-03,5.2,5.3,,,,
2022-04-04,5.5,5.6,,,,
2022-04-05,4.2,4.0,,,,
2022-04-06,4.8,5.4,,,,
2022-04-07,6.0,6.8,,,,
2022-04-08,7.6,8.4,,,,
2022-04-09,6.6,6.7,,,,
2022-04-10,4.6,4.2,,,,
2022-04-11,2.6,2.7,,,,
2022-04-12,0.5,0.9,,,,
2022-04-13,1.7,1.8,,,,
2022-04-14,2.0,2.5,,,,
2022-04-15,2.8,3.0,,,,
2022-04-16,3.0,3.4,,,,
2022-04-17,4.1,4.3,,,,
2022-04-18,4.9,6.0,,,,
2022-04-19,6.6,7.3,,,,
2022-04-20,6.6,8.3,,,,
2022-04-21,6.3,7.6,,,,
2022-04-22,6.5,6.8,,,,
2022-04-23,6.5,6.5,,,,
2022-04-24,8.5,8.8,,,,
2022-04-25,8.8,9.8,,,,
2022-04-26,8.4,8.8,,,,
2022-04-27,7.9,8.2,,,,
2022-04-28,8.0,8.6,,,,
2022-04-29,7.6,8.9,,,,
2022-04-30,7.9,8.0,,,,
2022-05-01,8.2,10.0,8.7,,,
2022-05-02,9.3,9.8,10.0,,,
2022-05-03,10.5,10.6,10.2,,,
2022-05-04,11.5,11.9,10.8,,,
2022-05-05,11.6,12.6,11.9,,,
2022-05-06,11.8,11.6,11.4,,,
2022-05-07,11.2,10.3,10.2,,,
2022-05-08,9.6,9.2,8.3,,,
2022-05-09,8.1,8.6,8.1,,,
2022-05-10,8.5,8.8,8.6,,,
2022-05-11,9.3,9.8,9.4,,,
2022-05-12,9.7,10.3,10.2,,,
2022-05-13,9.8,10.3,9.2,,,
2022-05-14,9.1,9.4,9.0,,,
2022-05-15,11.7,11.2,11.2,,,
2022-05-16,14.0,14.5,13.9,,,
2022-05-17,13.7,14.3,13.2,,,
2022-05-18,11.9,12.0,11.5,,,
2022-05-19,10.1,9.1,9.3,,,
2022-05-20,8.9,8.2,8.0,,,
2022-05-21,8.9,9.5,8.6,,,
2022-05-22,10.5,11.3,10.1,,,
2022-05-23,10.1,11.0,10.7,,,
2022-05-24,11.3,12.0,11.3,,,
2022-05-25,13.0,13.7,11.7,,,
2022-05-26,14.4,15.0,13.7,,,
2022-05-27,14.8,15.8,14.6,,,
2022-05-28,12.7,14.2,13.7,,,
2022-05-29,9.9,11.6,11.5,,,
2022-05-30,8.5,9.3,9.8,,,
2022-05-31,9.2,10.5,10.5,,,
2022-06-01,10.6,11.4,11.6,,10.8,10.2
2022-06-02,12.0,13.4,12.7,,11.9,11.1
2022-06-03,12.6,14.1,13.4,,12.4,11.9
2022-06-04,11.5,13.4,13.3,,12.0,11.8
2022-06-05,10.4,12.1,12.3,,10.7,10.5
2022-06-06,11.1,12.2,12.2,,10.7,10.3
2022-06-07,11.6,13.1,13.3,,11.3,10.6
2022-06-08,10.8,12.3,12.8,,11.5,11.0
2022-06-09,12.8,14.0,14.4,,11.4,10.9
2022-06-10,12.6,15.1,15.2,,12.6,11.8
2022-06-11,10.3,12.4,13.0,,11.7,
2022-06-12,9.2,10.4,10.8,,11.0,
2022-06-13,9.2,10.3,10.7,,10.7,
2022-06-14,7.6,8.5,9.1,,10.6,
2022-06-15,9.1,9.8,9.9,,10.0,
2022-06-16,11.7,13.2,13.5,,11.4,11.0
2022-06-17,13.0,15.1,15.8,,13.5,12.9
2022-06-18,12.4,15.5,16.5,,14.3,14.0
2022-06-19,10.4,12.8,13.6,,13.5,13.4
2022-06-20,9.7,10.8,11.1,,12.1,12.4
2022-06-21,11.2,12.7,13.0,,11.7,11.6
2022-06-22,12.8,15.1,15.6,,13.3,12.8
2022-06-23,13.2,16.1,16.5,,14.5,13.9
2022-06-24,11.9,14.1,14.8,,14.3,13.9
2022-06-25,11.5,13.6,14.2,,13.6,13.3
2022-06-26,12.8,15.3,15.8,,14.2,13.7
2022-06-27,14.0,16.8,17.4,,15.3,14.8
2022-06-28,14.7,17.2,17.9,,16.2,15.7
2022-06-29,14.4,16.8,17.2,,16.2,15.7
2022-06-30,13.5,16.6,17.0,,15.9,15.6
2022-07-01,13.7,16.8,17.9,,16.2,15.9
2022-07-02,14.1,17.3,17.9,,16.4,16.2
2022-07-03,13.9,16.1,16.7,,16.2,16.3
2022-07-04,14.2,16.5,16.6,,15.9,15.6
2022-07-05,14.6,16.6,17.0,,16.2,15.8
2022-07-06,14.2,16.4,16.8,,16.7,16.3
2022-07-07,14.9,16.9,17.3,,17.2,16.9
2022-07-08,15.6,17.7,17.9,,18.2,17.7
2022-07-09,16.0,17.7,17.7,,18.8,18.4
2022-07-10,15.4,17.3,16.9,,18.3,18.2
2022-07-11,15.7,17.8,17.7,,17.8,17.6
2022-07-12,17.0,19.3,19.8,,18.5,18.2
2022-07-13,16.8,18.6,18.9,,19.0,18.6
2022-07-14,17.2,19.4,19.6,,18.9,18.7
2022-07-15,17.1,19.6,19.9,,19.4,18.9
2022-07-16,18.2,19.9,20.4,,19.8,19.5
2022-07-17,17.9,19.5,20.4,,20.4,19.9
2022-07-18,18.1,19.0,18.8,,20.4,19.7
2022-07-19,16.7,18.4,18.3,,19.4,19.0
2022-07-20,16.9,19.0,18.9,,19.4,19.1
2022-07-21,17.5,19.2,19.2,,19.5,19.1
2022-07-22,17.5,18.8,19.6,,19.6,18.9
2022-07-23,17.4,18.4,19.4,,19.8,18.8
2022-07-24,16.5,18.1,18.1,,20.1,19.2
2022-07-25,16.4,17.6,17.8,,19.7,19.0
2022-07-26,18.6,19.8,20.2,,20.1,19.1
2022-07-27,19.2,20.8,21.2,,,19.9
2022-07-28,19.9,21.2,21.6,,,21.1
2022-07-29,20.2,20.9,21.6,,21.4,21.7
2022-07-30,20.4,20.8,20.8,,21.2,21.5
2022-07-31,19.8,20.5,20.5,,21.0,21.4
2022-08-01,19.5,20.1,20.4,,20.8,21.2
2022-08-02,19.3,19.7,19.6,,20.5,20.9
2022-08-03,18.8,19.2,18.8,,19.7,20.4
2022-08-04,19.1,18.5,18.3,,19.5,20.1
2022-08-05,18.2,18.4,18.4,,18.8,19.5
2022-08-06,17.2,17.3,17.7,,18.5,19.1
2022-08-07,17.2,17.6,17.7,,18.5,19.1
2022-08-08,18.5,18.7,19.1,,18.6,19.5
2022-08-09,18.5,19.2,19.6,,19.1,19.5
2022-08-10,18.0,18.4,19.0,,19.5,20.1
2022-08-11,19.4,19.9,20.4,,20.0,20.3
2022-08-12,19.6,20.5,21.4,,19.8,20.3
2022-08-13,19.3,19.5,20.3,,20.1,20.1
2022-08-14,19.3,19.5,20.0,,20.0,20.1
2022-08-15,18.9,19.0,19.6,,19.8,19.9
2022-08-16,18.5,18.6,19.3,,19.9,20.0
2022-08-17,18.7,18.8,19.4,,20.2,20.1
2022-08-18,19.2,19.3,20.1,,20.6,20.4
2022-08-19,19.5,19.4,20.3,,21.1,20.8
2022-08-20,19.2,19.3,20.2,,21.7,21.4
2022-08-21,19.2,19.2,20.0,,21.7,21.2
2022-08-22,18.5,18.7,19.3,,21.3,20.8
2022-08-23,17.9,18.4,18.5,,21.1,20.0
2022-08-24,18.2,18.4,18.5,,20.5,19.4
2022-08-25,17.7,18.6,19.5,,20.9,19.6
2022-08-26,16.9,17.8,18.9,,20.9,19.8
2022-08-27,16.7,16.9,17.7,,19.8,
2022-08-28,16.1,16.1,16.0,,19.1,
2022-08-29,16.1,16.5,16.8,,18.8,
2022-08-30,16.9,17.4,18.2,,19.3,
2022-08-31,17.3,17.7,18.5,,19.7,
2022-09-01,17.7,17.9,18.7,,20.2,19.2
2022-09-02,17.8,17.8,18.5,,20.4,19.1
2022-09-03,17.7,17.8,18.5,,19.5,18.5
2022-09-04,17.1,17.2,17.9,,19.1,17.6
2022-09-05,16.4,16.2,16.8,,18.6,17.8
2022-09-06,16.3,16.0,16.8,,18.3,17.4
2022-09-07,16.7,16.3,17.1,,18.4,17.4
2022-09-08,16.7,15.8,16.1,,17.9,17.0
2022-09-09,13.6,12.6,13.1,,16.8,15.8
2022-09-10,13.0,12.7,13.1,,16.3,15.1
2022-09-11,13.1,13.1,13.5,,15.8,15.0
2022-09-12,13.6,13.4,13.7,,15.4,14.5
2022-09-13,13.1,13.0,13.4,,15.3,14.4
2022-09-14,14.3,13.9,14.5,,15.1,14.1
2022-09-15,14.0,14.3,14.5,,15.0,14.4
2022-09-16,13.5,14.0,14.4,,15.3,14.8
2022-09-17,13.2,13.1,13.7,,15.6,14.4
2022-09-18,12.6,13.0,13.3,,15.4,14.5
2022-09-19,13.3,13.9,14.0,,15.8,14.6
2022-09-20,11.8,12.2,11.3,,15.1,14.4
2022-09-21,12.6,12.6,12.1,,15.3,13.7
2022-09-22,11.7,12.1,12.2,,14.6,14.2
2022-09-23,11.6,11.5,12.2,,14.4,13.4
2022-09-24,12.3,12.6,12.9,,14.3,13.7
2022-09-25,12.5,13.0,13.3,,14.6,13.8
2022-09-26,13.0,13.4,13.9,,15.2,14.2
2022-09-27,13.5,13.8,14.3,,15.3,14.5
2022-09-28,13.6,13.7,14.0,,15.4,14.5
2022-09-29,13.3,13.5,13.5,,15.3,14.8
2022-09-30,12.1,12.0,12.1,,15.2,14.2
2022-10-01,11.5,11.3,11.6,,,
2022-10-02,11.3,11.2,11.6,,,
2022-10-03,12.4,12.7,13.1,,,
2022-10-04,12.4,12.7,13.0,,,
2022-10-05,12.1,12.3,12.7,,,
2022-10-06,11.5,12.0,12.3,,,
2022-10-07,11.2,11.7,12.2,,,
2022-10-08,11.0,11.4,11.9,,,
2022-10-09,10.6,11.0,11.3,,,
2022-10-10,10.3,10.5,11.0,,,
2022-10-11,10.9,11.1,11.2,,,
2022-10-12,10.5,10.5,10.6,,,
2022-10-13,9.9,10.1,10.3,,,
2022-10-14,9.2,9.3,9.6,,,
2022-10-15,9.8,10.1,10.5,,,
2022-10-16,8.9,9.2,9.4,,,
2022-10-17,8.4,8.5,8.7,8.8,,
2022-10-18,8.2,8.0,8.2,8.2,,
2022-10-19,8.0,7.8,7.9,7.9,,
2022-10-20,8.0,7.4,7.5,7.5,,
2022-10-21,8.4,8.1,8.1,8.3,,
2022-10-22,6.9,6.6,6.5,7.7,,
2022-10-23,5.5,4.8,4.9,6.9,,
2022-10-24,5.1,4.6,4.8,6.4,,
2022-10-25,5.1,5.3,4.8,6.4,,
2022-10-26,4.0,4.6,4.3,5.6,,
2022-10-27,3.9,4.4,4.7,5.5,,
2022-10-28,3.4,3.6,3.5,4.8,,
2022-10-29,3.9,4.2,4.1,5.2,,
2022-10-30,4.2,4.3,4.1,5.3,,
2022-10-31,5.3,5.8,5.5,6.6,,
2022-11-01,6.2,6.5,,7.4,,
2023-04-01,3.8,5.0,,5.1,,
2023-04-02,3.3,3.9,,4.6,,
2023-04-03,2.8,3.6,,4.0,,
2023-04-04,2.8,3.2,,4.5,,
2023-04-05,2.7,3.2,,4.9,,
2023-04-06,4.0,4.5,,5.6,,
2023-04-07,4.8,6.0,,6.9,,
2023-04-08,5.6,6.6,,7.6,,
2023-04-09,6.3,7.4,,8.1,,
2023-04-10,7.7,8.7,,8.5,,
2023-04-11,6.4,7.9,,6.9,,
2023-04-12,4.7,5.6,,5.4,,
2023-04-13,3.8,4.0,,5.5,,
2023-04-14,4.1,4.5,,5.5,,
2023-04-15,5.0,6.3,,6.3,,
2023-04-16,6.4,7.8,,7.8,,
2023-04-17,6.1,7.9,,8.0,,
2023-04-18,4.3,5.7,,6.8,,
2023-04-19,3.8,4.2,,5.6,,
2023-04-20,4.2,4.5,,5.8,,
2023-04-21,4.6,5.6,,5.9,,
2023-04-22,5.7,6.4,,7.0,,
2023-04-23,6.7,7.7,,7.4,,
2023-04-24,7.2,8.5,,8.1,,
2023-04-25,6.9,7.6,,8.0,,
2023-04-26,8.4,8.9,,8.4,,
2023-04-27,9.1,9.9,,9.6,,
2023-04-28,9.3,10.2,,9.3,,
2023-04-29,10.7,11.9,,10.0,,
2023-04-30,12.2,13.1,,10.6,,
2023-05-01,13.3,14.1,14.0,10.7,,
2023-05-02,,14.0,14.1,10.6,,
2023-05-03,,14.7,14.1,10.5,,
2023-05-04,,13.9,13.5,10.1,,
2023-05-05,12.9,13.3,12.5,10.0,,
2023-05-06,10.6,11.2,11.1,8.8,,
2023-05-07,10.1,10.1,9.7,8.0,,
2023-05-08,10.2,10.4,10.1,9.0,,
2023-05-09,10.1,10.5,10.5,8.9,,
2023-05-10,10.5,10.6,10.5,9.1,,
2023-05-11,12.0,12.5,12.7,10.3,,
2023-05-12,12.2,12.3,12.5,10.8,,
2023-05-13,12.3,12.3,12.0,10.5,,
2023-05-14,12.4,13.0,13.2,10.2,,
2023-05-15,12.3,13.9,13.5,11.3,,
2023-05-16,11.6,13.1,13.3,11.9,,
2023-05-17,11.8,13.2,12.8,11.9,,
2023-05-18,11.8,12.9,12.7,11.3,,
2023-05-19,12.4,13.5,13.2,11.9,,
2023-05-20,12.9,14.4,14.3,12.7,,
2023-05-21,12.4,14.2,14.2,13.2,,
2023-05-22,11.8,13.4,13.2,12.8,,
2023-05-23,10.9,12.4,12.4,11.5,,
2023-05-24,11.1,12.9,13.2,12.6,,
2023-05-25,10.1,11.6,11.7,11.7,,
2023-05-26,10.4,11.8,12.0,11.0,,
2023-05-27,10.5,11.9,12.1,11.6,,
2023-05-28,10.7,12.1,12.5,12.0,,
2023-05-29,11.2,12.7,13.0,12.7,,
2023-05-30,11.7,13.9,14.4,13.7,,
2023-05-31,11.4,13.6,14.4,14.3,,
2023-06-01,10.8,12.9,13.6,13.7,14.3,14.5
2023-06-02,10.3,11.6,12.3,13.1,14.0,14.3
2023-06-03,10.3,11.1,11.6,12.7,13.6,14.0
2023-06-04,12.2,13.3,13.6,13.4,13.7,13.9
2023-06-05,13.6,15.4,16.0,14.5,14.6,14.6
2023-06-06,13.7,15.6,16.0,15.2,15.1,15.3
2023-06-07,14.0,15.9,16.7,16.2,16.4,16.2
2023-06-08,13.4,15.1,15.7,16.0,17.0,17.0
2023-06-09,13.9,15.3,15.6,15.2,16.2,16.7
2023-06-10,14.0,15.8,16.4,15.8,16.0,16.1
2023-06-11,13.7,14.8,15.6,15.5,16.6,16.6
2023-06-12,13.5,15.0,15.9,15.8,16.6,16.9
2023-06-13,13.5,14.1,14.8,16.3,17.1,17.2
2023-06-14,14.0,14.9,15.1,16.0,16.8,16.9
2023-06-15,12.5,13.1,13.5,14.0,15.7,16.0
2023-06-16,13.5,13.8,14.1,13.7,14.6,15.2
2023-06-17,13.7,14.6,15.2,14.5,15.0,15.1
2023-06-18,12.9,13.7,14.1,14.2,15.1,15.3
2023-06-19,11.2,11.9,12.4,12.6,14.4,14.7
2023-06-20,11.0,11.7,12.1,12.0,12.8,13.5
2023-06-21,11.3,12.3,12.7,13.3,13.0,13.0
2023-06-22,12.0,13.2,13.8,13.6,14.2,14.3
2023-06-23,12.2,13.6,14.3,14.3,15.1,15.0
2023-06-24,13.1,14.4,15.1,15.1,15.4,15.7
2023-06-25,14.0,15.3,15.7,15.7,16.2,15.9
2023-06-26,13.9,15.6,16.1,15.8,16.7,
2023-06-27,13.6,15.4,16.5,15.5,17.3,
2023-06-28,13.1,15.3,16.3,15.7,17.5,17.6
2023-06-29,14.1,15.7,16.7,16.8,18.0,18.2
2023-06-30,15.8,17.9,18.6,18.2,19.1,19.0
2023-07-01,15.5,17.4,18.3,18.5,19.9,19.8
2023-07-02,15.6,17.1,17.8,18.0,19.8,19.8
2023-07-03,15.6,17.4,18.0,17.7,19.2,19.3
2023-07-04,,16.5,17.1,17.6,18.9,18.9
2023-07-05,,16.9,17.6,17.5,19.2,19.1
2023-07-06,,16.4,17.3,17.8,19.4,19.4
2023-07-07,,16.7,17.1,18.0,19.6,19.6
2023-07-08,15.6,17.4,18.4,18.4,20.0,20.0
2023-07-09,16.2,18.0,18.9,19.1,20.3,20.2
2023-07-10,16.4,17.5,18.1,18.7,20.4,20.3
2023-07-11,16.5,18.5,18.8,18.4,19.8,19.5
2023-07-12,16.3,18.4,19.0,18.4,19.8,19.6
2023-07-13,16.4,18.3,18.9,18.5,20.2,19.9
2023-07-14,16.7,18.4,18.7,18.5,20.1,20.0
2023-07-15,17.3,19.1,19.5,19.0,20.3,20.3
2023-07-16,17.8,19.8,20.4,19.7,21.0,20.7
2023-07-17,17.4,18.7,19.2,19.3,21.2,21.1
2023-07-18,17.1,18.4,18.7,18.7,20.6,20.7
2023-07-19,17.0,18.9,19.4,18.8,20.4,20.5
2023-07-20,17.5,19.5,20.2,19.5,20.8,20.9
2023-07-21,17.7,20.0,20.7,20.3,21.4,21.3
2023-07-22,18.6,20.5,21.2,20.5,21.8,21.8
2023-07-23,18.5,20.3,20.9,20.3,22.0,
2023-07-24,17.3,19.2,20.1,20.2,22.2,
2023-07-25,16.7,18.6,19.2,19.6,21.7,
2023-07-26,17.0,18.9,18.9,19.4,21.0,
2023-07-27,16.0,18.3,18.6,18.1,20.4,
2023-07-28,16.0,17.7,18.1,18.3,20.0,
2023-07-29,17.2,18.5,19.3,19.4,20.5,
2023-07-30,17.9,18.9,19.8,19.9,21.2,
2023-07-31,17.5,18.5,19.5,19.7,21.4,
2023-08-01,18.3,19.3,20.4,19.9,21.4,
2023-08-02,17.6,18.9,19.7,19.9,21.5,
2023-08-03,16.4,17.1,18.1,19.8,21.5,21.5
2023-08-04,15.8,16.3,17.1,17.8,20.7,21.3
2023-08-05,15.0,15.2,16.0,16.7,19.8,20.1
2023-08-06,16.2,16.8,17.6,16.7,18.6,19.4
2023-08-07,15.9,18.0,19.2,18.0,18.5,19.2
2023-08-08,17.2,19.0,19.8,18.8,18.9,19.2
2023-08-09,17.2,18.8,19.5,18.4,19.6,19.0
2023-08-10,16.9,18.0,18.6,18.4,19.4,19.0
2023-08-11,16.9,18.1,18.7,18.3,19.2,19.3
2023-08-12,16.9,17.9,18.5,18.4,19.3,19.5
2023-08-13,17.1,18.2,19.0,18.9,19.8,19.8
2023-08-14,17.6,18.6,19.7,19.2,20.3,20.5
2023-08-15,18.7,19.6,20.7,20.0,21.2,21.2
2023-08-16,18.9,19.3,20.1,19.9,21.3,21.4
2023-08-17,18.8,19.2,20.3,19.9,21.4,21.4
2023-08-18,18.3,18.8,19.4,19.0,20.8,21.4
2023-08-19,16.9,17.3,18.0,18.3,19.9,19.5
2023-08-20,15.9,16.6,17.2,17.6,18.9,19.0
2023-08-21,16.3,16.9,17.6,16.8,18.6,18.4
2023-08-22,17.1,18.2,19.3,17.8,18.6,18.7
2023-08-23,16.3,17.4,18.6,18.0,18.5,19.0
2023-08-24,16.3,16.7,17.6,17.5,18.6,18.4
2023-08-25,16.4,17.1,17.8,16.9,17.8,18.0
2023-08-26,17.0,17.8,18.6,17.5,18.4,17.9
2023-08-27,16.8,17.8,18.7,18.2,19.0,19.1
2023-08-28,17.2,18.1,19.1,18.6,19.8,19.6
2023-08-29,16.9,18.1,18.9,18.5,19.8,19.9
2023-08-30,14.9,16.2,16.6,16.8,18.7,18.8
2023-08-31,15.0,15.6,16.7,16.4,17.8,18.0
2023-09-01,15.1,15.9,16.7,16.1,17.6,17.6
2023-09-02,16.2,16.9,18.0,17.0,17.7,18.0
2023-09-03,15.6,16.1,17.1,17.1,17.7,17.8
2023-09-04,15.0,14.9,15.6,16.0,17.6,17.3
2023-09-05,14.8,14.9,15.3,16.1,17.2,17.0
2023-09-06,15.1,15.4,15.6,15.8,17.2,17.2
2023-09-07,14.7,15.4,16.4,16.6,17.2,17.5
2023-09-08,14.9,15.6,16.3,16.6,17.5,17.7
2023-09-09,14.7,15.2,15.9,16.2,17.7,17.5
2023-09-10,15.0,15.5,16.1,16.3,17.5,17.8
2023-09-11,15.2,15.6,16.4,16.2,17.3,17.4
2023-09-12,15.3,15.9,16.5,16.2,17.6,17.8
2023-09-13,15.3,15.7,16.3,15.9,17.1,17.7
2023-09-14,14.6,14.7,15.2,15.4,16.9,16.8
2023-09-15,14.6,14.5,15.0,15.0,16.6,16.8
2023-09-16,14.6,14.5,15.0,14.7,16.3,16.6
2023-09-17,14.4,14.3,14.7,14.5,15.8,16.3
2023-09-18,14.4,13.6,13.9,14.4,15.7,15.8
2023-09-19,13.5,13.4,12.9,13.4,14.9,15.1
2023-09-20,12.0,11.6,11.5,11.9,14.0,13.9
2023-09-21,10.1,9.5,9.5,11.5,13.4,13.9
2023-09-22,10.1,9.5,9.5,11.3,12.9,13.3
2023-09-23,11.4,11.9,12.0,11.9,12.8,13.3
2023-09-24,11.0,11.6,12.0,12.0,12.7,12.8
2023-09-25,11.6,12.1,12.7,12.6,13.2,13.4
2023-09-26,12.3,12.9,13.3,12.8,13.3,13.4
2023-09-27,11.4,11.4,11.7,12.2,12.7,13.0
2023-09-28,10.5,10.2,10.3,11.4,12.5,12.5
2023-09-29,9.8,10.1,10.3,11.1,12.1,12.2
2023-09-30,10.2,10.5,10.5,10.7,11.7,12.1
2023-10-01,9.3,9.4,9.6,10.5,,11.6
2023-10-02,9.2,8.9,9.3,10.9,,11.9
2023-10-03,9.7,9.7,9.7,10.9,,
2023-10-04,9.5,9.7,10.1,11.0,,
2023-10-05,9.0,9.2,9.3,11.1,,
2023-10-06,9.8,10.0,10.3,11.1,,
2023-10-07,10.0,10.4,10.5,11.1,,
2023-10-08,10.3,10.6,10.7,11.2,,
2023-10-09,10.9,11.1,11.2,11.4,,
2023-10-10,11.1,11.8,11.9,11.7,,
2023-10-11,10.2,10.5,11.4,11.4,,
2023-10-12,9.2,8.8,8.9,10.2,,
2023-10-13,9.6,9.7,10.0,10.4,,
2023-10-14,8.7,8.5,8.6,9.8,,
2023-10-15,9.3,9.0,8.9,10.3,,
2023-10-16,9.7,9.5,9.4,10.2,,
2023-10-17,9.7,10.0,10.0,10.3,,
2023-10-18,8.8,8.6,9.0,9.3,,
2023-10-19,9.8,9.3,9.2,9.3,,
2023-10-20,10.2,10.3,10.2,9.9,,
2023-10-21,9.8,10.2,10.5,10.2,,
2023-10-22,9.2,9.3,9.4,9.9,,
2023-10-23,9.5,9.8,9.8,10.3,,
2023-10-24,7.6,7.6,7.7,9.0,,
2023-10-25,3.9,3.2,2.5,5.6,,
2023-10-26,2.6,1.0,0.8,2.9,,
2023-10-27,2.3,1.3,0.9,2.0,,
2023-10-28,1.4,1.2,0.8,1.7,,
2023-10-29,0.8,0.8,0.9,1.2,,
2023-10-30,0.9,0.3,0.3,0.8,,
2023-10-31,1.9,0.8,0.7,1.0,,
2023-11-01,2.6,1.7,,1.6,,
2023-11-02,,,,2.6,,
2024-03-06,1.4,1.2,1.2,2.2,,
2024-03-07,1.6,1.6,1.3,2.1,,
2024-03-08,1.9,2.0,1.9,2.3,,
2024-03-09,2.7,2.8,2.9,2.8,,
2024-03-10,3.6,3.8,4.2,3.9,,
2024-03-11,4.5,4.7,4.7,5.0,,
2024-03-12,4.3,5.0,4.9,5.6,,
2024-03-13,3.7,4.3,4.4,5.2,,
2024-03-14,3.7,4.1,4.5,4.4,,
2024-03-15,4.1,4.6,4.8,5.0,,
2024-03-16,5.1,5.9,6.1,6.0,,
2024-03-17,5.8,6.9,7.2,7.0,,
2024-03-18,6.3,7.2,7.5,7.6,,
2024-03-19,6.6,7.6,8.0,7.9,,
2024-03-20,6.9,7.7,7.9,8.0,,
2024-03-21,6.4,7.6,7.6,8.1,,
2024-03-22,6.7,7.3,7.6,8.0,,
2024-03-23,5.9,5.5,5.3,7.1,,
2024-03-24,4.9,4.2,3.5,5.6,,
2024-03-25,4.7,4.6,4.7,5.0,,
2024-03-26,,5.6,5.5,5.5,,
2024-03-27,5.1,,6.2,6.5,,
2024-03-28,5.0,5.6,6.0,7.2,,
2024-03-29,4.9,5.4,5.6,7.0,,
2024-03-30,5.3,5.6,5.8,6.4,,
2024-03-31,5.9,6.8,6.7,6.4,,
2024-04-01,6.0,6.4,6.9,6.9,,
2024-04-02,7.6,8.2,8.2,8.3,,
2024-04-03,8.7,9.1,9.0,8.8,,
2024-04-04,8.4,8.8,8.7,8.9,,
2024-04-05,7.9,7.9,7.9,7.9,,
2024-04-06,7.1,6.4,6.4,6.6,,
2024-04-07,6.5,5.8,5.7,6.1,,
2024-04-08,6.4,6.0,5.4,6.1,,
2024-04-09,6.4,6.7,6.7,6.7,,
2024-04-10,7.7,8.3,8.1,7.8,,
2024-04-11,8.2,9.5,9.8,8.5,,
2024-04-12,10.1,10.8,10.9,10.1,,
2024-04-13,11.5,12.5,12.9,11.8,,
2024-04-14,11.5,12.7,13.2,12.0,,
2024-04-15,10.7,11.8,12.4,11.3,,
2024-04-16,9.4,9.3,9.9,9.0,,
2024-04-17,8.0,7.3,6.9,7.1,,
2024-04-18,7.0,7.5,7.4,6.8,,
2024-04-19,7.1,7.4,7.0,7.3,,
2024-04-20,7.6,7.7,7.6,7.6,,
2024-04-21,8.6,8.5,8.5,7.8,,
2024-04-22,8.4,8.9,8.6,7.9,,
2024-04-23,9.4,9.9,9.9,8.9,,
2024-04-24,10.0,10.5,10.8,10.0,,
2024-04-25,10.2,11.4,11.6,10.8,,
2024-04-26,9.9,10.6,11.3,10.4,,
2024-04-27,8.8,9.2,9.4,9.4,,
2024-04-28,9.6,9.8,9.7,9.3,,
2024-04-29,8.6,8.7,8.9,9.0,,
2024-04-30,7.0,7.3,7.2,7.9,,
2024-05-01,6.3,6.4,6.5,7.1,,
2024-05-02,6.4,6.7,7.1,7.9,,
2024-05-03,8.1,8.5,8.2,8.6,,
2024-05-04,8.2,9.5,9.6,8.8,,
2024-05-05,9.5,10.2,10.5,9.7,,
2024-05-06,9.2,9.6,9.5,9.2,,
2024-05-07,7.9,8.2,7.2,8.2,,
2024-05-08,7.0,7.2,6.5,7.5,,
2024-05-09,8.7,9.7,9.8,9.2,,
2024-05-10,10.9,12.6,12.9,11.5,,
2024-05-11,12.5,14.2,14.8,13.3,,
2024-05-12,13.6,15.5,16.0,14.4,,
2024-05-13,13.4,15.6,15.6,13.9,,
2024-05-14,12.5,14.1,15.0,12.8,,
2024-05-15,12.2,13.4,14.6,12.0,,
2024-05-16,12.9,14.2,14.5,12.1,,
2024-05-17,11.5,13.0,12.5,11.5,,
2024-05-18,9.9,11.8,12.0,9.7,,
2024-05-19,9.4,10.5,10.7,10.0,,
2024-05-20,9.4,9.5,10.2,9.5,,
2024-05-21,9.0,10.2,10.7,9.9,,
2024-05-22,9.2,9.9,10.4,10.1,,
2024-05-23,,8.1,7.9,9.5,,
2024-05-24,9.5,10.3,10.5,10.0,,
2024-05-25,10.6,11.2,11.7,10.5,,
2024-05-26,10.8,11.9,11.4,10.6,,
2024-05-27,12.6,13.9,14.2,11.8,,
2024-05-28,13.8,15.5,15.8,13.3,,
2024-05-29,12.6,13.7,14.3,13.3,,
2024-05-30,11.3,12.2,12.4,,,
2024-05-31,11.6,13.1,12.8,11.2,,
2024-06-01,12.5,13.9,14.1,11.7,11.9,12.2
2024-06-02,12.6,14.4,15.0,12.3,12.1,12.6
2024-06-03,12.2,13.1,13.2,12.1,12.1,12.5
2024-06-04,11.0,12.5,12.2,10.8,11.1,11.6
2024-06-05,12.9,15.5,15.3,12.1,10.8,11.4
2024-06-06,12.8,16.1,16.7,13.8,12.8,12.9
2024-06-07,14.3,17.1,18.1,15.2,14.1,14.5
2024-06-08,13.9,17.6,18.3,15.8,15.0,15.3
2024-06-09,13.3,16.6,17.7,16.0,15.4,15.7
2024-06-10,13.6,16.9,18.0,16.1,15.3,15.8
2024-06-11,13.7,16.9,17.5,15.5,14.9,15.6
2024-06-12,14.4,17.2,17.6,15.6,14.9,15.4
2024-06-13,13.1,16.5,17.3,15.5,15.1,15.5
2024-06-14,13.8,16.8,18.1,16.1,15.5,15.9
2024-06-15,12.6,14.1,14.6,14.8,15.0,15.2
2024-06-16,10.1,12.4,12.3,12.9,13.3,14.1
2024-06-17,8.8,10.6,11.3,11.5,12.2,12.7
2024-06-18,8.9,10.5,11.0,11.0,11.3,12.1
2024-06-19,10.3,12.2,12.7,12.2,11.9,12.3
2024-06-20,11.9,13.9,14.9,14.1,13.4,13.7
2024-06-21,14.0,16.7,17.7,15.9,15.0,15.2
2024-06-22,14.8,17.7,18.3,16.7,16.2,16.4
2024-06-23,15.4,18.9,19.3,17.5,17.3,17.6
2024-06-24,16.1,18.8,19.0,17.8,17.7,17.9
2024-06-25,15.7,18.2,18.9,17.6,17.7,18.2
2024-06-26,15.4,17.7,18.2,17.5,17.8,18.3
2024-06-27,14.9,17.1,17.5,16.8,17.2,17.8
2024-06-28,12.8,15.0,15.5,15.6,15.8,16.7
2024-06-29,14.0,16.5,17.0,16.0,16.1,16.5
2024-06-30,14.6,16.7,17.5,16.5,16.7,17.1
2024-07-01,13.9,16.0,16.8,16.1,16.3,17.0
2024-07-02,14.2,16.1,16.3,16.7,16.8,17.1
2024-07-03,13.8,15.1,15.9,16.2,16.9,17.4
2024-07-04,14.7,15.7,16.9,16.6,17.0,17.6
2024-07-05,15.6,16.8,17.8,17.3,17.5,18.0
2024-07-06,16.5,18.1,18.9,18.3,18.2,18.7
2024-07-07,17.5,19.2,20.3,19.3,19.1,19.4
2024-07-08,18.2,20.1,21.1,20.1,20.0,20.4
2024-07-09,18.9,20.8,22.0,20.9,21.0,21.3
2024-07-10,19.5,20.9,22.4,21.4,21.6,22.1
2024-07-11,19.9,21.2,22.4,21.2,21.9,22.3
2024-07-12,19.3,20.6,21.1,20.7,21.7,22.1
2024-07-13,19.5,20.7,21.3,20.5,21.4,22.1
2024-07-14,17.6,18.5,19.9,19.9,20.9,21.7
2024-07-15,18.5,18.3,19.4,19.6,20.8,21.2
2024-07-16,19.1,19.0,19.8,19.5,20.5,21.0
2024-07-17,19.0,19.4,20.6,19.6,20.3,20.9
2024-07-18,19.2,19.9,21.1,20.8,20.8,21.3
2024-07-19,19.9,20.1,21.4,21.1,21.2,21.7
2024-07-20,20.5,20.5,21.5,21.2,21.8,22.3
2024-07-21,20.2,20.2,21.1,21.3,22.1,22.5
2024-07-22,19.4,19.3,20.5,21.1,21.9,22.3
2024-07-23,19.1,19.6,21.3,21.6,21.9,22.2
2024-07-24,18.2,19.7,20.5,21.2,21.6,22.1
2024-07-25,19.2,19.5,20.5,21.1,21.0,21.6
2024-07-26,17.7,17.6,18.3,19.2,19.9,19.9
2024-07-27,16.5,16.3,16.7,18.2,19.2,19.8
2024-07-28,16.7,16.6,17.2,17.8,19.0,19.4
2024-07-29,16.5,16.8,17.4,17.9,18.9,19.3
2024-07-30,15.8,15.8,16.8,18.0,19.0,19.5
2024-07-31,17.0,16.9,18.3,18.6,19.1,19.8
2024-08-01,19.2,19.3,20.8,20.0,20.0,20.6
2024-08-02,20.3,20.0,21.7,20.9,20.6,21.5
2024-08-03,19.7,19.2,20.6,20.6,20.7,21.7
2024-08-04,19.1,18.0,19.3,19.1,19.9,20.8
2024-08-05,18.9,18.3,19.8,18.4,19.2,20.0
2024-08-06,18.9,18.4,21.0,18.8,19.2,20.4
2024-08-07,19.1,18.3,19.9,19.3,19.5,20.2
2024-08-08,18.5,17.5,18.5,18.5,19.8,20.2
2024-08-09,18.3,17.3,18.7,18.3,19.8,20.4
2024-08-10,17.5,16.9,18.9,18.3,19.0,20.3
2024-08-11,17.0,16.9,18.8,17.8,18.6,19.2
2024-08-12,16.7,16.7,18.3,18.4,18.9,19.9
2024-08-13,15.8,15.4,16.7,17.8,18.1,19.6
2024-08-14,16.0,16.2,17.0,17.9,17.9,19.0
2024-08-15,17.0,17.7,18.0,18.0,17.7,19.3
2024-08-16,17.2,17.6,18.6,17.8,17.9,19.0
2024-08-17,17.6,18.2,19.8,18.6,18.7,19.1
2024-08-18,18.7,18.6,20.2,19.3,19.1,20.2
2024-08-19,18.3,18.3,19.7,19.3,19.5,20.6
2024-08-20,17.2,17.1,18.7,18.5,19.7,20.8
2024-08-21,16.2,15.9,16.8,18.3,18.8,20.1
2024-08-22,16.4,16.1,17.2,18.2,18.4,19.2
2024-08-23,16.6,16.7,17.8,18.1,18.1,19.2
2024-08-24,14.9,14.8,16.2,16.7,17.3,18.0
2024-08-25,14.3,14.4,15.5,16.2,16.4,17.4
2024-08-26,15.1,15.7,16.7,16.3,16.7,17.1
2024-08-27,15.6,15.8,16.9,16.2,16.8,17.1
2024-08-28,14.0,13.0,13.2,13.5,15.4,15.8
2024-08-29,14.2,14.4,14.2,13.8,15.2,15.2
2024-08-30,15.1,15.5,16.2,15.3,15.5,16.5
2024-08-31,15.6,16.0,17.1,16.3,16.4,17.0
2024-09-01,16.2,16.4,17.7,16.6,16.8,17.5
2024-09-02,16.0,16.1,17.3,16.5,16.7,17.4
2024-09-03,15.9,15.8,16.5,16.4,16.4,17.4
2024-09-04,15.6,16.0,16.9,16.5,16.8,17.5
2024-09-05,16.3,16.9,18.1,17.2,17.3,18.3
2024-09-06,16.6,16.8,18.0,,17.9,18.6
2024-09-07,16.2,16.3,17.4,16.9,17.8,18.6
2024-09-08,15.6,15.3,16.4,15.8,17.2,18.2
2024-09-09,15.9,15.4,16.6,16.3,17.2,18.0
2024-09-10,15.0,14.1,14.9,15.6,16.5,17.4
2024-09-11,13.5,12.7,13.0,14.4,15.6,16.5
2024-09-12,11.9,12.0,12.4,13.3,14.9,15.3
2024-09-13,11.4,11.7,11.7,12.6,14.6,14.9
2024-09-14,12.0,12.1,12.4,12.9,13.9,14.8
2024-09-15,13.0,13.3,13.6,13.4,13.9,14.3
2024-09-16,13.8,14.4,14.9,,14.3,14.5
2024-09-17,12.9,13.8,14.7,14.5,14.7,15.1
2024-09-18,12.0,12.6,13.0,14.1,15.2,15.5
2024-09-19,12.3,12.8,13.0,14.1,15.3,15.5
2024-09-20,12.7,13.2,13.7,13.7,15.0,15.3
2024-09-21,11.5,12.0,12.4,12.9,14.4,14.6
2024-09-22,11.3,11.8,12.1,12.2,13.8,14.2
2024-09-23,11.9,12.4,12.7,12.8,13.7,14.1
2024-09-24,13.1,13.5,14.1,13.8,14.3,14.4
2024-09-25,14.2,14.7,15.3,14.8,15.1,15.4
2024-09-26,14.1,14.7,15.1,14.9,15.6,15.8
2024-09-27,13.1,13.1,13.6,13.9,15.2,15.0
2024-09-28,13.5,13.6,14.0,14.0,15.1,15.2
2024-09-29,12.7,12.7,12.9,13.0,14.4,14.8
2024-09-30,10.1,10.3,10.2,10.8,13.1,13.2
2024-10-01,9.5,9.7,9.6,10.0,,
2024-10-02,11.0,11.3,11.5,11.2,,
2024-10-03,9.6,9.9,9.9,10.2,,
2024-10-04,9.7,9.8,9.7,9.5,,
2024-10-05,9.9,10.2,10.1,10.3,,
2024-10-06,9.2,9.6,9.6,9.9,,
2024-10-07,9.6,9.7,9.8,10.0,,
2024-10-08,10.1,10.1,10.0,10.2,,
2024-10-09,10.5,10.8,10.6,10.4,,
2024-10-10,9.9,10.8,10.9,11.2,,
2024-10-11,9.8,10.1,10.7,10.8,,
2024-10-12,10.7,10.9,11.4,11.2,,
2024-10-13,10.1,10.4,10.6,10.6,,
2024-10-14,9.8,9.9,10.0,10.3,,
2024-10-15,9.8,9.7,9.9,10.2,,
2024-10-16,9.6,9.4,9.3,9.4,,
2024-10-17,8.1,8.2,8.0,9.0,,
2024-10-18,6.7,6.6,6.4,8.0,,
2024-10-19,7.6,7.9,7.9,7.3,,
2024-10-20,9.2,9.5,9.3,8.1,,
2024-10-21,9.3,9.6,8.8,8.6,,
2024-10-22,8.0,8.2,7.9,8.2,,
2024-10-23,5.4,5.7,5.3,6.5,,
2024-10-24,6.4,6.3,5.8,6.6,,
2024-10-25,5.6,5.5,5.1,5.6,,
2024-10-26,7.1,7.2,6.7,6.1,,
2024-10-27,6.9,7.3,7.1,6.1,,
2024-10-28,6.4,6.7,6.5,6.8,,
2024-10-29,4.5,5.0,4.7,6.1,,
2024-10-30,3.5,3.7,3.4,5.0,,
2024-10-31,2.7,2.5,2.0,3.8,,
2024-11-01,2.7,2.8,2.7,4.2,,
2024-11-02,3.3,3.6,3.4,4.5,,
2024-11-03,3.4,3.8,3.6,4.7,,
2024-11-04,3.1,3.7,3.6,5.1,,
2024-11-05,2.5,2.8,2.5,4.6,,
2024-11-06,,,,4.4,,
