station_id,variable,season,count,mean_anomaly,std_anomaly,q10_anomaly,q90_anomaly,max_absolute_anomaly
B1,DH,DJF,1354,-0.556314623338257,1.6913552449586888,-2.784999999999999,0.7850000000000024,8.45
B1,DH,JJA,1380,-0.12568840579710147,3.334185431506642,-4.85,3.95,9.3
B1,DH,MAM,1380,-0.3243840579710145,2.8815996202819947,-4.6499999999999995,3.05,9.65
B1,DH,SON,1365,-0.664945054945055,2.5000799284699595,-4.33,1.85,9.0
B1,F,DJF,1354,3.7108567208271785,44.00941871916366,-47.5,57.5,204.5
B1,F,JJA,1380,172.6246376811594,765.8930702872835,-711.4,1255.0,3070.0
B1,F,MAM,1380,9.827536231884057,124.24165893163605,-116.55,128.1500000000002,682.5
B1,F,SON,1365,66.06666666666666,447.6749473172728,-379.6,558.0000000000007,5122.5
B1,L,DJF,1354,1.273445347119654,3.202790859903385,-0.22499999999990905,9.229999999999881,9.740000000000236
B1,L,JJA,1380,1.4673913043478262,3.530478242362333,-0.9699999999997999,9.045500000000365,12.700000000000273
B1,L,MAM,1380,1.240742753623186,3.250248661617714,-0.2899999999999636,9.279999999999792,10.489999999999782
B1,L,SON,1365,1.3177619047619127,3.223699860415559,-0.5800000000002001,9.078000000000067,10.815000000000055
B1,P,DJF,1354,0.02382422451994091,0.28312617899776965,0.0,0.0,7.619999999999999
B1,P,JJA,1375,2.106537454545454,5.270869559430734,-1.854199999999999,8.762999999999998,37.592
B1,P,MAM,1373,0.7600575382374363,2.4027098028752265,0.0,2.54,34.036
B1,P,SON,1361,0.9208199853049227,3.206721452770589,-0.254,2.9210000000000003,32.512
B1,RH,DJF,1354,1.1613737075332349,8.236996284673232,-8.0,11.0,51.0
B1,RH,JJA,1380,0.6797101449275362,13.816389776526096,-18.0,18.5,43.0
B1,RH,MAM,1380,2.1094202898550725,13.704881212976893,-13.0,21.0,57.0
B1,RH,SON,1365,1.6582417582417583,11.182727168971127,-10.5,16.5,45.0
B1,Rs,DJF,1354,-0.8687407680945346,2.7225694189410747,-4.557,1.467000000000001,14.93
B1,Rs,JJA,1380,-0.5928007246376811,4.211732912510348,-6.288,4.844999999999999,13.19
B1,Rs,MAM,1380,-0.5917971014492752,5.083381410541484,-7.3905,5.741000000000003,19.54
B1,Rs,SON,1365,-0.5393406593406596,3.272320533870135,-4.835,3.1660000000000004,14.485000000000003
B1,T,DJF,1354,0.1842688330871492,0.6503083162942829,-0.5999999999999996,1.0,2.25
B1,T,JJA,1380,0.01438405797101452,1.1827583499267493,-1.4499999999999993,1.5,4.700000000000001
B1,T,MAM,1380,0.10394927536231885,0.7699420207630412,-0.8499999999999981,1.0500000000000007,3.3499999999999996
B1,T,SON,1365,0.2476923076923077,1.0959620737657245,-1.0,1.6300000000000066,4.050000000000001
B1,Ta,DJF,1354,0.10627769571639582,2.4954528698340024,-3.1,3.485000000000002,8.399999999999999
B1,Ta,JJA,1380,0.08416666666666654,2.7544619404412063,-3.6000000000000014,3.7999999999999976,8.350000000000001
B1,Ta,MAM,1380,-0.1471376811594202,2.9098506391997976,-3.8549999999999995,3.399999999999999,14.25
B1,Ta,SON,1365,0.39739926739926734,2.4549822564175443,-2.5,3.6500000000000012,8.55
B1,W,DJF,1346,0.18913269940564637,0.6550992921598952,-0.5401662,1.0803324,3.4982191999999994
B1,W,JJA,1380,0.160819667826087,0.6118777214029253,-0.5658884000000002,0.9517214000000003,2.8808864
B1,W,MAM,1380,0.15884390463768114,0.6899444293217601,-0.6687772,1.082904620000004,2.3149980000000006
B1,W,SON,1362,0.13743057958883992,0.5151686986928837,-0.43727740000000004,0.7948159800000024,2.4693312
S2,DH,DJF,1354,-1.0467503692762186,2.5167173068660484,-4.95,0.5500000000000007,10.1
S2,DH,JJA,1380,0.3977898550724638,3.716143345273917,-4.1499999999999995,5.45,11.0
S2,DH,MAM,1380,-0.756268115942029,3.3937293709667915,-5.6499999999999995,3.1499999999999995,10.25
S2,DH,SON,1365,-0.528937728937729,3.460653041251885,-5.15,3.45,10.05
S2,F,DJF,1354,7.492245199409158,57.54318195097112,-61.5,70.0,238.0
S2,F,JJA,1380,164.17898550724638,863.6394552257385,-870.0,1335.5000000000007,3645.0
S2,F,MAM,1380,1.077536231884058,144.03168137012577,-159.55,142.05000000000007,739.0
S2,F,SON,1365,70.9076923076923,514.6493986879002,-435.0,578.0000000000007,4349.5
S2,L,DJF,1354,0.0031905465288409457,0.14953516752236357,-0.22499999999990905,0.20499999999992724,0.4350000000001728
S2,L,JJA,1380,0.204141304347815,0.9402725552762294,-0.8404999999999291,1.420500000000039,4.769999999999982
S2,L,MAM,1380,-0.01653260869563722,0.2501234409280235,-0.3005000000001473,0.23050000000000706,1.0549999999998363
S2,L,SON,1365,0.07052380952381027,0.563413741700875,-0.5399999999999636,0.6129999999999661,5.300000000000182
S2,P,DJF,1353,0.1595713229859571,0.9855793776207077,0.0,0.0,16.764
S2,P,JJA,1380,3.6250217391304345,10.106696995438847,-4.076699999999999,15.748,72.39
S2,P,MAM,1378,1.0634637155297533,3.9051494708589605,0.0,2.5780999999999943,51.815999999999995
S2,P,SON,1363,1.6361848862802642,5.9827214844750465,-1.1429999999999998,6.451599999999994,72.89799999999998
S2,RH,DJF,1354,1.3397341211225997,14.664824406511787,-16.5,20.5,53.0
S2,RH,JJA,1380,0.08985507246376812,10.097219872075835,-13.5,12.5,35.0
S2,RH,MAM,1380,2.7721014492753624,13.995132166924545,-13.5,22.0,51.0
S2,RH,SON,1365,0.5307692307692308,11.538861016469967,-14.5,14.800000000000068,43.5
S2,Rs,DJF,1354,-1.4569497784342689,4.110521822656379,-7.856999999999999,1.8520000000000003,16.555
S2,Rs,JJA,1380,0.5189855072463767,4.525048005122797,-4.892,6.6420000000000154,20.095
S2,Rs,MAM,1380,-0.5752173913043478,6.022070459676405,-8.8215,7.519000000000006,17.285
S2,Rs,SON,1365,-0.5618974358974359,4.594971040217842,-7.077000000000001,4.648,16.585
S2,T,DJF,1354,0.06451255539143276,0.5654941969942004,-0.6500000000000004,0.8000000000000007,1.9000000000000004
S2,T,JJA,1380,-0.06648550724637703,0.9466123924525299,-1.2999999999999972,1.149999999999999,3.3000000000000007
S2,T,MAM,1380,0.0022463768115940754,0.6693204568738085,-0.7999999999999989,0.8000000000000007,4.0
S2,T,SON,1365,0.10725274725274722,0.943451810129591,-1.0999999999999979,1.3000000000000007,3.1499999999999986
S2,Ta,DJF,1354,-0.02503692762186115,2.410478671669438,-3.0999999999999996,3.0500000000000007,8.5
S2,Ta,JJA,1380,0.14561594202898553,1.8993312010292585,-2.2500000000000036,2.5,7.25
S2,Ta,MAM,1380,-0.27782608695652167,2.5435405651228713,-3.4999999999999982,2.7499999999999982,11.5
S2,Ta,SON,1365,0.237032967032967,1.915507306967863,-2.1999999999999975,2.5999999999999996,6.75
S2,W,DJF,1354,-0.004711303988183132,1.1314809154233103,-1.4147210000000001,1.509893140000001,5.015829
S2,W,JJA,1378,0.08860905907111757,0.6673525298782468,-0.6430549999999999,0.8745548000000003,3.4210526
S2,W,MAM,1379,-0.027177117766497456,1.1754805161714341,-1.5176098000000002,1.5176098000000002,4.115552
S2,W,SON,1363,0.13038494482758617,0.7317080686382896,-0.6173328,1.028888,3.7554411999999995
P3,DH,DJF,1354,-0.7481905465288035,2.406328357008563,-4.134999999999999,1.0500000000000005,10.25
P3,DH,JJA,1380,-0.6735869565217392,4.091865216013675,-6.5,4.405000000000007,11.1
P3,DH,MAM,1380,-1.0822101449275363,3.0723551280205843,-5.55,1.5999999999999996,12.1
P3,DH,SON,1365,-1.0146520146520146,3.6320645550893613,-7.1,2.8,9.55
P3,F,DJF,1354,22.20864106351551,203.61120492449643,-165.35,211.10000000000014,1260.0
P3,F,JJA,1380,181.26014492753623,1182.735298891053,-1185.4,1775.5000000000007,5120.0
P3,F,MAM,1380,8.075724637681159,257.24672250840524,-248.39999999999998,292.10000000000014,1761.5
P3,F,SON,1365,56.6978021978022,745.8069652356387,-644.6,858.4000000000005,3200.0
P3,L,DJF,1354,0.023914327917281535,0.5796796169323191,-0.6020000000000209,0.6235000000000016,3.0550000000000637
P3,L,JJA,1380,0.24409782608695768,1.8628065840777606,-2.096500000000026,2.6414999999998847,6.919999999999959
P3,L,MAM,1380,-0.016971014492750874,0.7047281470934119,-0.7909999999999626,0.8055000000000525,3.925000000000068
P3,L,SON,1365,0.09231135531135114,1.2475322070120087,-1.2430000000000518,1.515999999999987,5.4249999999999545
P3,P,DJF,1351,0.2974300518134715,1.5982875496026172,0.0,0.0,20.827999999999996
P3,P,JJA,1376,5.10907340116279,13.229510710545062,-3.8099999999999996,21.9075,97.917
P3,P,MAM,1375,1.3808363636363636,4.889424646989601,0.0,3.6322000000000165,58.674
P3,P,SON,1360,2.7705610294117644,8.17064394986756,-0.6349999999999998,9.283700000000016,74.549
P3,RH,DJF,1354,0.7511078286558346,11.503947821310307,-13.5,14.5,47.5
P3,RH,JJA,1380,1.15,12.464305817288384,-14.0,17.0,48.5
P3,RH,MAM,1380,3.619565217391304,14.102244271813884,-11.5,24.0,52.5
P3,RH,SON,1365,2.220879120879121,9.190878867580874,-9.0,15.0,32.5
P3,Rs,DJF,1354,-1.153016986706056,3.795719722507505,-6.444999999999998,2.2354999999999996,19.394999999999996
P3,Rs,JJA,1380,-0.07823913043478248,5.493863038749051,-7.606000000000002,6.892000000000009,20.17
P3,Rs,MAM,1380,-0.9216376811594202,5.5343305870082276,-8.6175,5.538500000000005,20.14
P3,Rs,SON,1365,-0.8486776556776559,4.932164243638206,-8.273,4.879000000000001,15.300000000000002
P3,T,DJF,1354,1.0762186115214183,1.72332467127055,-0.5999999999999996,3.8000000000000007,5.600000000000001
P3,T,JJA,1380,-0.07188405797101433,0.8690321612878484,-1.1999999999999993,1.0,2.6999999999999993
P3,T,MAM,1380,-0.32474637681159413,0.9399895896974511,-1.5999999999999996,0.8999999999999986,3.0
P3,T,SON,1365,0.9597435897435899,1.7703695975468483,-1.0999999999999979,3.760000000000013,5.799999999999999
P3,Ta,DJF,1354,-0.01240768094534698,2.1558633761202866,-2.600000000000001,2.4499999999999993,10.3
P3,Ta,JJA,1380,0.05260869565217412,2.0152546607954083,-2.5,2.3500000000000014,7.550000000000001
P3,Ta,MAM,1380,-0.43510869565217414,2.8297281639784413,-4.155000000000001,2.649999999999999,12.400000000000002
P3,Ta,SON,1365,0.07520146520146531,1.9970319012626232,-2.5500000000000007,2.400000000000002,8.0
P3,W,DJF,1348,0.08310102448071217,0.5323827547687064,-0.5658883999999998,0.7459438,2.8037197999999997
P3,W,JJA,1374,0.09068292343522563,0.41406415980318795,-0.4115552,0.6173328000000002,1.8519983999999998
P3,W,MAM,1380,0.015396041449275264,0.6204993826251133,-0.7973881999999999,0.8231104,2.3664424
P3,W,SON,1361,0.06601590345334316,0.4256708858711173,-0.46299960000000007,0.6173328000000002,1.6204986
