date,station_id,variable,split,daily_change,absolute_change,train_q99_threshold,candidate_only_not_removed
2006-03-13,B1,DH,train,-8.9,8.9,8.5,True
2006-06-26,B1,DH,train,-10.6,10.6,8.5,True
2006-07-22,B1,DH,train,-9.1,9.1,8.5,True
2006-10-11,B1,DH,train,-8.8,8.8,8.5,True
2007-05-11,B1,DH,train,-8.899999999999999,8.899999999999999,8.5,True
2007-06-14,B1,DH,train,-8.7,8.7,8.5,True
2007-06-25,B1,DH,train,9.7,9.7,8.5,True
2007-07-01,B1,DH,train,-9.3,9.3,8.5,True
2007-07-27,B1,DH,train,-9.3,9.3,8.5,True
2007-08-15,B1,DH,train,-9.9,9.9,8.5,True
2007-09-04,B1,DH,train,-10.1,10.1,8.5,True
2008-03-22,B1,DH,train,9.4,9.4,8.5,True
2008-10-29,B1,DH,train,8.6,8.6,8.5,True
2009-05-19,B1,DH,train,9.2,9.2,8.5,True
2009-08-13,B1,DH,train,9.6,9.6,8.5,True
2009-09-25,B1,DH,train,-9.1,9.1,8.5,True
2011-04-10,B1,DH,train,8.6,8.6,8.5,True
2011-06-25,B1,DH,train,-9.1,9.1,8.5,True
2011-06-27,B1,DH,train,10.899999999999999,10.899999999999999,8.5,True
2011-07-18,B1,DH,train,-9.2,9.2,8.5,True
2011-07-19,B1,DH,train,9.3,9.3,8.5,True
2011-10-04,B1,DH,train,-8.600000000000001,8.600000000000001,8.5,True
2012-07-13,B1,DH,train,10.2,10.2,8.5,True
2013-06-21,B1,DH,train,-8.9,8.9,8.5,True
2013-09-12,B1,DH,train,8.8,8.8,8.5,True
2014-05-13,B1,DH,train,9.1,9.1,8.5,True
2014-06-17,B1,DH,train,9.8,9.8,8.5,True
2014-07-16,B1,DH,train,9.7,9.7,8.5,True
2015-01-30,B1,DH,train,-8.6,8.6,8.5,True
2015-08-14,B1,DH,train,-10.0,10.0,8.5,True
2016-05-19,B1,DH,validation,10.4,10.4,8.5,True
2016-05-21,B1,DH,validation,-9.2,9.2,8.5,True
2016-05-23,B1,DH,validation,9.8,9.8,8.5,True
2016-05-25,B1,DH,validation,-9.4,9.4,8.5,True
2016-06-06,B1,DH,validation,-9.8,9.8,8.5,True
2016-06-07,B1,DH,validation,10.1,10.1,8.5,True
2016-06-13,B1,DH,validation,-8.8,8.8,8.5,True
2016-07-28,B1,DH,validation,9.200000000000001,9.200000000000001,8.5,True
2016-07-29,B1,DH,validation,-8.9,8.9,8.5,True
2017-04-16,B1,DH,validation,-9.4,9.4,8.5,True
2017-04-18,B1,DH,validation,9.0,9.0,8.5,True
2017-05-30,B1,DH,validation,-8.700000000000001,8.700000000000001,8.5,True
2017-08-12,B1,DH,validation,10.1,10.1,8.5,True
2017-10-21,B1,DH,validation,-9.2,9.2,8.5,True
2018-05-31,B1,DH,test,9.1,9.1,8.5,True
2018-07-29,B1,DH,test,-8.9,8.9,8.5,True
2019-06-04,B1,DH,test,-8.799999999999999,8.799999999999999,8.5,True
2019-08-03,B1,DH,test,8.8,8.8,8.5,True
2019-08-04,B1,DH,test,-9.0,9.0,8.5,True
2007-09-02,B1,F,train,450.0,450.0,380.0,True
2008-07-03,B1,F,train,400.0,400.0,380.0,True
2008-08-01,B1,F,train,630.0,630.0,380.0,True
2008-08-02,B1,F,train,720.0,720.0,380.0,True
2008-08-03,B1,F,train,710.0,710.0,380.0,True
2008-08-30,B1,F,train,420.0,420.0,380.0,True
2009-06-12,B1,F,train,520.0,520.0,380.0,True
2009-07-06,B1,F,train,500.0,500.0,380.0,True
2009-07-07,B1,F,train,390.0,390.0,380.0,True
2009-08-14,B1,F,train,-420.0,420.0,380.0,True
2010-07-08,B1,F,train,390.0,390.0,380.0,True
2010-08-24,B1,F,train,390.0,390.0,380.0,True
2010-09-08,B1,F,train,-400.0,400.0,380.0,True
2011-07-06,B1,F,train,410.0,410.0,380.0,True
2011-07-13,B1,F,train,760.0,760.0,380.0,True
2011-07-14,B1,F,train,660.0,660.0,380.0,True
2011-07-16,B1,F,train,-420.0,420.0,380.0,True
2011-07-19,B1,F,train,-410.0,410.0,380.0,True
2011-08-04,B1,F,train,440.0,440.0,380.0,True
2012-06-26,B1,F,train,490.0,490.0,380.0,True
2012-07-18,B1,F,train,470.0,470.0,380.0,True
2012-07-27,B1,F,train,-410.0,410.0,380.0,True
2013-07-10,B1,F,train,420.0,420.0,380.0,True
2013-07-14,B1,F,train,410.0,410.0,380.0,True
2013-09-05,B1,F,train,440.0,440.0,380.0,True
2014-06-27,B1,F,train,450.0,450.0,380.0,True
2014-07-12,B1,F,train,400.0,400.0,380.0,True
2014-07-26,B1,F,train,410.0,410.0,380.0,True
2014-08-10,B1,F,train,410.0,410.0,380.0,True
2014-08-19,B1,F,train,-410.0,410.0,380.0,True
2014-08-20,B1,F,train,-470.0,470.0,380.0,True
2014-08-22,B1,F,train,590.0,590.0,380.0,True
2014-09-03,B1,F,train,450.0,450.0,380.0,True
2015-07-03,B1,F,train,420.0,420.0,380.0,True
2015-08-20,B1,F,train,500.0,500.0,380.0,True
2016-07-08,B1,F,validation,440.0,440.0,380.0,True
2016-07-14,B1,F,validation,500.0,500.0,380.0,True
2016-07-16,B1,F,validation,-490.0,490.0,380.0,True
2016-07-26,B1,F,validation,500.0,500.0,380.0,True
2016-07-29,B1,F,validation,-410.0,410.0,380.0,True
2017-06-16,B1,F,validation,390.0,390.0,380.0,True
2017-07-03,B1,F,validation,400.0,400.0,380.0,True
2017-07-06,B1,F,validation,700.0,700.0,380.0,True
2017-07-09,B1,F,validation,770.0,770.0,380.0,True
2018-06-15,B1,F,test,455.0,455.0,380.0,True
2018-07-05,B1,F,test,440.0,440.0,380.0,True
2018-07-15,B1,F,test,-490.0,490.0,380.0,True
2018-10-11,B1,F,test,-840.0,840.0,380.0,True
2018-10-12,B1,F,test,-975.0,975.0,380.0,True
2018-10-13,B1,F,test,2665.0,2665.0,380.0,True
2018-10-14,B1,F,test,-840.0,840.0,380.0,True
2018-11-04,B1,F,test,-452.0,452.0,380.0,True
2018-11-05,B1,F,test,-410.0,410.0,380.0,True
2018-11-14,B1,F,test,5327.0,5327.0,380.0,True
2018-11-15,B1,F,test,-5059.0,5059.0,380.0,True
2019-06-30,B1,F,test,510.0,510.0,380.0,True
2019-08-06,B1,F,test,490.0,490.0,380.0,True
2020-07-11,B1,F,test,600.0,600.0,380.0,True
2020-07-12,B1,F,test,610.0,610.0,380.0,True
2007-06-22,B1,L,train,0.5,0.5,0.4600000000000364,True
2007-09-02,B1,L,train,0.6099999999996726,0.6099999999996726,0.4600000000000364,True
2008-07-03,B1,L,train,0.5500000000001819,0.5500000000001819,0.4600000000000364,True
2008-08-01,B1,L,train,0.7999999999997272,0.7999999999997272,0.4600000000000364,True
2008-08-02,B1,L,train,0.900000000000091,0.900000000000091,0.4600000000000364,True
2008-08-03,B1,L,train,0.7699999999999818,0.7699999999999818,0.4600000000000364,True
2008-08-30,B1,L,train,0.47000000000025466,0.47000000000025466,0.4600000000000364,True
2009-06-12,B1,L,train,0.7400000000002365,0.7400000000002365,0.4600000000000364,True
2009-07-06,B1,L,train,0.6199999999998909,0.6199999999998909,0.4600000000000364,True
2009-07-07,B1,L,train,0.4800000000000182,0.4800000000000182,0.4600000000000364,True
2009-08-14,B1,L,train,-0.5300000000002001,0.5300000000002001,0.4600000000000364,True
2010-07-02,B1,L,train,0.4699999999997999,0.4699999999997999,0.4600000000000364,True
2010-08-24,B1,L,train,0.4800000000000182,0.4800000000000182,0.4600000000000364,True
2011-07-06,B1,L,train,0.5,0.5,0.4600000000000364,True
2011-07-13,B1,L,train,0.8600000000001273,0.8600000000001273,0.4600000000000364,True
2011-07-14,B1,L,train,0.7099999999995816,0.7099999999995816,0.4600000000000364,True
2011-07-20,B1,L,train,-0.4699999999997999,0.4699999999997999,0.4600000000000364,True
2011-08-04,B1,L,train,0.5399999999999636,0.5399999999999636,0.4600000000000364,True
2012-06-26,B1,L,train,0.6000000000003638,0.6000000000003638,0.4600000000000364,True
2012-07-18,B1,L,train,0.5900000000001455,0.5900000000001455,0.4600000000000364,True
2012-07-27,B1,L,train,-0.5500000000001819,0.5500000000001819,0.4600000000000364,True
2013-07-10,B1,L,train,0.5300000000002001,0.5300000000002001,0.4600000000000364,True
2013-07-14,B1,L,train,0.4899999999997817,0.4899999999997817,0.4600000000000364,True
2013-09-05,B1,L,train,0.5299999999997453,0.5299999999997453,0.4600000000000364,True
2014-06-23,B1,L,train,0.5199999999999818,0.5199999999999818,0.4600000000000364,True
2014-06-27,B1,L,train,0.599999999999909,0.599999999999909,0.4600000000000364,True
2014-06-28,B1,L,train,0.47000000000025466,0.47000000000025466,0.4600000000000364,True
2014-07-12,B1,L,train,0.5199999999999818,0.5199999999999818,0.4600000000000364,True
2014-07-26,B1,L,train,0.5399999999999636,0.5399999999999636,0.4600000000000364,True
2014-08-19,B1,L,train,-0.5599999999999454,0.5599999999999454,0.4600000000000364,True
2014-08-20,B1,L,train,-0.5499999999997272,0.5499999999997272,0.4600000000000364,True
2014-08-22,B1,L,train,0.6900000000000546,0.6900000000000546,0.4600000000000364,True
2014-09-03,B1,L,train,0.5299999999997453,0.5299999999997453,0.4600000000000364,True
2015-07-03,B1,L,train,0.47000000000025466,0.47000000000025466,0.4600000000000364,True
2015-08-20,B1,L,train,0.6900000000000546,0.6900000000000546,0.4600000000000364,True
2016-04-22,B1,L,validation,-0.599999999999909,0.599999999999909,0.4600000000000364,True
2016-04-23,B1,L,validation,0.6300000000001091,0.6300000000001091,0.4600000000000364,True
2016-07-08,B1,L,validation,0.5900000000001455,0.5900000000001455,0.4600000000000364,True
2016-07-14,B1,L,validation,0.569999999999709,0.569999999999709,0.4600000000000364,True
2016-07-16,B1,L,validation,-0.5700000000001637,0.5700000000001637,0.4600000000000364,True
2016-07-26,B1,L,validation,0.5599999999999454,0.5599999999999454,0.4600000000000364,True
2016-07-29,B1,L,validation,-0.47000000000025466,0.47000000000025466,0.4600000000000364,True
2017-06-16,B1,L,validation,0.5700000000001637,0.5700000000001637,0.4600000000000364,True
2017-07-03,B1,L,validation,0.5499999999997272,0.5499999999997272,0.4600000000000364,True
2017-07-06,B1,L,validation,0.9200000000000728,0.9200000000000728,0.4600000000000364,True
2017-07-09,B1,L,validation,0.9699999999997999,0.9699999999997999,0.4600000000000364,True
2018-06-14,B1,L,test,0.5700000000001637,0.5700000000001637,0.4600000000000364,True
2018-06-15,B1,L,test,0.7300000000000182,0.7300000000000182,0.4600000000000364,True
2018-06-16,B1,L,test,0.6199999999998909,0.6199999999998909,0.4600000000000364,True
2018-07-05,B1,L,test,0.5500000000001819,0.5500000000001819,0.4600000000000364,True
2018-07-15,B1,L,test,-0.5900000000001455,0.5900000000001455,0.4600000000000364,True
2018-08-13,B1,L,test,0.4800000000000182,0.4800000000000182,0.4600000000000364,True
2018-10-11,B1,L,test,-1.2999999999997272,1.2999999999997272,0.4600000000000364,True
2018-10-12,B1,L,test,-1.7899999999999636,1.7899999999999636,0.4600000000000364,True
2018-10-13,B1,L,test,3.5299999999997453,3.5299999999997453,0.4600000000000364,True
2018-11-04,B1,L,test,-0.8899999999998727,0.8899999999998727,0.4600000000000364,True
2018-11-05,B1,L,test,-0.9500000000002728,0.9500000000002728,0.4600000000000364,True
2018-11-14,B1,L,test,7.380000000000109,7.380000000000109,0.4600000000000364,True
2018-11-15,B1,L,test,-7.410000000000309,7.410000000000309,0.4600000000000364,True
2018-12-01,B1,L,test,2.0100000000002183,2.0100000000002183,0.4600000000000364,True
2019-01-01,B1,L,test,8.480000000000018,8.480000000000018,0.4600000000000364,True
2019-06-30,B1,L,test,0.7300000000000182,0.7300000000000182,0.4600000000000364,True
2019-07-31,B1,L,test,0.5,0.5,0.4600000000000364,True
2019-08-01,B1,L,test,-0.7399999999997817,0.7399999999997817,0.4600000000000364,True
2019-08-06,B1,L,test,0.7599999999997635,0.7599999999997635,0.4600000000000364,True
2020-06-30,B1,L,test,-0.5399999999999636,0.5399999999999636,0.4600000000000364,True
2020-07-11,B1,L,test,0.8500000000003638,0.8500000000003638,0.4600000000000364,True
2020-07-12,B1,L,test,0.8299999999999272,0.8299999999999272,0.4600000000000364,True
2006-09-09,B1,P,train,27.686,27.686,16.51,True
2006-09-10,B1,P,train,-19.811999999999998,19.811999999999998,16.51,True
2006-09-14,B1,P,train,-18.796,18.796,16.51,True
2007-05-15,B1,P,train,30.48,30.48,16.51,True
2007-05-16,B1,P,train,-30.226,30.226,16.51,True
2007-07-09,B1,P,train,17.272,17.272,16.51,True
2007-07-27,B1,P,train,17.018,17.018,16.51,True
2007-09-03,B1,P,train,-20.066,20.066,16.51,True
2008-07-02,B1,P,train,19.812,19.812,16.51,True
2008-07-04,B1,P,train,-24.384,24.384,16.51,True
2008-07-24,B1,P,train,22.098,22.098,16.51,True
2008-07-25,B1,P,train,-19.811999999999998,19.811999999999998,16.51,True
2008-08-04,B1,P,train,28.193999999999996,28.193999999999996,16.51,True
2008-08-05,B1,P,train,-20.827999999999996,20.827999999999996,16.51,True
2010-07-25,B1,P,train,17.525999999999996,17.525999999999996,16.51,True
2010-07-26,B1,P,train,-17.271999999999995,17.271999999999995,16.51,True
2010-08-17,B1,P,train,28.701999999999995,28.701999999999995,16.51,True
2010-09-19,B1,P,train,-20.066,20.066,16.51,True
2012-06-20,B1,P,train,20.574,20.574,16.51,True
2012-08-29,B1,P,train,22.859999999999996,22.859999999999996,16.51,True
2013-09-01,B1,P,train,23.114,23.114,16.51,True
2013-10-03,B1,P,train,16.764,16.764,16.51,True
2014-06-07,B1,P,train,21.081999999999997,21.081999999999997,16.51,True
2014-06-08,B1,P,train,-18.796,18.796,16.51,True
2014-07-14,B1,P,train,20.066,20.066,16.51,True
2014-07-16,B1,P,train,-20.573999999999998,20.573999999999998,16.51,True
2014-08-27,B1,P,train,-18.033999999999995,18.033999999999995,16.51,True
2015-05-12,B1,P,train,18.541999999999998,18.541999999999998,16.51,True
2015-07-03,B1,P,train,19.049999999999997,19.049999999999997,16.51,True
2015-07-16,B1,P,train,-21.081999999999997,21.081999999999997,16.51,True
2015-08-28,B1,P,train,37.592,37.592,16.51,True
2015-08-29,B1,P,train,-38.099999999999994,38.099999999999994,16.51,True
2015-08-30,B1,P,train,18.796,18.796,16.51,True
2015-08-31,B1,P,train,-18.287999999999997,18.287999999999997,16.51,True
2015-09-13,B1,P,train,-18.796,18.796,16.51,True
2015-09-17,B1,P,train,-20.066000000000003,20.066000000000003,16.51,True
2016-06-10,B1,P,validation,-18.796,18.796,16.51,True
2016-06-15,B1,P,validation,-23.875999999999998,23.875999999999998,16.51,True
2016-06-29,B1,P,validation,18.034,18.034,16.51,True
2016-07-05,B1,P,validation,18.796,18.796,16.51,True
2016-07-06,B1,P,validation,-20.573999999999998,20.573999999999998,16.51,True
2016-07-07,B1,P,validation,21.082,21.082,16.51,True
2016-07-08,B1,P,validation,-18.034,18.034,16.51,True
2016-07-13,B1,P,validation,28.194000000000003,28.194000000000003,16.51,True
2016-07-14,B1,P,validation,-26.924000000000003,26.924000000000003,16.51,True
2016-07-21,B1,P,validation,22.86,22.86,16.51,True
2016-07-22,B1,P,validation,-18.796,18.796,16.51,True
2016-09-22,B1,P,validation,19.304,19.304,16.51,True
2016-09-23,B1,P,validation,-18.796,18.796,16.51,True
2017-06-18,B1,P,validation,23.622,23.622,16.51,True
2017-06-19,B1,P,validation,-23.622,23.622,16.51,True
2017-07-05,B1,P,validation,21.081999999999997,21.081999999999997,16.51,True
2017-07-06,B1,P,validation,-19.558,19.558,16.51,True
2017-07-08,B1,P,validation,22.86,22.86,16.51,True
2017-08-09,B1,P,validation,20.828,20.828,16.51,True
2017-08-11,B1,P,validation,-22.351999999999997,22.351999999999997,16.51,True
2017-09-02,B1,P,validation,-20.32,20.32,16.51,True
2018-07-09,B1,P,test,22.605999999999998,22.605999999999998,16.51,True
2018-07-10,B1,P,test,-18.287999999999997,18.287999999999997,16.51,True
2018-07-22,B1,P,test,19.558,19.558,16.51,True
2018-07-23,B1,P,test,-18.034000000000002,18.034000000000002,16.51,True
2018-08-15,B1,P,test,-19.049999999999997,19.049999999999997,16.51,True
2018-09-11,B1,P,test,-17.779999999999998,17.779999999999998,16.51,True
2019-07-07,B1,P,test,16.764,16.764,16.51,True
2019-08-23,B1,P,test,-22.098,22.098,16.51,True
2019-08-31,B1,P,test,-20.066,20.066,16.51,True
2019-09-01,B1,P,test,17.018,17.018,16.51,True
2019-09-07,B1,P,test,17.018,17.018,16.51,True
2019-09-08,B1,P,test,-16.764,16.764,16.51,True
2020-07-09,B1,P,test,17.018,17.018,16.51,True
2020-07-12,B1,P,test,25.908,25.908,16.51,True
2020-07-13,B1,P,test,-31.496,31.496,16.51,True
2006-03-13,B1,RH,train,29.0,29.0,27.0,True
2006-03-23,B1,RH,train,32.0,32.0,27.0,True
2006-04-14,B1,RH,train,31.0,31.0,27.0,True
2006-05-21,B1,RH,train,28.0,28.0,27.0,True
2006-07-31,B1,RH,train,31.0,31.0,27.0,True
2006-08-21,B1,RH,train,32.0,32.0,27.0,True
2006-12-13,B1,RH,train,38.0,38.0,27.0,True
2007-04-11,B1,RH,train,32.0,32.0,27.0,True
2007-11-01,B1,RH,train,35.0,35.0,27.0,True
2007-11-15,B1,RH,train,40.0,40.0,27.0,True
2008-06-01,B1,RH,train,32.0,32.0,27.0,True
2008-10-26,B1,RH,train,42.0,42.0,27.0,True
2009-02-22,B1,RH,train,30.0,30.0,27.0,True
2009-04-05,B1,RH,train,36.0,36.0,27.0,True
2009-05-18,B1,RH,train,32.0,32.0,27.0,True
2010-03-23,B1,RH,train,35.0,35.0,27.0,True
2010-04-01,B1,RH,train,33.0,33.0,27.0,True
2010-04-10,B1,RH,train,30.0,30.0,27.0,True
2010-06-04,B1,RH,train,39.0,39.0,27.0,True
2010-07-08,B1,RH,train,40.0,40.0,27.0,True
2010-08-18,B1,RH,train,44.0,44.0,27.0,True
2010-11-03,B1,RH,train,29.0,29.0,27.0,True
2010-11-20,B1,RH,train,42.0,42.0,27.0,True
2011-03-22,B1,RH,train,28.0,28.0,27.0,True
2011-06-25,B1,RH,train,36.0,36.0,27.0,True
2011-07-04,B1,RH,train,35.0,35.0,27.0,True
2011-10-23,B1,RH,train,30.0,30.0,27.0,True
2012-11-26,B1,RH,train,33.0,33.0,27.0,True
2013-03-30,B1,RH,train,29.0,29.0,27.0,True
2013-06-10,B1,RH,train,-44.0,44.0,27.0,True
2013-08-30,B1,RH,train,30.0,30.0,27.0,True
2014-06-08,B1,RH,train,28.0,28.0,27.0,True
2014-06-16,B1,RH,train,31.0,31.0,27.0,True
2015-05-13,B1,RH,train,33.0,33.0,27.0,True
2016-02-22,B1,RH,validation,30.0,30.0,27.0,True
2016-04-28,B1,RH,validation,36.0,36.0,27.0,True
2016-05-15,B1,RH,validation,28.0,28.0,27.0,True
2016-05-22,B1,RH,validation,38.0,38.0,27.0,True
2016-06-09,B1,RH,validation,45.0,45.0,27.0,True
2017-03-27,B1,RH,validation,30.0,30.0,27.0,True
2017-04-21,B1,RH,validation,35.0,35.0,27.0,True
2017-05-30,B1,RH,validation,31.0,31.0,27.0,True
2017-06-18,B1,RH,validation,32.0,32.0,27.0,True
2017-07-25,B1,RH,validation,34.0,34.0,27.0,True
2017-08-30,B1,RH,validation,28.0,28.0,27.0,True
2017-10-31,B1,RH,validation,34.0,34.0,27.0,True
2018-03-27,B1,RH,test,32.0,32.0,27.0,True
2018-04-26,B1,RH,test,28.0,28.0,27.0,True
2018-05-30,B1,RH,test,41.0,41.0,27.0,True
2018-12-20,B1,RH,test,-30.0,30.0,27.0,True
2018-12-29,B1,RH,test,28.0,28.0,27.0,True
2019-02-12,B1,RH,test,-29.0,29.0,27.0,True
2020-04-24,B1,RH,test,38.0,38.0,27.0,True
2006-05-15,B1,T,train,-1.200000000000001,1.200000000000001,1.1999999999999993,True
2006-07-24,B1,T,train,-1.3999999999999986,1.3999999999999986,1.1999999999999993,True
2006-11-17,B1,T,train,-1.2000000000000002,1.2000000000000002,1.1999999999999993,True
2007-05-24,B1,T,train,1.5999999999999996,1.5999999999999996,1.1999999999999993,True
2007-06-23,B1,T,train,-1.5999999999999996,1.5999999999999996,1.1999999999999993,True
2007-07-18,B1,T,train,1.3999999999999986,1.3999999999999986,1.1999999999999993,True
2007-11-13,B1,T,train,-1.5,1.5,1.1999999999999993,True
2008-08-04,B1,T,train,-1.5999999999999996,1.5999999999999996,1.1999999999999993,True
2008-09-01,B1,T,train,-1.6999999999999993,1.6999999999999993,1.1999999999999993,True
2009-06-02,B1,T,train,-1.799999999999999,1.799999999999999,1.1999999999999993,True
2009-06-13,B1,T,train,-1.5,1.5,1.1999999999999993,True
2009-07-23,B1,T,train,1.6000000000000014,1.6000000000000014,1.1999999999999993,True
2010-04-30,B1,T,train,1.3000000000000007,1.3000000000000007,1.1999999999999993,True
2010-08-24,B1,T,train,-1.4000000000000004,1.4000000000000004,1.1999999999999993,True
2011-04-22,B1,T,train,-1.3999999999999995,1.3999999999999995,1.1999999999999993,True
2011-06-26,B1,T,train,-1.5,1.5,1.1999999999999993,True
2011-07-04,B1,T,train,1.3999999999999986,1.3999999999999986,1.1999999999999993,True
2011-07-14,B1,T,train,-1.5999999999999996,1.5999999999999996,1.1999999999999993,True
2011-08-12,B1,T,train,1.799999999999999,1.799999999999999,1.1999999999999993,True
2011-08-31,B1,T,train,1.200000000000001,1.200000000000001,1.1999999999999993,True
2013-09-06,B1,T,train,-1.4000000000000004,1.4000000000000004,1.1999999999999993,True
2014-06-17,B1,T,train,-1.6999999999999993,1.6999999999999993,1.1999999999999993,True
2015-01-05,B1,T,train,1.1999999999999997,1.1999999999999997,1.1999999999999993,True
2015-08-08,B1,T,train,-1.4000000000000021,1.4000000000000021,1.1999999999999993,True
2015-08-20,B1,T,train,-1.700000000000001,1.700000000000001,1.1999999999999993,True
2015-08-22,B1,T,train,-2.4000000000000004,2.4000000000000004,1.1999999999999993,True
2015-09-14,B1,T,train,-1.5,1.5,1.1999999999999993,True
2016-07-21,B1,T,validation,1.6999999999999993,1.6999999999999993,1.1999999999999993,True
2016-07-23,B1,T,validation,-1.3000000000000007,1.3000000000000007,1.1999999999999993,True
2017-04-21,B1,T,validation,1.200000000000001,1.200000000000001,1.1999999999999993,True
2017-08-11,B1,T,validation,-1.200000000000001,1.200000000000001,1.1999999999999993,True
2018-11-14,B1,T,test,-1.7999999999999998,1.7999999999999998,1.1999999999999993,True
2019-09-22,B1,T,test,-1.5,1.5,1.1999999999999993,True
2020-04-26,B1,T,test,-1.2000000000000002,1.2000000000000002,1.1999999999999993,True
2020-04-28,B1,T,test,1.3999999999999995,1.3999999999999995,1.1999999999999993,True
2020-05-07,B1,T,test,1.4000000000000004,1.4000000000000004,1.1999999999999993,True
2020-08-06,B1,T,test,1.5,1.5,1.1999999999999993,True
2006-03-13,B1,Ta,train,-8.399999999999999,8.399999999999999,6.199999999999999,True
2006-04-14,B1,Ta,train,-7.299999999999999,7.299999999999999,6.199999999999999,True
2006-05-13,B1,Ta,train,-8.700000000000001,8.700000000000001,6.199999999999999,True
2006-06-26,B1,Ta,train,-6.300000000000001,6.300000000000001,6.199999999999999,True
2006-07-06,B1,Ta,train,-6.5,6.5,6.199999999999999,True
2006-09-09,B1,Ta,train,-10.0,10.0,6.199999999999999,True
2007-05-11,B1,Ta,train,-8.6,8.6,6.199999999999999,True
2008-01-28,B1,Ta,train,-6.3,6.3,6.199999999999999,True
2008-06-01,B1,Ta,train,-6.200000000000001,6.200000000000001,6.199999999999999,True
2008-06-23,B1,Ta,train,6.200000000000003,6.200000000000003,6.199999999999999,True
2008-11-06,B1,Ta,train,-6.4,6.4,6.199999999999999,True
2009-02-22,B1,Ta,train,-7.6,7.6,6.199999999999999,True
2009-03-12,B1,Ta,train,-7.0,7.0,6.199999999999999,True
2009-04-18,B1,Ta,train,-6.400000000000002,6.400000000000002,6.199999999999999,True
2009-04-28,B1,Ta,train,-8.5,8.5,6.199999999999999,True
2009-05-18,B1,Ta,train,-7.700000000000001,7.700000000000001,6.199999999999999,True
2009-06-01,B1,Ta,train,-6.300000000000001,6.300000000000001,6.199999999999999,True
2010-04-01,B1,Ta,train,-6.8999999999999995,6.8999999999999995,6.199999999999999,True
2010-06-09,B1,Ta,train,6.5,6.5,6.199999999999999,True
2010-07-25,B1,Ta,train,-7.9,7.9,6.199999999999999,True
2011-03-22,B1,Ta,train,-6.499999999999999,6.499999999999999,6.199999999999999,True
2011-03-23,B1,Ta,train,6.6000000000000005,6.6000000000000005,6.199999999999999,True
2011-03-24,B1,Ta,train,-6.500000000000001,6.500000000000001,6.199999999999999,True
2011-05-02,B1,Ta,train,-7.799999999999999,7.799999999999999,6.199999999999999,True
2011-05-30,B1,Ta,train,-6.799999999999997,6.799999999999997,6.199999999999999,True
2011-06-22,B1,Ta,train,-6.699999999999999,6.699999999999999,6.199999999999999,True
2011-09-07,B1,Ta,train,-7.800000000000001,7.800000000000001,6.199999999999999,True
2011-10-16,B1,Ta,train,-8.400000000000002,8.400000000000002,6.199999999999999,True
2011-10-23,B1,Ta,train,-6.5,6.5,6.199999999999999,True
2013-01-02,B1,Ta,train,6.499999999999999,6.499999999999999,6.199999999999999,True
2013-06-01,B1,Ta,train,-6.899999999999999,6.899999999999999,6.199999999999999,True
2013-08-07,B1,Ta,train,-6.299999999999997,6.299999999999997,6.199999999999999,True
2015-01-06,B1,Ta,train,-6.500000000000001,6.500000000000001,6.199999999999999,True
2015-04-19,B1,Ta,train,-6.499999999999998,6.499999999999998,6.199999999999999,True
2015-06-08,B1,Ta,train,-6.900000000000002,6.900000000000002,6.199999999999999,True
2016-06-06,B1,Ta,validation,-6.5,6.5,6.199999999999999,True
2017-03-23,B1,Ta,validation,6.300000000000001,6.300000000000001,6.199999999999999,True
2017-03-25,B1,Ta,validation,-6.300000000000001,6.300000000000001,6.199999999999999,True
2017-05-30,B1,Ta,validation,-6.699999999999999,6.699999999999999,6.199999999999999,True
2018-01-24,B1,Ta,test,6.3999999999999995,6.3999999999999995,6.199999999999999,True
2018-04-26,B1,Ta,test,-6.5,6.5,6.199999999999999,True
2018-05-30,B1,Ta,test,-6.700000000000001,6.700000000000001,6.199999999999999,True
2018-05-31,B1,Ta,test,6.999999999999998,6.999999999999998,6.199999999999999,True
2018-12-29,B1,Ta,test,-6.6,6.6,6.199999999999999,True
2019-05-09,B1,Ta,test,-6.699999999999999,6.699999999999999,6.199999999999999,True
2019-05-31,B1,Ta,test,-6.800000000000001,6.800000000000001,6.199999999999999,True
2019-10-27,B1,Ta,test,-7.699999999999999,7.699999999999999,6.199999999999999,True
2019-11-19,B1,Ta,test,-6.5,6.5,6.199999999999999,True
2020-03-29,B1,Ta,test,-7.300000000000001,7.300000000000001,6.199999999999999,True
2006-02-05,B1,W,train,-2.057776,2.057776,1.7491096000000002,True
2006-03-13,B1,W,train,-2.6236644,2.6236644,1.7491096000000002,True
2006-04-03,B1,W,train,1.8519983999999998,1.8519983999999998,1.7491096000000002,True
2006-09-05,B1,W,train,2.1606647999999997,2.1606647999999997,1.7491096000000002,True
2006-12-13,B1,W,train,-2.6236644,2.6236644,1.7491096000000002,True
2007-01-12,B1,W,train,1.9034427999999997,1.9034427999999997,1.7491096000000002,True
2007-02-12,B1,W,train,1.7491096000000004,1.7491096000000004,1.7491096000000002,True
2007-06-22,B1,W,train,-2.2121092,2.2121092,1.7491096000000002,True
2008-06-01,B1,W,train,-2.7779975999999995,2.7779975999999995,1.7491096000000002,True
2008-10-26,B1,W,train,-1.8519984,1.8519984,1.7491096000000002,True
2009-02-22,B1,W,train,-1.8519984000000003,1.8519984000000003,1.7491096000000002,True
2009-10-21,B1,W,train,2.2121091999999996,2.2121091999999996,1.7491096000000002,True
2010-03-03,B1,W,train,-2.0063316,2.0063316,1.7491096000000002,True
2010-04-01,B1,W,train,-2.2635536000000003,2.2635536000000003,1.7491096000000002,True
2010-09-26,B1,W,train,1.7491096000000004,1.7491096000000004,1.7491096000000002,True
2011-01-28,B1,W,train,-1.9548872000000002,1.9548872000000002,1.7491096000000002,True
2011-02-19,B1,W,train,-1.9034428000000003,1.9034428000000003,1.7491096000000002,True
2011-04-12,B1,W,train,2.0063315999999998,2.0063315999999998,1.7491096000000002,True
2011-07-04,B1,W,train,-1.9034428000000003,1.9034428000000003,1.7491096000000002,True
2011-10-04,B1,W,train,-2.5207755999999995,2.5207755999999995,1.7491096000000002,True
2012-03-06,B1,W,train,1.8519984,1.8519984,1.7491096000000002,True
2012-03-31,B1,W,train,-2.5207756,2.5207756,1.7491096000000002,True
2013-02-09,B1,W,train,-2.3664423999999995,2.3664423999999995,1.7491096000000002,True
2013-03-04,B1,W,train,-1.8519984000000003,1.8519984000000003,1.7491096000000002,True
2013-05-13,B1,W,train,1.8519984000000003,1.8519984000000003,1.7491096000000002,True
2013-07-14,B1,W,train,2.0063316,2.0063316,1.7491096000000002,True
2014-02-04,B1,W,train,1.8519984,1.8519984,1.7491096000000002,True
2014-02-18,B1,W,train,-3.1381083999999997,3.1381083999999997,1.7491096000000002,True
2014-06-12,B1,W,train,1.9034427999999997,1.9034427999999997,1.7491096000000002,True
2014-06-16,B1,W,train,-2.0063316,2.0063316,1.7491096000000002,True
2015-06-20,B1,W,train,-1.8005539999999998,1.8005539999999998,1.7491096000000002,True
2015-06-30,B1,W,train,-2.1092204,2.1092204,1.7491096000000002,True
2015-12-31,B1,W,train,2.0063315999999993,2.0063315999999993,1.7491096000000002,True
2016-02-20,B1,W,validation,3.0352196000000005,3.0352196000000005,1.7491096000000002,True
2016-03-17,B1,W,validation,-2.057776,2.057776,1.7491096000000002,True
2016-04-13,B1,W,validation,2.0063316,2.0063316,1.7491096000000002,True
2016-08-18,B1,W,validation,1.800554,1.800554,1.7491096000000002,True
2016-08-19,B1,W,validation,-1.800554,1.800554,1.7491096000000002,True
2017-02-25,B1,W,validation,-1.9548872,1.9548872,1.7491096000000002,True
2017-03-19,B1,W,validation,-1.8519983999999998,1.8519983999999998,1.7491096000000002,True
2018-01-24,B1,W,test,2.0063315999999993,2.0063315999999993,1.7491096000000002,True
2018-03-08,B1,W,test,-2.0577759999999996,2.0577759999999996,1.7491096000000002,True
2018-04-28,B1,W,test,-2.1092204,2.1092204,1.7491096000000002,True
2018-06-23,B1,W,test,1.8519984,1.8519984,1.7491096000000002,True
2018-06-24,B1,W,test,-1.9548872,1.9548872,1.7491096000000002,True
2019-03-08,B1,W,test,-1.8005539999999998,1.8005539999999998,1.7491096000000002,True
2019-07-03,B1,W,test,-1.8519984000000003,1.8519984000000003,1.7491096000000002,True
2019-08-13,B1,W,test,-2.1092204,2.1092204,1.7491096000000002,True
2019-11-17,B1,W,test,2.1606647999999997,2.1606647999999997,1.7491096000000002,True
2020-04-19,B1,W,test,2.5722199999999997,2.5722199999999997,1.7491096000000002,True
2020-04-24,B1,W,test,-2.0577759999999996,2.0577759999999996,1.7491096000000002,True
2020-06-08,B1,W,test,-1.9034427999999997,1.9034427999999997,1.7491096000000002,True
2020-06-23,B1,W,test,-2.057776,2.057776,1.7491096000000002,True
2020-11-06,B1,W,test,-1.8519984,1.8519984,1.7491096000000002,True
2006-05-10,S2,DH,train,-10.2,10.2,9.5,True
2006-07-18,S2,DH,train,-11.0,11.0,9.5,True
2006-07-25,S2,DH,train,10.6,10.6,9.5,True
2007-04-14,S2,DH,train,10.399999999999999,10.399999999999999,9.5,True
2007-07-26,S2,DH,train,10.9,10.9,9.5,True
2007-08-03,S2,DH,train,12.2,12.2,9.5,True
2007-11-12,S2,DH,train,9.8,9.8,9.5,True
2007-11-14,S2,DH,train,-10.2,10.2,9.5,True
2007-12-29,S2,DH,train,9.6,9.6,9.5,True
2008-01-28,S2,DH,train,9.6,9.6,9.5,True
2008-06-14,S2,DH,train,-9.7,9.7,9.5,True
2008-10-24,S2,DH,train,-10.4,10.4,9.5,True
2009-06-11,S2,DH,train,9.7,9.7,9.5,True
2009-08-06,S2,DH,train,10.3,10.3,9.5,True
2009-08-30,S2,DH,train,9.899999999999999,9.899999999999999,9.5,True
2010-03-23,S2,DH,train,-9.7,9.7,9.5,True
2010-11-02,S2,DH,train,-10.1,10.1,9.5,True
2011-05-17,S2,DH,train,11.3,11.3,9.5,True
2011-06-24,S2,DH,train,11.8,11.8,9.5,True
2011-07-07,S2,DH,train,-11.0,11.0,9.5,True
2011-07-19,S2,DH,train,11.7,11.7,9.5,True
2011-11-09,S2,DH,train,10.1,10.1,9.5,True
2011-11-29,S2,DH,train,-9.600000000000001,9.600000000000001,9.5,True
2012-04-23,S2,DH,train,9.899999999999999,9.899999999999999,9.5,True
2012-05-07,S2,DH,train,10.200000000000001,10.200000000000001,9.5,True
2012-05-14,S2,DH,train,-9.600000000000001,9.600000000000001,9.5,True
2013-03-18,S2,DH,train,-9.8,9.8,9.5,True
2013-06-11,S2,DH,train,9.7,9.7,9.5,True
2013-08-04,S2,DH,train,-10.799999999999999,10.799999999999999,9.5,True
2013-08-25,S2,DH,train,-10.6,10.6,9.5,True
2014-02-15,S2,DH,train,-9.7,9.7,9.5,True
2015-04-12,S2,DH,train,-10.600000000000001,10.600000000000001,9.5,True
2015-04-13,S2,DH,train,9.8,9.8,9.5,True
2015-07-06,S2,DH,train,10.0,10.0,9.5,True
2015-07-11,S2,DH,train,10.9,10.9,9.5,True
2015-07-25,S2,DH,train,10.8,10.8,9.5,True
2016-02-08,S2,DH,validation,9.9,9.9,9.5,True
2016-02-20,S2,DH,validation,-10.3,10.3,9.5,True
2016-08-07,S2,DH,validation,10.3,10.3,9.5,True
2016-10-05,S2,DH,validation,-9.6,9.6,9.5,True
2016-11-09,S2,DH,validation,9.9,9.9,9.5,True
2016-11-26,S2,DH,validation,-9.7,9.7,9.5,True
2016-11-27,S2,DH,validation,9.7,9.7,9.5,True
2017-03-28,S2,DH,validation,10.2,10.2,9.5,True
2017-04-19,S2,DH,validation,11.9,11.9,9.5,True
2017-04-20,S2,DH,validation,-10.8,10.8,9.5,True
2017-11-01,S2,DH,validation,9.7,9.7,9.5,True
2018-04-06,S2,DH,test,-9.7,9.7,9.5,True
2018-06-01,S2,DH,test,10.0,10.0,9.5,True
2019-01-07,S2,DH,test,-9.7,9.7,9.5,True
2019-01-18,S2,DH,test,-9.7,9.7,9.5,True
2019-01-19,S2,DH,test,9.8,9.8,9.5,True
2019-01-25,S2,DH,test,-9.9,9.9,9.5,True
2019-01-26,S2,DH,test,9.9,9.9,9.5,True
2019-04-06,S2,DH,test,10.5,10.5,9.5,True
2019-08-14,S2,DH,test,-10.4,10.4,9.5,True
2020-05-29,S2,DH,test,10.4,10.4,9.5,True
2020-06-14,S2,DH,test,-10.0,10.0,9.5,True
2020-07-27,S2,DH,test,12.5,12.5,9.5,True
2007-07-21,S2,F,train,590.0,590.0,420.0,True
2007-07-27,S2,F,train,-530.0,530.0,420.0,True
2007-09-03,S2,F,train,440.0,440.0,420.0,True
2007-09-04,S2,F,train,740.0,740.0,420.0,True
2008-07-05,S2,F,train,620.0,620.0,420.0,True
2008-08-03,S2,F,train,580.0,580.0,420.0,True
2008-08-04,S2,F,train,700.0,700.0,420.0,True
2008-08-21,S2,F,train,-470.0,470.0,420.0,True
2008-08-27,S2,F,train,480.0,480.0,420.0,True
2009-06-14,S2,F,train,460.0,460.0,420.0,True
2009-07-07,S2,F,train,470.0,470.0,420.0,True
2009-07-08,S2,F,train,430.0,430.0,420.0,True
2009-08-13,S2,F,train,500.0,500.0,420.0,True
2009-08-16,S2,F,train,-660.0,660.0,420.0,True
2010-07-19,S2,F,train,490.0,490.0,420.0,True
2010-07-22,S2,F,train,-630.0,630.0,420.0,True
2011-07-14,S2,F,train,700.0,700.0,420.0,True
2011-07-15,S2,F,train,1000.0,1000.0,420.0,True
2011-07-20,S2,F,train,-430.0,430.0,420.0,True
2011-07-21,S2,F,train,-540.0,540.0,420.0,True
2011-08-06,S2,F,train,480.0,480.0,420.0,True
2012-07-18,S2,F,train,490.0,490.0,420.0,True
2012-07-19,S2,F,train,610.0,610.0,420.0,True
2012-07-24,S2,F,train,490.0,490.0,420.0,True
2012-07-27,S2,F,train,-570.0,570.0,420.0,True
2012-07-28,S2,F,train,-600.0,600.0,420.0,True
2013-07-12,S2,F,train,430.0,430.0,420.0,True
2013-09-07,S2,F,train,560.0,560.0,420.0,True
2014-06-29,S2,F,train,470.0,470.0,420.0,True
2014-07-13,S2,F,train,580.0,580.0,420.0,True
2014-08-12,S2,F,train,450.0,450.0,420.0,True
2014-08-14,S2,F,train,490.0,490.0,420.0,True
2014-08-21,S2,F,train,-520.0,520.0,420.0,True
2014-09-05,S2,F,train,470.0,470.0,420.0,True
2015-08-21,S2,F,train,550.0,550.0,420.0,True
2015-08-30,S2,F,train,430.0,430.0,420.0,True
2016-07-02,S2,F,validation,530.0,530.0,420.0,True
2016-07-08,S2,F,validation,660.0,660.0,420.0,True
2016-07-15,S2,F,validation,870.0,870.0,420.0,True
2016-07-17,S2,F,validation,-680.0,680.0,420.0,True
2016-07-18,S2,F,validation,-430.0,430.0,420.0,True
2016-07-26,S2,F,validation,520.0,520.0,420.0,True
2016-07-30,S2,F,validation,-510.0,510.0,420.0,True
2017-07-04,S2,F,validation,650.0,650.0,420.0,True
2017-07-08,S2,F,validation,700.0,700.0,420.0,True
2017-07-10,S2,F,validation,930.0,930.0,420.0,True
2017-07-11,S2,F,validation,-440.0,440.0,420.0,True
2017-07-12,S2,F,validation,-560.0,560.0,420.0,True
2017-08-12,S2,F,validation,440.0,440.0,420.0,True
2018-07-11,S2,F,test,480.0,480.0,420.0,True
2018-07-12,S2,F,test,480.0,480.0,420.0,True
2018-07-16,S2,F,test,-820.0,820.0,420.0,True
2018-08-14,S2,F,test,740.0,740.0,420.0,True
2018-10-13,S2,F,test,-1190.0,1190.0,420.0,True
2018-10-14,S2,F,test,930.0,930.0,420.0,True
2018-10-15,S2,F,test,1630.0,1630.0,420.0,True
2018-10-16,S2,F,test,-1340.0,1340.0,420.0,True
2018-11-06,S2,F,test,-551.0,551.0,420.0,True
2018-11-15,S2,F,test,4505.0,4505.0,420.0,True
2018-11-16,S2,F,test,-3970.0,3970.0,420.0,True
2019-07-01,S2,F,test,430.0,430.0,420.0,True
2019-08-07,S2,F,test,470.0,470.0,420.0,True
2020-07-12,S2,F,test,450.0,450.0,420.0,True
2020-07-13,S2,F,test,760.0,760.0,420.0,True
2020-07-14,S2,F,test,520.0,520.0,420.0,True
2020-08-18,S2,F,test,810.0,810.0,420.0,True
2020-08-20,S2,F,test,-460.0,460.0,420.0,True
2006-07-31,S2,L,train,0.6900000000000546,0.6900000000000546,0.5149999999999864,True
2006-08-01,S2,L,train,-0.900000000000091,0.900000000000091,0.5149999999999864,True
2006-10-31,S2,L,train,0.7800000000002001,0.7800000000002001,0.5149999999999864,True
2006-11-01,S2,L,train,-0.8500000000001364,0.8500000000001364,0.5149999999999864,True
2007-07-21,S2,L,train,0.5499999999999545,0.5499999999999545,0.5149999999999864,True
2007-09-04,S2,L,train,0.8700000000001182,0.8700000000001182,0.5149999999999864,True
2008-07-05,S2,L,train,0.6299999999998818,0.6299999999998818,0.5149999999999864,True
2008-08-03,S2,L,train,0.599999999999909,0.599999999999909,0.5149999999999864,True
2008-08-04,S2,L,train,0.7000000000000455,0.7000000000000455,0.5149999999999864,True
2009-08-13,S2,L,train,0.7200000000000273,0.7200000000000273,0.5149999999999864,True
2009-08-14,S2,L,train,0.5700000000001637,0.5700000000001637,0.5149999999999864,True
2009-08-16,S2,L,train,-0.9900000000000091,0.9900000000000091,0.5149999999999864,True
2009-08-17,S2,L,train,-0.7200000000000273,0.7200000000000273,0.5149999999999864,True
2010-03-26,S2,L,train,0.8199999999999363,0.8199999999999363,0.5149999999999864,True
2010-03-27,S2,L,train,-0.7899999999999636,0.7899999999999636,0.5149999999999864,True
2010-07-19,S2,L,train,0.5399999999999636,0.5399999999999636,0.5149999999999864,True
2010-07-22,S2,L,train,-0.7100000000000364,0.7100000000000364,0.5149999999999864,True
2011-05-07,S2,L,train,0.6499999999998636,0.6499999999998636,0.5149999999999864,True
2011-05-08,S2,L,train,-0.6800000000000637,0.6800000000000637,0.5149999999999864,True
2011-07-14,S2,L,train,0.6399999999998727,0.6399999999998727,0.5149999999999864,True
2011-07-15,S2,L,train,1.0199999999999818,1.0199999999999818,0.5149999999999864,True
2011-07-20,S2,L,train,-0.5899999999999181,0.5899999999999181,0.5149999999999864,True
2011-07-21,S2,L,train,-0.5600000000001728,0.5600000000001728,0.5149999999999864,True
2012-07-18,S2,L,train,0.5199999999999818,0.5199999999999818,0.5149999999999864,True
2012-07-19,S2,L,train,0.7700000000002092,0.7700000000002092,0.5149999999999864,True
2012-07-20,S2,L,train,0.5299999999999727,0.5299999999999727,0.5149999999999864,True
2012-07-24,S2,L,train,0.5799999999999272,0.5799999999999272,0.5149999999999864,True
2012-07-25,S2,L,train,0.6300000000001091,0.6300000000001091,0.5149999999999864,True
2012-07-27,S2,L,train,-0.7000000000000455,0.7000000000000455,0.5149999999999864,True
2012-07-28,S2,L,train,-0.9199999999998454,0.9199999999998454,0.5149999999999864,True
2012-07-29,S2,L,train,-0.5599999999999454,0.5599999999999454,0.5149999999999864,True
2012-07-30,S2,L,train,-0.540000000000191,0.540000000000191,0.5149999999999864,True
2013-09-07,S2,L,train,0.5599999999999454,0.5599999999999454,0.5149999999999864,True
2014-07-13,S2,L,train,0.6000000000001364,0.6000000000001364,0.5149999999999864,True
2014-08-14,S2,L,train,0.5699999999999363,0.5699999999999363,0.5149999999999864,True
2014-08-21,S2,L,train,-0.7300000000000182,0.7300000000000182,0.5149999999999864,True
2015-08-21,S2,L,train,0.5700000000001637,0.5700000000001637,0.5149999999999864,True
2016-07-02,S2,L,validation,0.5500000000001819,0.5500000000001819,0.5149999999999864,True
2016-07-08,S2,L,validation,0.6799999999998363,0.6799999999998363,0.5149999999999864,True
2016-07-15,S2,L,validation,0.8800000000001091,0.8800000000001091,0.5149999999999864,True
2016-07-17,S2,L,validation,-0.7699999999999818,0.7699999999999818,0.5149999999999864,True
2016-07-27,S2,L,validation,0.5399999999999636,0.5399999999999636,0.5149999999999864,True
2016-07-30,S2,L,validation,-0.7699999999999818,0.7699999999999818,0.5149999999999864,True
2017-07-04,S2,L,validation,0.6600000000000819,0.6600000000000819,0.5149999999999864,True
2017-07-08,S2,L,validation,0.7300000000000182,0.7300000000000182,0.5149999999999864,True
2017-07-10,S2,L,validation,1.349999999999909,1.349999999999909,0.5149999999999864,True
2017-07-12,S2,L,validation,-0.9400000000000546,0.9400000000000546,0.5149999999999864,True
2017-07-13,S2,L,validation,-0.5799999999999272,0.5799999999999272,0.5149999999999864,True
2018-07-12,S2,L,test,0.6300000000001091,0.6300000000001091,0.5149999999999864,True
2018-07-16,S2,L,test,-0.849999999999909,0.849999999999909,0.5149999999999864,True
2018-08-14,S2,L,test,0.75,0.75,0.5149999999999864,True
2018-09-09,S2,L,test,0.5199999999999818,0.5199999999999818,0.5149999999999864,True
2018-10-13,S2,L,test,-1.3500000000001364,1.3500000000001364,0.5149999999999864,True
2018-10-14,S2,L,test,0.7000000000000455,0.7000000000000455,0.5149999999999864,True
2018-10-15,S2,L,test,1.9800000000000182,1.9800000000000182,0.5149999999999864,True
2018-10-16,S2,L,test,-1.2300000000000182,1.2300000000000182,0.5149999999999864,True
2018-11-06,S2,L,test,-0.8900000000001,0.8900000000001,0.5149999999999864,True
2018-11-15,S2,L,test,5.910000000000082,5.910000000000082,0.5149999999999864,True
2018-11-16,S2,L,test,-4.539999999999964,4.539999999999964,0.5149999999999864,True
2019-07-30,S2,L,test,-0.6399999999998727,0.6399999999998727,0.5149999999999864,True
2020-07-13,S2,L,test,0.7200000000000273,0.7200000000000273,0.5149999999999864,True
2020-07-14,S2,L,test,0.5299999999999727,0.5299999999999727,0.5149999999999864,True
2020-08-18,S2,L,test,1.0399999999999636,1.0399999999999636,0.5149999999999864,True
2020-08-20,S2,L,test,-0.5699999999999363,0.5699999999999363,0.5149999999999864,True
2020-08-21,S2,L,test,-0.5700000000001637,0.5700000000001637,0.5149999999999864,True
2006-05-21,S2,P,train,51.815999999999995,51.815999999999995,37.846,True
2006-05-22,S2,P,train,-49.022,49.022,37.846,True
2006-07-21,S2,P,train,49.529999999999994,49.529999999999994,37.846,True
2006-07-22,S2,P,train,-42.925999999999995,42.925999999999995,37.846,True
2006-08-23,S2,P,train,59.69,59.69,37.846,True
2006-08-24,S2,P,train,-55.88,55.88,37.846,True
2006-09-04,S2,P,train,47.498,47.498,37.846,True
2006-09-05,S2,P,train,-42.418,42.418,37.846,True
2007-07-24,S2,P,train,49.275999999999996,49.275999999999996,37.846,True
2007-07-25,S2,P,train,-41.65599999999999,41.65599999999999,37.846,True
2008-06-17,S2,P,train,-42.163999999999994,42.163999999999994,37.846,True
2008-09-07,S2,P,train,39.11599999999999,39.11599999999999,37.846,True
2010-08-21,S2,P,train,46.228,46.228,37.846,True
2010-08-22,S2,P,train,-41.402,41.402,37.846,True
2010-08-26,S2,P,train,48.513999999999996,48.513999999999996,37.846,True
2010-10-16,S2,P,train,-39.623999999999995,39.623999999999995,37.846,True
2011-05-30,S2,P,train,38.354,38.354,37.846,True
2011-07-13,S2,P,train,42.164,42.164,37.846,True
2012-07-14,S2,P,train,-38.60799999999999,38.60799999999999,37.846,True
2012-09-11,S2,P,train,55.626,55.626,37.846,True
2012-09-12,S2,P,train,-46.736,46.736,37.846,True
2013-06-09,S2,P,train,45.211999999999996,45.211999999999996,37.846,True
2013-06-10,S2,P,train,-38.099999999999994,38.099999999999994,37.846,True
2014-06-06,S2,P,train,44.449999999999996,44.449999999999996,37.846,True
2014-06-07,S2,P,train,-41.656,41.656,37.846,True
2014-06-28,S2,P,train,46.482,46.482,37.846,True
2014-07-06,S2,P,train,51.815999999999995,51.815999999999995,37.846,True
2014-07-07,S2,P,train,-45.72,45.72,37.846,True
2014-08-12,S2,P,train,38.354,38.354,37.846,True
2015-08-12,S2,P,train,61.721999999999994,61.721999999999994,37.846,True
2015-08-14,S2,P,train,-73.914,73.914,37.846,True
2015-08-25,S2,P,train,40.13199999999999,40.13199999999999,37.846,True
2015-09-05,S2,P,train,38.1,38.1,37.846,True
2015-09-22,S2,P,train,73.15199999999999,73.15199999999999,37.846,True
2015-09-23,S2,P,train,-72.13599999999998,72.13599999999998,37.846,True
2015-10-10,S2,P,train,-45.974,45.974,37.846,True
2016-07-08,S2,P,validation,-39.116,39.116,37.846,True
2016-07-15,S2,P,validation,-45.72,45.72,37.846,True
2016-11-07,S2,P,validation,39.624,39.624,37.846,True
2017-07-07,S2,P,validation,44.196,44.196,37.846,True
2017-07-08,S2,P,validation,-49.275999999999996,49.275999999999996,37.846,True
2017-08-14,S2,P,validation,43.687999999999995,43.687999999999995,37.846,True
2018-06-30,S2,P,test,38.862,38.862,37.846,True
2018-07-10,S2,P,test,38.608000000000004,38.608000000000004,37.846,True
2019-06-25,S2,P,test,47.498,47.498,37.846,True
2019-06-26,S2,P,test,-46.736,46.736,37.846,True
2019-07-22,S2,P,test,63.246,63.246,37.846,True
2019-07-23,S2,P,test,-60.452000000000005,60.452000000000005,37.846,True
2019-08-29,S2,P,test,40.132000000000005,40.132000000000005,37.846,True
2020-07-01,S2,P,test,40.132000000000005,40.132000000000005,37.846,True
2020-08-19,S2,P,test,-45.72,45.72,37.846,True
2006-01-22,S2,RH,train,-32.0,32.0,27.0,True
2006-05-22,S2,RH,train,30.0,30.0,27.0,True
2006-10-20,S2,RH,train,30.0,30.0,27.0,True
2006-11-11,S2,RH,train,34.0,34.0,27.0,True
2007-01-07,S2,RH,train,-30.0,30.0,27.0,True
2007-05-09,S2,RH,train,29.0,29.0,27.0,True
2007-05-26,S2,RH,train,-29.0,29.0,27.0,True
2007-12-01,S2,RH,train,-31.0,31.0,27.0,True
2008-01-25,S2,RH,train,28.0,28.0,27.0,True
2008-04-28,S2,RH,train,29.0,29.0,27.0,True
2008-05-04,S2,RH,train,38.0,38.0,27.0,True
2008-05-10,S2,RH,train,33.0,33.0,27.0,True
2008-11-27,S2,RH,train,30.0,30.0,27.0,True
2009-05-29,S2,RH,train,35.0,35.0,27.0,True
2010-02-18,S2,RH,train,32.0,32.0,27.0,True
2010-06-03,S2,RH,train,28.0,28.0,27.0,True
2010-12-04,S2,RH,train,-33.0,33.0,27.0,True
2010-12-18,S2,RH,train,-35.0,35.0,27.0,True
2011-12-24,S2,RH,train,31.0,31.0,27.0,True
2012-02-10,S2,RH,train,28.0,28.0,27.0,True
2012-11-19,S2,RH,train,-30.0,30.0,27.0,True
2013-01-19,S2,RH,train,-36.0,36.0,27.0,True
2013-05-13,S2,RH,train,-28.0,28.0,27.0,True
2013-05-17,S2,RH,train,29.0,29.0,27.0,True
2013-12-28,S2,RH,train,-29.0,29.0,27.0,True
2014-01-24,S2,RH,train,-28.0,28.0,27.0,True
2014-06-07,S2,RH,train,28.0,28.0,27.0,True
2014-12-17,S2,RH,train,37.0,37.0,27.0,True
2015-01-02,S2,RH,train,-32.0,32.0,27.0,True
2015-01-20,S2,RH,train,-32.0,32.0,27.0,True
2015-04-22,S2,RH,train,36.0,36.0,27.0,True
2015-06-11,S2,RH,train,31.0,31.0,27.0,True
2015-11-06,S2,RH,train,-28.0,28.0,27.0,True
2015-11-24,S2,RH,train,-30.0,30.0,27.0,True
2015-11-25,S2,RH,train,42.0,42.0,27.0,True
2015-12-11,S2,RH,train,-28.0,28.0,27.0,True
2016-03-26,S2,RH,validation,-31.0,31.0,27.0,True
2016-11-06,S2,RH,validation,29.0,29.0,27.0,True
2016-11-07,S2,RH,validation,28.0,28.0,27.0,True
2016-12-13,S2,RH,validation,37.0,37.0,27.0,True
2016-12-17,S2,RH,validation,-37.0,37.0,27.0,True
2017-03-22,S2,RH,validation,-30.0,30.0,27.0,True
2017-04-17,S2,RH,validation,41.0,41.0,27.0,True
2017-11-16,S2,RH,validation,-29.0,29.0,27.0,True
2017-12-06,S2,RH,validation,-46.0,46.0,27.0,True
2017-12-16,S2,RH,validation,30.0,30.0,27.0,True
2017-12-19,S2,RH,validation,28.0,28.0,27.0,True
2018-01-03,S2,RH,test,33.0,33.0,27.0,True
2018-01-20,S2,RH,test,-28.0,28.0,27.0,True
2018-05-13,S2,RH,test,45.0,45.0,27.0,True
2018-05-27,S2,RH,test,36.0,36.0,27.0,True
2018-12-19,S2,RH,test,28.0,28.0,27.0,True
2019-02-17,S2,RH,test,31.0,31.0,27.0,True
2019-06-13,S2,RH,test,35.0,35.0,27.0,True
2019-06-27,S2,RH,test,-28.0,28.0,27.0,True
2019-06-30,S2,RH,test,31.0,31.0,27.0,True
2019-12-30,S2,RH,test,28.0,28.0,27.0,True
2020-01-04,S2,RH,test,36.0,36.0,27.0,True
2020-02-27,S2,RH,test,30.0,30.0,27.0,True
2020-04-25,S2,RH,test,35.0,35.0,27.0,True
2020-05-23,S2,RH,test,34.0,34.0,27.0,True
2020-06-14,S2,RH,test,35.0,35.0,27.0,True
2020-07-13,S2,RH,test,32.0,32.0,27.0,True
2020-12-30,S2,RH,test,28.0,28.0,27.0,True
2006-04-24,S2,T,train,1.1999999999999993,1.1999999999999993,0.8000000000000007,True
2006-05-14,S2,T,train,-1.1000000000000014,1.1000000000000014,0.8000000000000007,True
2006-07-25,S2,T,train,-1.1999999999999993,1.1999999999999993,0.8000000000000007,True
2007-03-15,S2,T,train,1.1999999999999993,1.1999999999999993,0.8000000000000007,True
2007-05-17,S2,T,train,-1.5999999999999996,1.5999999999999996,0.8000000000000007,True
2007-05-19,S2,T,train,1.200000000000001,1.200000000000001,0.8000000000000007,True
2007-05-20,S2,T,train,1.5,1.5,0.8000000000000007,True
2007-06-25,S2,T,train,-1.1999999999999993,1.1999999999999993,0.8000000000000007,True
2007-06-26,S2,T,train,-1.1999999999999993,1.1999999999999993,0.8000000000000007,True
2007-06-28,S2,T,train,1.1000000000000014,1.1000000000000014,0.8000000000000007,True
2008-08-02,S2,T,train,-1.1999999999999993,1.1999999999999993,0.8000000000000007,True
2008-08-05,S2,T,train,-1.2000000000000028,1.2000000000000028,0.8000000000000007,True
2009-06-15,S2,T,train,-1.0,1.0,0.8000000000000007,True
2010-04-30,S2,T,train,1.0,1.0,0.8000000000000007,True
2010-08-27,S2,T,train,-1.8000000000000007,1.8000000000000007,0.8000000000000007,True
2011-03-05,S2,T,train,1.1999999999999993,1.1999999999999993,0.8000000000000007,True
2011-07-15,S2,T,train,-1.3999999999999986,1.3999999999999986,0.8000000000000007,True
2013-09-07,S2,T,train,-1.0,1.0,0.8000000000000007,True
2014-06-30,S2,T,train,-0.9000000000000021,0.9000000000000021,0.8000000000000007,True
2014-07-15,S2,T,train,-0.8999999999999986,0.8999999999999986,0.8000000000000007,True
2014-07-29,S2,T,train,-0.9000000000000021,0.9000000000000021,0.8000000000000007,True
2014-08-14,S2,T,train,-1.1000000000000014,1.1000000000000014,0.8000000000000007,True
2015-08-22,S2,T,train,-1.4000000000000021,1.4000000000000021,0.8000000000000007,True
2015-08-23,S2,T,train,-1.1999999999999993,1.1999999999999993,0.8000000000000007,True
2015-08-24,S2,T,train,-0.9000000000000004,0.9000000000000004,0.8000000000000007,True
2015-08-26,S2,T,train,0.9000000000000021,0.9000000000000021,0.8000000000000007,True
2015-10-10,S2,T,train,-1.0999999999999996,1.0999999999999996,0.8000000000000007,True
2015-12-12,S2,T,train,-0.9000000000000004,0.9000000000000004,0.8000000000000007,True
2015-12-13,S2,T,train,0.9000000000000004,0.9000000000000004,0.8000000000000007,True
2016-07-03,S2,T,validation,-1.0,1.0,0.8000000000000007,True
2016-07-06,S2,T,validation,0.8999999999999986,0.8999999999999986,0.8000000000000007,True
2016-07-24,S2,T,validation,-1.5,1.5,0.8000000000000007,True
2016-08-25,S2,T,validation,-1.1000000000000014,1.1000000000000014,0.8000000000000007,True
2016-08-26,S2,T,validation,1.2000000000000028,1.2000000000000028,0.8000000000000007,True
2017-05-09,S2,T,validation,1.0,1.0,0.8000000000000007,True
2018-01-13,S2,T,test,1.1000000000000005,1.1000000000000005,0.8000000000000007,True
2018-01-19,S2,T,test,1.2000000000000002,1.2000000000000002,0.8000000000000007,True
2018-06-17,S2,T,test,-0.9000000000000021,0.9000000000000021,0.8000000000000007,True
2018-10-15,S2,T,test,-1.0,1.0,0.8000000000000007,True
2019-01-08,S2,T,test,1.9000000000000004,1.9000000000000004,0.8000000000000007,True
2019-01-30,S2,T,test,1.0,1.0,0.8000000000000007,True
2019-01-31,S2,T,test,-1.4000000000000004,1.4000000000000004,0.8000000000000007,True
2019-09-24,S2,T,test,-1.1999999999999993,1.1999999999999993,0.8000000000000007,True
2020-01-04,S2,T,test,0.8999999999999995,0.8999999999999995,0.8000000000000007,True
2020-03-08,S2,T,test,1.3000000000000007,1.3000000000000007,0.8000000000000007,True
2020-03-25,S2,T,test,0.8999999999999986,0.8999999999999986,0.8000000000000007,True
2020-04-03,S2,T,test,-1.0,1.0,0.8000000000000007,True
2020-04-26,S2,T,test,-0.8999999999999986,0.8999999999999986,0.8000000000000007,True
2020-05-26,S2,T,test,-1.0,1.0,0.8000000000000007,True
2020-05-27,S2,T,test,-1.0999999999999996,1.0999999999999996,0.8000000000000007,True
2020-10-20,S2,T,test,-0.9000000000000004,0.9000000000000004,0.8000000000000007,True
2020-11-07,S2,T,test,-1.4000000000000004,1.4000000000000004,0.8000000000000007,True
2006-03-12,S2,Ta,train,-6.0,6.0,5.05,True
2006-04-28,S2,Ta,train,-6.9,6.9,5.05,True
2006-05-13,S2,Ta,train,-8.399999999999999,8.399999999999999,5.05,True
2006-11-06,S2,Ta,train,-5.199999999999999,5.199999999999999,5.05,True
2007-01-06,S2,Ta,train,5.1000000000000005,5.1000000000000005,5.05,True
2007-03-18,S2,Ta,train,6.4,6.4,5.05,True
2007-04-10,S2,Ta,train,-5.3999999999999995,5.3999999999999995,5.05,True
2007-05-04,S2,Ta,train,-6.800000000000001,6.800000000000001,5.05,True
2007-05-12,S2,Ta,train,-7.0,7.0,5.05,True
2008-04-27,S2,Ta,train,-6.200000000000001,6.200000000000001,5.05,True
2008-05-04,S2,Ta,train,-5.200000000000001,5.200000000000001,5.05,True
2008-05-10,S2,Ta,train,-6.600000000000001,6.600000000000001,5.05,True
2008-05-30,S2,Ta,train,-6.099999999999998,6.099999999999998,5.05,True
2009-04-20,S2,Ta,train,-6.099999999999998,6.099999999999998,5.05,True
2009-05-02,S2,Ta,train,-5.1,5.1,5.05,True
2009-05-29,S2,Ta,train,-8.8,8.8,5.05,True
2010-04-29,S2,Ta,train,6.000000000000002,6.000000000000002,5.05,True
2010-12-31,S2,Ta,train,6.800000000000001,6.800000000000001,5.05,True
2011-05-16,S2,Ta,train,-6.999999999999998,6.999999999999998,5.05,True
2011-06-23,S2,Ta,train,-6.200000000000003,6.200000000000003,5.05,True
2011-07-07,S2,Ta,train,-5.399999999999999,5.399999999999999,5.05,True
2012-04-01,S2,Ta,train,5.1,5.1,5.05,True
2013-01-18,S2,Ta,train,5.3,5.3,5.05,True
2013-03-18,S2,Ta,train,-7.8999999999999995,7.8999999999999995,5.05,True
2013-04-10,S2,Ta,train,-5.400000000000002,5.400000000000002,5.05,True
2013-06-27,S2,Ta,train,-5.499999999999998,5.499999999999998,5.05,True
2014-01-20,S2,Ta,train,-5.1,5.1,5.05,True
2014-01-23,S2,Ta,train,7.5,7.5,5.05,True
2014-09-24,S2,Ta,train,-5.800000000000001,5.800000000000001,5.05,True
2014-12-07,S2,Ta,train,-6.0,6.0,5.05,True
2014-12-17,S2,Ta,train,-6.5,6.5,5.05,True
2015-01-02,S2,Ta,train,5.1,5.1,5.05,True
2015-01-05,S2,Ta,train,-5.100000000000001,5.100000000000001,5.05,True
2015-04-12,S2,Ta,train,-7.1,7.1,5.05,True
2015-04-13,S2,Ta,train,6.4,6.4,5.05,True
2015-06-11,S2,Ta,train,-5.999999999999998,5.999999999999998,5.05,True
2015-10-09,S2,Ta,train,-6.300000000000001,6.300000000000001,5.05,True
2016-02-08,S2,Ta,validation,6.8,6.8,5.05,True
2016-05-15,S2,Ta,validation,-5.799999999999999,5.799999999999999,5.05,True
2016-06-17,S2,Ta,validation,5.199999999999999,5.199999999999999,5.05,True
2017-02-05,S2,Ta,validation,5.700000000000001,5.700000000000001,5.05,True
2017-04-17,S2,Ta,validation,-6.3,6.3,5.05,True
2017-04-19,S2,Ta,validation,7.799999999999999,7.799999999999999,5.05,True
2017-05-12,S2,Ta,validation,-6.599999999999998,6.599999999999998,5.05,True
2017-05-13,S2,Ta,validation,6.399999999999999,6.399999999999999,5.05,True
2017-05-15,S2,Ta,validation,-5.700000000000001,5.700000000000001,5.05,True
2017-05-25,S2,Ta,validation,-6.200000000000001,6.200000000000001,5.05,True
2017-12-06,S2,Ta,validation,5.6,5.6,5.05,True
2018-03-27,S2,Ta,test,-5.199999999999999,5.199999999999999,5.05,True
2018-04-06,S2,Ta,test,-7.999999999999998,7.999999999999998,5.05,True
2018-04-08,S2,Ta,test,6.1,6.1,5.05,True
2019-02-17,S2,Ta,test,-5.6,5.6,5.05,True
2019-03-29,S2,Ta,test,5.699999999999999,5.699999999999999,5.05,True
2019-06-01,S2,Ta,test,-6.400000000000002,6.400000000000002,5.05,True
2019-06-25,S2,Ta,test,-5.900000000000002,5.900000000000002,5.05,True
2019-06-30,S2,Ta,test,-5.199999999999999,5.199999999999999,5.05,True
2019-09-21,S2,Ta,test,-5.5,5.5,5.05,True
2020-04-14,S2,Ta,test,5.599999999999998,5.599999999999998,5.05,True
2020-05-29,S2,Ta,test,5.300000000000001,5.300000000000001,5.05,True
2020-06-24,S2,Ta,test,-5.699999999999999,5.699999999999999,5.05,True
2006-01-26,S2,W,train,-3.6525524000000003,3.6525524000000003,3.0866640000000003,True
2006-02-26,S2,W,train,3.3953303999999997,3.3953303999999997,3.0866640000000003,True
2006-02-27,S2,W,train,-3.3953303999999997,3.3953303999999997,3.0866640000000003,True
2006-03-08,S2,W,train,-3.6525524000000003,3.6525524000000003,3.0866640000000003,True
2007-01-03,S2,W,train,-3.343886,3.343886,3.0866640000000003,True
2007-01-10,S2,W,train,3.9097744,3.9097744,3.0866640000000003,True
2007-07-16,S2,W,train,3.2409972,3.2409972,3.0866640000000003,True
2007-12-02,S2,W,train,-4.475662799999999,4.475662799999999,3.0866640000000003,True
2008-01-25,S2,W,train,-3.3953304,3.3953304,3.0866640000000003,True
2008-02-23,S2,W,train,3.3438859999999995,3.3438859999999995,3.0866640000000003,True
2008-05-01,S2,W,train,3.2924416,3.2924416,3.0866640000000003,True
2008-07-21,S2,W,train,3.3953303999999997,3.3953303999999997,3.0866640000000003,True
2009-01-19,S2,W,train,3.8583300000000005,3.8583300000000005,3.0866640000000003,True
2009-01-25,S2,W,train,3.3953304000000015,3.3953304000000015,3.0866640000000003,True
2009-01-26,S2,W,train,-4.527107200000001,4.527107200000001,3.0866640000000003,True
2009-01-29,S2,W,train,-4.0641076,4.0641076,3.0866640000000003,True
2009-02-11,S2,W,train,3.2409972,3.2409972,3.0866640000000003,True
2009-03-15,S2,W,train,3.8583300000000005,3.8583300000000005,3.0866640000000003,True
2009-03-20,S2,W,train,3.9097744000000003,3.9097744000000003,3.0866640000000003,True
2009-11-12,S2,W,train,-3.8068855999999998,3.8068855999999998,3.0866640000000003,True
2009-11-28,S2,W,train,-3.1381084,3.1381084,3.0866640000000003,True
2009-12-07,S2,W,train,-3.2409972,3.2409972,3.0866640000000003,True
2009-12-22,S2,W,train,3.1381084,3.1381084,3.0866640000000003,True
2010-04-10,S2,W,train,-3.4982192,3.4982192,3.0866640000000003,True
2012-04-25,S2,W,train,-3.3953303999999997,3.3953303999999997,3.0866640000000003,True
2013-03-18,S2,W,train,-3.1381084000000006,3.1381084000000006,3.0866640000000003,True
2013-03-26,S2,W,train,-3.3953303999999997,3.3953303999999997,3.0866640000000003,True
2013-05-20,S2,W,train,-3.5496635999999997,3.5496635999999997,3.0866640000000003,True
2013-12-22,S2,W,train,3.6011079999999995,3.6011079999999995,3.0866640000000003,True
2013-12-23,S2,W,train,-4.115551999999999,4.115551999999999,3.0866640000000003,True
2014-01-05,S2,W,train,3.2924416,3.2924416,3.0866640000000003,True
2014-01-17,S2,W,train,-3.2409972,3.2409972,3.0866640000000003,True
2014-05-19,S2,W,train,-3.1381083999999997,3.1381083999999997,3.0866640000000003,True
2014-11-15,S2,W,train,-3.2409972,3.2409972,3.0866640000000003,True
2015-02-11,S2,W,train,-3.3953303999999997,3.3953303999999997,3.0866640000000003,True
2015-05-08,S2,W,train,-3.6525523999999994,3.6525523999999994,3.0866640000000003,True
2016-02-04,S2,W,validation,-3.3953303999999997,3.3953303999999997,3.0866640000000003,True
2016-03-05,S2,W,validation,-3.3953303999999997,3.3953303999999997,3.0866640000000003,True
2016-03-06,S2,W,validation,3.2409972,3.2409972,3.0866640000000003,True
2016-12-11,S2,W,validation,3.2409971999999994,3.2409971999999994,3.0866640000000003,True
2017-04-07,S2,W,validation,3.2409972000000002,3.2409972000000002,3.0866640000000003,True
2017-04-19,S2,W,validation,3.2409972,3.2409972,3.0866640000000003,True
2018-03-01,S2,W,test,3.1381083999999997,3.1381083999999997,3.0866640000000003,True
2018-05-14,S2,W,test,3.1895528,3.1895528,3.0866640000000003,True
2018-11-27,S2,W,test,3.2409972,3.2409972,3.0866640000000003,True
2006-06-08,P3,DH,train,-10.2,10.2,10.0,True
2006-07-25,P3,DH,train,11.700000000000001,11.700000000000001,10.0,True
2007-04-29,P3,DH,train,10.2,10.2,10.0,True
2007-05-24,P3,DH,train,-12.1,12.1,10.0,True
2008-05-03,P3,DH,train,-10.3,10.3,10.0,True
2008-05-11,P3,DH,train,10.3,10.3,10.0,True
2008-05-30,P3,DH,train,-11.1,11.1,10.0,True
2008-06-11,P3,DH,train,-12.0,12.0,10.0,True
2008-06-17,P3,DH,train,10.299999999999999,10.299999999999999,10.0,True
2008-06-27,P3,DH,train,12.0,12.0,10.0,True
2008-07-01,P3,DH,train,-11.600000000000001,11.600000000000001,10.0,True
2008-08-25,P3,DH,train,-10.7,10.7,10.0,True
2009-06-03,P3,DH,train,12.0,12.0,10.0,True
2009-07-11,P3,DH,train,-11.0,11.0,10.0,True
2009-08-06,P3,DH,train,12.2,12.2,10.0,True
2010-06-20,P3,DH,train,-10.4,10.4,10.0,True
2010-07-05,P3,DH,train,-11.2,11.2,10.0,True
2010-08-15,P3,DH,train,-11.4,11.4,10.0,True
2011-05-20,P3,DH,train,-11.700000000000001,11.700000000000001,10.0,True
2011-06-23,P3,DH,train,-10.7,10.7,10.0,True
2011-06-24,P3,DH,train,10.7,10.7,10.0,True
2011-06-27,P3,DH,train,-12.1,12.1,10.0,True
2011-08-03,P3,DH,train,10.1,10.1,10.0,True
2011-09-29,P3,DH,train,-10.1,10.1,10.0,True
2012-06-14,P3,DH,train,-10.4,10.4,10.0,True
2012-09-11,P3,DH,train,-10.5,10.5,10.0,True
2013-06-11,P3,DH,train,12.5,12.5,10.0,True
2013-07-18,P3,DH,train,-11.0,11.0,10.0,True
2013-08-04,P3,DH,train,-11.5,11.5,10.0,True
2013-08-05,P3,DH,train,10.7,10.7,10.0,True
2013-08-25,P3,DH,train,-10.299999999999999,10.299999999999999,10.0,True
2013-08-29,P3,DH,train,-10.1,10.1,10.0,True
2014-08-01,P3,DH,train,-11.6,11.6,10.0,True
2014-09-17,P3,DH,train,-11.2,11.2,10.0,True
2015-07-06,P3,DH,train,10.5,10.5,10.0,True
2015-07-13,P3,DH,train,-10.4,10.4,10.0,True
2016-07-22,P3,DH,validation,-11.8,11.8,10.0,True
2016-07-25,P3,DH,validation,11.8,11.8,10.0,True
2016-08-07,P3,DH,validation,10.7,10.7,10.0,True
2018-04-06,P3,DH,test,-10.8,10.8,10.0,True
2018-04-08,P3,DH,test,10.2,10.2,10.0,True
2018-05-27,P3,DH,test,-10.9,10.9,10.0,True
2018-06-01,P3,DH,test,10.5,10.5,10.0,True
2018-06-02,P3,DH,test,-10.3,10.3,10.0,True
2018-07-23,P3,DH,test,-10.5,10.5,10.0,True
2018-09-07,P3,DH,test,-11.4,11.4,10.0,True
2019-06-23,P3,DH,test,-10.7,10.7,10.0,True
2019-06-27,P3,DH,test,10.5,10.5,10.0,True
2019-07-29,P3,DH,test,-11.1,11.1,10.0,True
2019-08-03,P3,DH,test,-10.5,10.5,10.0,True
2007-07-22,P3,F,train,1170.0,1170.0,850.0,True
2007-07-23,P3,F,train,990.0,990.0,850.0,True
2008-08-05,P3,F,train,1140.0,1140.0,850.0,True
2008-08-28,P3,F,train,860.0,860.0,850.0,True
2009-08-13,P3,F,train,1160.0,1160.0,850.0,True
2009-08-14,P3,F,train,1020.0,1020.0,850.0,True
2009-08-18,P3,F,train,-1040.0,1040.0,850.0,True
2010-07-19,P3,F,train,910.0,910.0,850.0,True
2010-08-22,P3,F,train,900.0,900.0,850.0,True
2011-07-16,P3,F,train,1140.0,1140.0,850.0,True
2011-07-17,P3,F,train,860.0,860.0,850.0,True
2011-12-12,P3,F,train,862.0,862.0,850.0,True
2011-12-13,P3,F,train,-1025.0,1025.0,850.0,True
2012-07-19,P3,F,train,880.0,880.0,850.0,True
2013-07-23,P3,F,train,1150.0,1150.0,850.0,True
2013-07-25,P3,F,train,-1210.0,1210.0,850.0,True
2013-07-29,P3,F,train,-950.0,950.0,850.0,True
2013-08-05,P3,F,train,-920.0,920.0,850.0,True
2013-09-06,P3,F,train,1010.0,1010.0,850.0,True
2014-06-29,P3,F,train,1490.0,1490.0,850.0,True
2014-06-30,P3,F,train,900.0,900.0,850.0,True
2014-07-15,P3,F,train,1000.0,1000.0,850.0,True
2014-07-21,P3,F,train,-920.0,920.0,850.0,True
2014-08-06,P3,F,train,870.0,870.0,850.0,True
2014-08-12,P3,F,train,950.0,950.0,850.0,True
2015-06-17,P3,F,train,1490.0,1490.0,850.0,True
2015-06-24,P3,F,train,1350.0,1350.0,850.0,True
2015-06-25,P3,F,train,-950.0,950.0,850.0,True
2015-06-28,P3,F,train,2310.0,2310.0,850.0,True
2015-07-02,P3,F,train,-1200.0,1200.0,850.0,True
2015-07-03,P3,F,train,-1060.0,1060.0,850.0,True
2015-07-07,P3,F,train,1410.0,1410.0,850.0,True
2015-08-13,P3,F,train,910.0,910.0,850.0,True
2015-08-30,P3,F,train,1260.0,1260.0,850.0,True
2015-09-09,P3,F,train,-910.0,910.0,850.0,True
2015-10-10,P3,F,train,1450.0,1450.0,850.0,True
2016-06-23,P3,F,validation,1040.0,1040.0,850.0,True
2016-06-24,P3,F,validation,1490.0,1490.0,850.0,True
2016-06-28,P3,F,validation,1310.0,1310.0,850.0,True
2016-06-29,P3,F,validation,-2210.0,2210.0,850.0,True
2016-07-08,P3,F,validation,1840.0,1840.0,850.0,True
2016-07-16,P3,F,validation,1380.0,1380.0,850.0,True
2016-07-17,P3,F,validation,-960.0,960.0,850.0,True
2016-07-18,P3,F,validation,-1120.0,1120.0,850.0,True
2016-07-31,P3,F,validation,-890.0,890.0,850.0,True
2016-08-01,P3,F,validation,-1380.0,1380.0,850.0,True
2016-08-07,P3,F,validation,1100.0,1100.0,850.0,True
2016-09-01,P3,F,validation,-1230.0,1230.0,850.0,True
2016-09-07,P3,F,validation,1830.0,1830.0,850.0,True
2016-09-09,P3,F,validation,-960.0,960.0,850.0,True
2016-09-21,P3,F,validation,1960.0,1960.0,850.0,True
2016-09-22,P3,F,validation,-1160.0,1160.0,850.0,True
2016-12-03,P3,F,validation,-947.0,947.0,850.0,True
2017-06-23,P3,F,validation,2730.0,2730.0,850.0,True
2017-06-24,P3,F,validation,960.0,960.0,850.0,True
2017-06-27,P3,F,validation,-1170.0,1170.0,850.0,True
2017-07-02,P3,F,validation,-1020.0,1020.0,850.0,True
2017-07-07,P3,F,validation,2000.0,2000.0,850.0,True
2017-07-10,P3,F,validation,1130.0,1130.0,850.0,True
2017-07-12,P3,F,validation,-1110.0,1110.0,850.0,True
2017-07-15,P3,F,validation,-880.0,880.0,850.0,True
2017-07-17,P3,F,validation,-950.0,950.0,850.0,True
2017-07-25,P3,F,validation,1200.0,1200.0,850.0,True
2017-08-07,P3,F,validation,-1380.0,1380.0,850.0,True
2017-08-10,P3,F,validation,1170.0,1170.0,850.0,True
2017-08-12,P3,F,validation,1240.0,1240.0,850.0,True
2017-08-20,P3,F,validation,-870.0,870.0,850.0,True
2017-09-08,P3,F,validation,-1510.0,1510.0,850.0,True
2017-09-13,P3,F,validation,900.0,900.0,850.0,True
2017-09-14,P3,F,validation,-1250.0,1250.0,850.0,True
2017-09-15,P3,F,validation,-870.0,870.0,850.0,True
2017-09-17,P3,F,validation,1220.0,1220.0,850.0,True
2017-09-19,P3,F,validation,-1050.0,1050.0,850.0,True
2017-09-29,P3,F,validation,-1490.0,1490.0,850.0,True
2017-10-02,P3,F,validation,1240.0,1240.0,850.0,True
2018-06-02,P3,F,test,-1136.0,1136.0,850.0,True
2018-06-18,P3,F,test,-1281.0,1281.0,850.0,True
2018-06-20,P3,F,test,940.0,940.0,850.0,True
2018-06-28,P3,F,test,1420.0,1420.0,850.0,True
2018-07-01,P3,F,test,-1840.0,1840.0,850.0,True
2018-07-11,P3,F,test,-1190.0,1190.0,850.0,True
2018-07-12,P3,F,test,2390.0,2390.0,850.0,True
2018-07-15,P3,F,test,890.0,890.0,850.0,True
2018-07-19,P3,F,test,-1110.0,1110.0,850.0,True
2018-07-20,P3,F,test,-1340.0,1340.0,850.0,True
2018-08-13,P3,F,test,1140.0,1140.0,850.0,True
2018-08-19,P3,F,test,-1510.0,1510.0,850.0,True
2018-08-26,P3,F,test,880.0,880.0,850.0,True
2018-08-27,P3,F,test,-1000.0,1000.0,850.0,True
2018-09-04,P3,F,test,1310.0,1310.0,850.0,True
2018-09-10,P3,F,test,1250.0,1250.0,850.0,True
2018-09-16,P3,F,test,-1140.0,1140.0,850.0,True
2018-09-19,P3,F,test,-2090.0,2090.0,850.0,True
2018-09-20,P3,F,test,1370.0,1370.0,850.0,True
2018-10-04,P3,F,test,-940.0,940.0,850.0,True
2018-10-12,P3,F,test,-910.0,910.0,850.0,True
2018-10-13,P3,F,test,2200.0,2200.0,850.0,True
2018-10-14,P3,F,test,-980.0,980.0,850.0,True
2018-10-15,P3,F,test,-1550.0,1550.0,850.0,True
2018-12-06,P3,F,test,-868.0,868.0,850.0,True
2018-12-15,P3,F,test,-852.0,852.0,850.0,True
2019-09-12,P3,F,test,910.0,910.0,850.0,True
2019-09-14,P3,F,test,1140.0,1140.0,850.0,True
2019-09-15,P3,F,test,-1410.0,1410.0,850.0,True
2019-09-28,P3,F,test,-940.0,940.0,850.0,True
2019-09-30,P3,F,test,-1010.0,1010.0,850.0,True
2020-06-24,P3,F,test,2550.0,2550.0,850.0,True
2020-06-30,P3,F,test,-1490.0,1490.0,850.0,True
2020-07-15,P3,F,test,980.0,980.0,850.0,True
2020-07-16,P3,F,test,1030.0,1030.0,850.0,True
2020-07-17,P3,F,test,-1440.0,1440.0,850.0,True
2020-07-19,P3,F,test,1340.0,1340.0,850.0,True
2020-07-27,P3,F,test,-1760.0,1760.0,850.0,True
2020-07-28,P3,F,test,1810.0,1810.0,850.0,True
2020-08-12,P3,F,test,-1140.0,1140.0,850.0,True
2020-08-19,P3,F,test,2470.0,2470.0,850.0,True
2020-08-21,P3,F,test,-1730.0,1730.0,850.0,True
2020-08-22,P3,F,test,-1060.0,1060.0,850.0,True
2020-08-31,P3,F,test,1210.0,1210.0,850.0,True
2020-11-17,P3,F,test,-858.0,858.0,850.0,True
2007-07-22,P3,L,train,1.7100000000000364,1.7100000000000364,1.3050000000000068,True
2007-07-23,P3,L,train,1.32000000000005,1.32000000000005,1.3050000000000068,True
2008-08-05,P3,L,train,1.5599999999999454,1.5599999999999454,1.3050000000000068,True
2009-08-13,P3,L,train,1.3999999999999773,1.3999999999999773,1.3050000000000068,True
2011-07-16,P3,L,train,1.5600000000000591,1.5600000000000591,1.3050000000000068,True
2012-12-11,P3,L,train,2.3099999999999454,2.3099999999999454,1.3050000000000068,True
2013-04-07,P3,L,train,1.32000000000005,1.32000000000005,1.3050000000000068,True
2013-06-30,P3,L,train,1.3899999999999864,1.3899999999999864,1.3050000000000068,True
2013-07-23,P3,L,train,1.5599999999999454,1.5599999999999454,1.3050000000000068,True
2013-07-25,P3,L,train,-1.7300000000000182,1.7300000000000182,1.3050000000000068,True
2013-07-29,P3,L,train,-1.4300000000000637,1.4300000000000637,1.3050000000000068,True
2013-08-05,P3,L,train,-1.4300000000000637,1.4300000000000637,1.3050000000000068,True
2013-08-06,P3,L,train,-1.3099999999999454,1.3099999999999454,1.3050000000000068,True
2013-09-06,P3,L,train,1.599999999999909,1.599999999999909,1.3050000000000068,True
2014-06-29,P3,L,train,2.7100000000000364,2.7100000000000364,1.3050000000000068,True
2014-06-30,P3,L,train,1.490000000000009,1.490000000000009,1.3050000000000068,True
2014-07-15,P3,L,train,1.5300000000000864,1.5300000000000864,1.3050000000000068,True
2014-07-21,P3,L,train,-1.3600000000000136,1.3600000000000136,1.3050000000000068,True
2014-08-06,P3,L,train,1.3600000000000136,1.3600000000000136,1.3050000000000068,True
2014-08-12,P3,L,train,1.4399999999999409,1.4399999999999409,1.3050000000000068,True
2014-11-10,P3,L,train,-1.3700000000000045,1.3700000000000045,1.3050000000000068,True
2015-06-17,P3,L,train,3.1299999999999955,3.1299999999999955,1.3050000000000068,True
2015-06-18,P3,L,train,-1.4400000000000546,1.4400000000000546,1.3050000000000068,True
2015-06-24,P3,L,train,2.25,2.25,1.3050000000000068,True
2015-06-25,P3,L,train,-1.5400000000000773,1.5400000000000773,1.3050000000000068,True
2015-06-28,P3,L,train,3.7899999999999636,3.7899999999999636,1.3050000000000068,True
2015-07-02,P3,L,train,-1.9400000000000546,1.9400000000000546,1.3050000000000068,True
2015-07-03,P3,L,train,-1.8999999999999773,1.8999999999999773,1.3050000000000068,True
2015-07-06,P3,L,train,-1.5199999999999818,1.5199999999999818,1.3050000000000068,True
2015-07-07,P3,L,train,2.6200000000000045,2.6200000000000045,1.3050000000000068,True
2015-07-21,P3,L,train,-1.3099999999999454,1.3099999999999454,1.3050000000000068,True
2015-08-13,P3,L,train,1.8500000000000227,1.8500000000000227,1.3050000000000068,True
2015-08-30,P3,L,train,1.8000000000000682,1.8000000000000682,1.3050000000000068,True
2015-09-09,P3,L,train,-1.32000000000005,1.32000000000005,1.3050000000000068,True
2015-10-06,P3,L,train,1.4500000000000455,1.4500000000000455,1.3050000000000068,True
2015-10-09,P3,L,train,-1.5100000000001046,1.5100000000001046,1.3050000000000068,True
2015-10-10,P3,L,train,2.830000000000041,2.830000000000041,1.3050000000000068,True
2016-06-23,P3,L,validation,2.1000000000000227,2.1000000000000227,1.3050000000000068,True
2016-06-24,P3,L,validation,2.7200000000000273,2.7200000000000273,1.3050000000000068,True
2016-06-28,P3,L,validation,1.8199999999999363,1.8199999999999363,1.3050000000000068,True
2016-06-29,P3,L,validation,-3.2999999999999545,3.2999999999999545,1.3050000000000068,True
2016-07-01,P3,L,validation,-1.3600000000000136,1.3600000000000136,1.3050000000000068,True
2016-07-08,P3,L,validation,2.919999999999959,2.919999999999959,1.3050000000000068,True
2016-07-16,P3,L,validation,1.7699999999999818,1.7699999999999818,1.3050000000000068,True
2016-07-18,P3,L,validation,-1.4700000000000273,1.4700000000000273,1.3050000000000068,True
2016-08-01,P3,L,validation,-1.8899999999999864,1.8899999999999864,1.3050000000000068,True
2016-08-07,P3,L,validation,1.7200000000000273,1.7200000000000273,1.3050000000000068,True
2016-08-21,P3,L,validation,1.6200000000000045,1.6200000000000045,1.3050000000000068,True
2016-09-01,P3,L,validation,-2.3600000000000136,2.3600000000000136,1.3050000000000068,True
2016-09-07,P3,L,validation,2.9600000000000364,2.9600000000000364,1.3050000000000068,True
2016-09-09,P3,L,validation,-1.32000000000005,1.32000000000005,1.3050000000000068,True
2016-09-11,P3,L,validation,-1.3400000000000318,1.3400000000000318,1.3050000000000068,True
2016-09-16,P3,L,validation,1.3600000000000136,1.3600000000000136,1.3050000000000068,True
2016-09-21,P3,L,validation,2.560000000000059,2.560000000000059,1.3050000000000068,True
2016-09-22,P3,L,validation,-1.490000000000009,1.490000000000009,1.3050000000000068,True
2016-12-03,P3,L,validation,-2.300000000000068,2.300000000000068,1.3050000000000068,True
2017-06-11,P3,L,validation,-1.5499999999999545,1.5499999999999545,1.3050000000000068,True
2017-06-19,P3,L,validation,1.5,1.5,1.3050000000000068,True
2017-06-23,P3,L,validation,4.180000000000064,4.180000000000064,1.3050000000000068,True
2017-06-27,P3,L,validation,-1.6000000000000227,1.6000000000000227,1.3050000000000068,True
2017-07-02,P3,L,validation,-1.8099999999999454,1.8099999999999454,1.3050000000000068,True
2017-07-06,P3,L,validation,1.3600000000000136,1.3600000000000136,1.3050000000000068,True
2017-07-07,P3,L,validation,2.75,2.75,1.3050000000000068,True
2017-07-10,P3,L,validation,1.3899999999999864,1.3899999999999864,1.3050000000000068,True
2017-07-12,P3,L,validation,-1.3600000000000136,1.3600000000000136,1.3050000000000068,True
2017-07-17,P3,L,validation,-1.4600000000000364,1.4600000000000364,1.3050000000000068,True
2017-07-22,P3,L,validation,-1.490000000000009,1.490000000000009,1.3050000000000068,True
2017-07-24,P3,L,validation,1.5299999999999727,1.5299999999999727,1.3050000000000068,True
2017-07-25,P3,L,validation,2.009999999999991,2.009999999999991,1.3050000000000068,True
2017-08-07,P3,L,validation,-2.159999999999968,2.159999999999968,1.3050000000000068,True
2017-08-10,P3,L,validation,1.8700000000000045,1.8700000000000045,1.3050000000000068,True
2017-08-12,P3,L,validation,1.669999999999959,1.669999999999959,1.3050000000000068,True
2017-08-27,P3,L,validation,-1.3799999999999955,1.3799999999999955,1.3050000000000068,True
2017-08-28,P3,L,validation,1.330000000000041,1.330000000000041,1.3050000000000068,True
2017-09-08,P3,L,validation,-1.8999999999999773,1.8999999999999773,1.3050000000000068,True
2017-09-14,P3,L,validation,-1.6899999999999409,1.6899999999999409,1.3050000000000068,True
2017-09-15,P3,L,validation,-1.3700000000000045,1.3700000000000045,1.3050000000000068,True
2017-09-17,P3,L,validation,2.0399999999999636,2.0399999999999636,1.3050000000000068,True
2017-09-19,P3,L,validation,-1.7300000000000182,1.7300000000000182,1.3050000000000068,True
2017-09-29,P3,L,validation,-2.6399999999999864,2.6399999999999864,1.3050000000000068,True
2017-10-02,P3,L,validation,2.269999999999982,2.269999999999982,1.3050000000000068,True
2017-10-04,P3,L,validation,-1.3299999999999272,1.3299999999999272,1.3050000000000068,True
2017-11-06,P3,L,validation,1.4800000000000182,1.4800000000000182,1.3050000000000068,True
2018-01-01,P3,L,test,-1.5299999999999727,1.5299999999999727,1.3050000000000068,True
2018-01-10,P3,L,test,1.4300000000000637,1.4300000000000637,1.3050000000000068,True
2018-02-05,P3,L,test,1.5900000000000318,1.5900000000000318,1.3050000000000068,True
2018-05-04,P3,L,test,-2.0,2.0,1.3050000000000068,True
2018-05-17,P3,L,test,1.490000000000009,1.490000000000009,1.3050000000000068,True
2018-05-29,P3,L,test,1.4800000000000182,1.4800000000000182,1.3050000000000068,True
2018-06-02,P3,L,test,-2.5,2.5,1.3050000000000068,True
2018-06-16,P3,L,test,1.759999999999991,1.759999999999991,1.3050000000000068,True
2018-06-17,P3,L,test,1.5300000000000864,1.5300000000000864,1.3050000000000068,True
2018-06-18,P3,L,test,-3.1700000000000728,3.1700000000000728,1.3050000000000068,True
2018-06-19,P3,L,test,1.5,1.5,1.3050000000000068,True
2018-06-20,P3,L,test,2.150000000000091,2.150000000000091,1.3050000000000068,True
2018-06-28,P3,L,test,2.2099999999999227,2.2099999999999227,1.3050000000000068,True
2018-07-01,P3,L,test,-2.830000000000041,2.830000000000041,1.3050000000000068,True
2018-07-11,P3,L,test,-1.7799999999999727,1.7799999999999727,1.3050000000000068,True
2018-07-12,P3,L,test,3.25,3.25,1.3050000000000068,True
2018-07-19,P3,L,test,-1.3500000000000227,1.3500000000000227,1.3050000000000068,True
2018-07-20,P3,L,test,-1.669999999999959,1.669999999999959,1.3050000000000068,True
2018-08-13,P3,L,test,1.4400000000000546,1.4400000000000546,1.3050000000000068,True
2018-08-19,P3,L,test,-1.7799999999999727,1.7799999999999727,1.3050000000000068,True
2018-09-04,P3,L,test,1.7899999999999636,1.7899999999999636,1.3050000000000068,True
2018-09-10,P3,L,test,1.490000000000009,1.490000000000009,1.3050000000000068,True
2018-09-16,P3,L,test,-1.3400000000000318,1.3400000000000318,1.3050000000000068,True
2018-09-19,P3,L,test,-2.6200000000000045,2.6200000000000045,1.3050000000000068,True
2018-09-20,P3,L,test,1.75,1.75,1.3050000000000068,True
2018-10-04,P3,L,test,-1.4399999999999409,1.4399999999999409,1.3050000000000068,True
2018-10-12,P3,L,test,-1.6100000000000136,1.6100000000000136,1.3050000000000068,True
2018-10-13,P3,L,test,3.419999999999959,3.419999999999959,1.3050000000000068,True
2018-10-14,P3,L,test,-1.349999999999909,1.349999999999909,1.3050000000000068,True
2018-10-15,P3,L,test,-2.6700000000000728,2.6700000000000728,1.3050000000000068,True
2018-10-22,P3,L,test,1.6599999999999682,1.6599999999999682,1.3050000000000068,True
2018-11-06,P3,L,test,1.57000000000005,1.57000000000005,1.3050000000000068,True
2018-11-13,P3,L,test,-1.6299999999999955,1.6299999999999955,1.3050000000000068,True
2018-11-14,P3,L,test,-1.6100000000000136,1.6100000000000136,1.3050000000000068,True
2018-12-06,P3,L,test,-2.400000000000091,2.400000000000091,1.3050000000000068,True
2018-12-15,P3,L,test,-2.1299999999999955,2.1299999999999955,1.3050000000000068,True
2018-12-19,P3,L,test,-1.4600000000000364,1.4600000000000364,1.3050000000000068,True
2019-01-16,P3,L,test,1.3299999999999272,1.3299999999999272,1.3050000000000068,True
2019-01-23,P3,L,test,-1.32000000000005,1.32000000000005,1.3050000000000068,True
2019-04-22,P3,L,test,2.1200000000000045,2.1200000000000045,1.3050000000000068,True
2019-04-25,P3,L,test,1.5900000000000318,1.5900000000000318,1.3050000000000068,True
2019-04-29,P3,L,test,-1.5499999999999545,1.5499999999999545,1.3050000000000068,True
2019-05-12,P3,L,test,-1.6399999999999864,1.6399999999999864,1.3050000000000068,True
2019-05-17,P3,L,test,1.8299999999999272,1.8299999999999272,1.3050000000000068,True
2019-05-20,P3,L,test,-1.42999999999995,1.42999999999995,1.3050000000000068,True
2019-06-17,P3,L,test,1.6000000000000227,1.6000000000000227,1.3050000000000068,True
2019-09-12,P3,L,test,1.3400000000000318,1.3400000000000318,1.3050000000000068,True
2019-09-14,P3,L,test,1.6200000000000045,1.6200000000000045,1.3050000000000068,True
2019-09-15,P3,L,test,-2.009999999999991,2.009999999999991,1.3050000000000068,True
2019-09-28,P3,L,test,-1.3700000000000045,1.3700000000000045,1.3050000000000068,True
2019-09-30,P3,L,test,-1.5300000000000864,1.5300000000000864,1.3050000000000068,True
2019-10-01,P3,L,test,-1.4099999999999682,1.4099999999999682,1.3050000000000068,True
2019-11-28,P3,L,test,1.5200000000000955,1.5200000000000955,1.3050000000000068,True
2020-01-01,P3,L,test,-1.57000000000005,1.57000000000005,1.3050000000000068,True
2020-05-16,P3,L,test,1.509999999999991,1.509999999999991,1.3050000000000068,True
2020-06-05,P3,L,test,-1.4800000000000182,1.4800000000000182,1.3050000000000068,True
2020-06-06,P3,L,test,1.6000000000000227,1.6000000000000227,1.3050000000000068,True
2020-06-24,P3,L,test,3.689999999999941,3.689999999999941,1.3050000000000068,True
2020-06-30,P3,L,test,-2.1299999999999955,2.1299999999999955,1.3050000000000068,True
2020-07-15,P3,L,test,1.5799999999999272,1.5799999999999272,1.3050000000000068,True
2020-07-16,P3,L,test,1.4300000000000637,1.4300000000000637,1.3050000000000068,True
2020-07-17,P3,L,test,-2.1000000000000227,2.1000000000000227,1.3050000000000068,True
2020-07-19,P3,L,test,1.8899999999999864,1.8899999999999864,1.3050000000000068,True
2020-07-27,P3,L,test,-2.5499999999999545,2.5499999999999545,1.3050000000000068,True
2020-07-28,P3,L,test,2.6200000000000045,2.6200000000000045,1.3050000000000068,True
2020-08-12,P3,L,test,-1.5799999999999272,1.5799999999999272,1.3050000000000068,True
2020-08-19,P3,L,test,2.800000000000068,2.800000000000068,1.3050000000000068,True
2020-08-21,P3,L,test,-1.8999999999999773,1.8999999999999773,1.3050000000000068,True
2020-08-31,P3,L,test,1.759999999999991,1.759999999999991,1.3050000000000068,True
2020-10-20,P3,L,test,-1.3700000000000045,1.3700000000000045,1.3050000000000068,True
2020-10-31,P3,L,test,-1.4600000000000364,1.4600000000000364,1.3050000000000068,True
2020-11-17,P3,L,test,-2.2099999999999227,2.2099999999999227,1.3050000000000068,True
2020-11-21,P3,L,test,1.9499999999999318,1.9499999999999318,1.3050000000000068,True
2020-12-11,P3,L,test,-1.4500000000000455,1.4500000000000455,1.3050000000000068,True
2020-12-15,P3,L,test,1.4800000000000182,1.4800000000000182,1.3050000000000068,True
2020-12-19,P3,L,test,1.419999999999959,1.419999999999959,1.3050000000000068,True
2006-06-22,P3,P,train,70.612,70.612,42.418,True
2006-06-23,P3,P,train,-60.19799999999999,60.19799999999999,42.418,True
2006-09-09,P3,P,train,-44.704,44.704,42.418,True
2006-10-02,P3,P,train,-49.784000000000006,49.784000000000006,42.418,True
2007-07-24,P3,P,train,-48.260000000000005,48.260000000000005,42.418,True
2007-09-13,P3,P,train,45.974,45.974,42.418,True
2008-06-11,P3,P,train,50.546,50.546,42.418,True
2008-06-13,P3,P,train,-49.275999999999996,49.275999999999996,42.418,True
2008-07-21,P3,P,train,52.577999999999996,52.577999999999996,42.418,True
2008-10-30,P3,P,train,45.72,45.72,42.418,True
2009-06-29,P3,P,train,82.29599999999999,82.29599999999999,42.418,True
2009-06-30,P3,P,train,-82.55,82.55,42.418,True
2009-08-12,P3,P,train,42.418000000000006,42.418000000000006,42.418,True
2009-08-13,P3,P,train,-53.594,53.594,42.418,True
2010-07-27,P3,P,train,48.26,48.26,42.418,True
2010-07-31,P3,P,train,55.117999999999995,55.117999999999995,42.418,True
2010-08-01,P3,P,train,-46.989999999999995,46.989999999999995,42.418,True
2010-08-15,P3,P,train,53.086,53.086,42.418,True
2010-08-16,P3,P,train,-45.211999999999996,45.211999999999996,42.418,True
2010-09-03,P3,P,train,-44.449999999999996,44.449999999999996,42.418,True
2011-06-20,P3,P,train,-45.466,45.466,42.418,True
2012-06-18,P3,P,train,50.8,50.8,42.418,True
2012-06-22,P3,P,train,-43.942,43.942,42.418,True
2012-06-23,P3,P,train,53.339999999999996,53.339999999999996,42.418,True
2012-06-24,P3,P,train,-47.244,47.244,42.418,True
2012-07-04,P3,P,train,51.30799999999999,51.30799999999999,42.418,True
2012-07-14,P3,P,train,-45.211999999999996,45.211999999999996,42.418,True
2012-07-27,P3,P,train,45.466,45.466,42.418,True
2012-09-18,P3,P,train,44.45,44.45,42.418,True
2012-09-19,P3,P,train,-44.958,44.958,42.418,True
2013-07-19,P3,P,train,43.94199999999999,43.94199999999999,42.418,True
2013-07-24,P3,P,train,-43.942,43.942,42.418,True
2014-06-28,P3,P,train,58.16599999999999,58.16599999999999,42.418,True
2014-06-29,P3,P,train,-78.73999999999998,78.73999999999998,42.418,True
2014-07-16,P3,P,train,-45.211999999999996,45.211999999999996,42.418,True
2014-08-01,P3,P,train,54.61,54.61,42.418,True
2014-08-02,P3,P,train,-82.29599999999999,82.29599999999999,42.418,True
2016-04-20,P3,P,validation,58.674,58.674,42.418,True
2016-04-21,P3,P,validation,-58.166,58.166,42.418,True
2016-06-30,P3,P,validation,48.006,48.006,42.418,True
2016-07-01,P3,P,validation,-52.577999999999996,52.577999999999996,42.418,True
2016-07-04,P3,P,validation,43.687999999999995,43.687999999999995,42.418,True
2016-07-14,P3,P,validation,99.568,99.568,42.418,True
2016-07-15,P3,P,validation,-94.996,94.996,42.418,True
2016-09-06,P3,P,validation,62.738,62.738,42.418,True
2016-09-07,P3,P,validation,-53.593999999999994,53.593999999999994,42.418,True
2017-07-06,P3,P,validation,91.18599999999999,91.18599999999999,42.418,True
2017-07-07,P3,P,validation,-81.53399999999999,81.53399999999999,42.418,True
2017-08-01,P3,P,validation,55.626000000000005,55.626000000000005,42.418,True
2017-09-05,P3,P,validation,46.736,46.736,42.418,True
2018-05-26,P3,P,test,55.117999999999995,55.117999999999995,42.418,True
2018-05-27,P3,P,test,-53.593999999999994,53.593999999999994,42.418,True
2018-06-21,P3,P,test,64.77,64.77,42.418,True
2018-06-22,P3,P,test,-57.912,57.912,42.418,True
2018-08-02,P3,P,test,53.34,53.34,42.418,True
2018-08-03,P3,P,test,-67.564,67.564,42.418,True
2018-09-30,P3,P,test,43.18,43.18,42.418,True
2019-07-09,P3,P,test,-46.989999999999995,46.989999999999995,42.418,True
2019-08-07,P3,P,test,50.291999999999994,50.291999999999994,42.418,True
2019-08-08,P3,P,test,-50.54599999999999,50.54599999999999,42.418,True
2019-09-03,P3,P,test,-43.18,43.18,42.418,True
2020-06-14,P3,P,test,95.25,95.25,42.418,True
2020-06-15,P3,P,test,-80.264,80.264,42.418,True
2020-08-10,P3,P,test,-55.372,55.372,42.418,True
2020-08-17,P3,P,test,58.166,58.166,42.418,True
2020-08-18,P3,P,test,-76.962,76.962,42.418,True
2020-09-10,P3,P,test,52.06999999999999,52.06999999999999,42.418,True
2020-09-11,P3,P,test,-46.48199999999999,46.48199999999999,42.418,True
2006-02-17,P3,RH,train,28.0,28.0,27.0,True
2006-04-19,P3,RH,train,28.0,28.0,27.0,True
2006-04-28,P3,RH,train,30.0,30.0,27.0,True
2006-05-21,P3,RH,train,28.0,28.0,27.0,True
2006-06-18,P3,RH,train,38.0,38.0,27.0,True
2006-06-23,P3,RH,train,31.0,31.0,27.0,True
2007-04-28,P3,RH,train,38.0,38.0,27.0,True
2007-07-18,P3,RH,train,28.0,28.0,27.0,True
2008-01-28,P3,RH,train,-30.0,30.0,27.0,True
2008-05-04,P3,RH,train,33.0,33.0,27.0,True
2008-05-10,P3,RH,train,29.0,29.0,27.0,True
2009-03-01,P3,RH,train,28.0,28.0,27.0,True
2009-05-02,P3,RH,train,36.0,36.0,27.0,True
2009-05-23,P3,RH,train,29.0,29.0,27.0,True
2009-05-29,P3,RH,train,34.0,34.0,27.0,True
2010-05-25,P3,RH,train,48.0,48.0,27.0,True
2010-06-07,P3,RH,train,-29.0,29.0,27.0,True
2010-06-15,P3,RH,train,36.0,36.0,27.0,True
2010-06-20,P3,RH,train,41.0,41.0,27.0,True
2010-06-29,P3,RH,train,33.0,33.0,27.0,True
2011-03-26,P3,RH,train,35.0,35.0,27.0,True
2011-05-13,P3,RH,train,36.0,36.0,27.0,True
2012-05-26,P3,RH,train,28.0,28.0,27.0,True
2012-07-03,P3,RH,train,30.0,30.0,27.0,True
2013-01-20,P3,RH,train,-34.0,34.0,27.0,True
2013-05-06,P3,RH,train,-29.0,29.0,27.0,True
2013-05-14,P3,RH,train,-29.0,29.0,27.0,True
2013-06-02,P3,RH,train,28.0,28.0,27.0,True
2013-06-21,P3,RH,train,32.0,32.0,27.0,True
2014-02-17,P3,RH,train,28.0,28.0,27.0,True
2014-02-18,P3,RH,train,28.0,28.0,27.0,True
2015-04-22,P3,RH,train,34.0,34.0,27.0,True
2015-05-09,P3,RH,train,29.0,29.0,27.0,True
2015-05-22,P3,RH,train,37.0,37.0,27.0,True
2015-06-09,P3,RH,train,35.0,35.0,27.0,True
2016-03-24,P3,RH,validation,32.0,32.0,27.0,True
2016-04-21,P3,RH,validation,35.0,35.0,27.0,True
2016-05-22,P3,RH,validation,39.0,39.0,27.0,True
2016-06-29,P3,RH,validation,33.0,33.0,27.0,True
2017-04-17,P3,RH,validation,43.0,43.0,27.0,True
2018-04-06,P3,RH,test,31.0,31.0,27.0,True
2018-05-03,P3,RH,test,39.0,39.0,27.0,True
2018-05-05,P3,RH,test,-29.0,29.0,27.0,True
2018-05-13,P3,RH,test,30.0,30.0,27.0,True
2018-05-23,P3,RH,test,38.0,38.0,27.0,True
2018-05-27,P3,RH,test,32.0,32.0,27.0,True
2019-05-29,P3,RH,test,-29.0,29.0,27.0,True
2019-06-13,P3,RH,test,41.0,41.0,27.0,True
2019-06-25,P3,RH,test,28.0,28.0,27.0,True
2019-06-30,P3,RH,test,32.0,32.0,27.0,True
2019-07-09,P3,RH,test,32.0,32.0,27.0,True
2019-10-05,P3,RH,test,29.0,29.0,27.0,True
2020-01-25,P3,RH,test,31.0,31.0,27.0,True
2020-04-13,P3,RH,test,31.0,31.0,27.0,True
2020-04-25,P3,RH,test,32.0,32.0,27.0,True
2020-06-14,P3,RH,test,47.0,47.0,27.0,True
2020-06-30,P3,RH,test,29.0,29.0,27.0,True
2020-07-13,P3,RH,test,31.0,31.0,27.0,True
2020-08-13,P3,RH,test,28.0,28.0,27.0,True
2020-08-24,P3,RH,test,29.0,29.0,27.0,True
2006-05-01,P3,T,train,-1.5999999999999979,1.5999999999999979,0.8000000000000007,True
2006-10-29,P3,T,train,1.0000000000000018,1.0000000000000018,0.8000000000000007,True
2006-11-22,P3,T,train,-1.0,1.0,0.8000000000000007,True
2007-05-18,P3,T,train,-1.2000000000000028,1.2000000000000028,0.8000000000000007,True
2007-05-23,P3,T,train,1.0,1.0,0.8000000000000007,True
2007-05-27,P3,T,train,1.6000000000000014,1.6000000000000014,0.8000000000000007,True
2007-06-29,P3,T,train,-1.1999999999999993,1.1999999999999993,0.8000000000000007,True
2007-07-01,P3,T,train,1.1999999999999993,1.1999999999999993,0.8000000000000007,True
2007-07-26,P3,T,train,-1.0,1.0,0.8000000000000007,True
2008-05-07,P3,T,train,1.0,1.0,0.8000000000000007,True
2008-07-18,P3,T,train,1.3999999999999986,1.3999999999999986,0.8000000000000007,True
2008-08-08,P3,T,train,-1.0,1.0,0.8000000000000007,True
2008-09-15,P3,T,train,1.0,1.0,0.8000000000000007,True
2009-06-10,P3,T,train,-1.3999999999999986,1.3999999999999986,0.8000000000000007,True
2009-08-15,P3,T,train,-1.0,1.0,0.8000000000000007,True
2009-09-01,P3,T,train,-1.0,1.0,0.8000000000000007,True
2010-04-24,P3,T,train,-1.2000000000000028,1.2000000000000028,0.8000000000000007,True
2010-05-05,P3,T,train,1.6000000000000014,1.6000000000000014,0.8000000000000007,True
2010-08-22,P3,T,train,-1.8000000000000007,1.8000000000000007,0.8000000000000007,True
2010-10-09,P3,T,train,-1.0,1.0,0.8000000000000007,True
2011-06-21,P3,T,train,1.0,1.0,0.8000000000000007,True
2015-06-17,P3,T,train,0.8999999999999986,0.8999999999999986,0.8000000000000007,True
2020-06-24,P3,T,test,-1.0,1.0,0.8000000000000007,True
2006-02-28,P3,Ta,train,-7.300000000000001,7.300000000000001,5.8999999999999995,True
2006-04-28,P3,Ta,train,-8.200000000000001,8.200000000000001,5.8999999999999995,True
2006-05-13,P3,Ta,train,-6.700000000000001,6.700000000000001,5.8999999999999995,True
2006-05-21,P3,Ta,train,-7.099999999999998,7.099999999999998,5.8999999999999995,True
2007-04-28,P3,Ta,train,-7.799999999999999,7.799999999999999,5.8999999999999995,True
2007-05-24,P3,Ta,train,-6.5,6.5,5.8999999999999995,True
2008-02-11,P3,Ta,train,-9.200000000000001,9.200000000000001,5.8999999999999995,True
2008-04-27,P3,Ta,train,-7.0,7.0,5.8999999999999995,True
2008-05-04,P3,Ta,train,-7.700000000000001,7.700000000000001,5.8999999999999995,True
2008-05-30,P3,Ta,train,-6.5,6.5,5.8999999999999995,True
2009-04-05,P3,Ta,train,-7.899999999999999,7.899999999999999,5.8999999999999995,True
2009-05-02,P3,Ta,train,-6.799999999999999,6.799999999999999,5.8999999999999995,True
2009-05-28,P3,Ta,train,-6.699999999999999,6.699999999999999,5.8999999999999995,True
2009-11-17,P3,Ta,train,-6.2,6.2,5.8999999999999995,True
2009-11-18,P3,Ta,train,6.6000000000000005,6.6000000000000005,5.8999999999999995,True
2009-11-20,P3,Ta,train,-8.5,8.5,5.8999999999999995,True
2010-03-09,P3,Ta,train,-6.1,6.1,5.8999999999999995,True
2010-03-25,P3,Ta,train,-7.699999999999999,7.699999999999999,5.8999999999999995,True
2010-04-24,P3,Ta,train,6.299999999999999,6.299999999999999,5.8999999999999995,True
2010-06-20,P3,Ta,train,-7.699999999999999,7.699999999999999,5.8999999999999995,True
2011-03-15,P3,Ta,train,-9.5,9.5,5.8999999999999995,True
2011-03-22,P3,Ta,train,-5.9,5.9,5.8999999999999995,True
2011-04-22,P3,Ta,train,-5.999999999999998,5.999999999999998,5.8999999999999995,True
2012-01-04,P3,Ta,train,-7.799999999999999,7.799999999999999,5.8999999999999995,True
2012-03-23,P3,Ta,train,-10.899999999999999,10.899999999999999,5.8999999999999995,True
2012-03-31,P3,Ta,train,-6.000000000000002,6.000000000000002,5.8999999999999995,True
2012-05-25,P3,Ta,train,-6.5,6.5,5.8999999999999995,True
2013-03-18,P3,Ta,train,-6.500000000000002,6.500000000000002,5.8999999999999995,True
2013-04-06,P3,Ta,train,-8.900000000000002,8.900000000000002,5.8999999999999995,True
2013-04-07,P3,Ta,train,6.0,6.0,5.8999999999999995,True
2013-12-15,P3,Ta,train,-7.8,7.8,5.8999999999999995,True
2014-01-20,P3,Ta,train,-6.1,6.1,5.8999999999999995,True
2014-02-18,P3,Ta,train,-6.500000000000001,6.500000000000001,5.8999999999999995,True
2014-05-04,P3,Ta,train,-7.799999999999999,7.799999999999999,5.8999999999999995,True
2014-09-17,P3,Ta,train,-6.099999999999998,6.099999999999998,5.8999999999999995,True
2014-12-16,P3,Ta,train,-8.4,8.4,5.8999999999999995,True
2015-04-22,P3,Ta,train,-6.199999999999999,6.199999999999999,5.8999999999999995,True
2016-01-24,P3,Ta,validation,-6.0,6.0,5.8999999999999995,True
2016-02-20,P3,Ta,validation,-6.1000000000000005,6.1000000000000005,5.8999999999999995,True
2016-02-21,P3,Ta,validation,10.599999999999998,10.599999999999998,5.8999999999999995,True
2016-05-15,P3,Ta,validation,-9.399999999999999,9.399999999999999,5.8999999999999995,True
2016-11-08,P3,Ta,validation,-6.399999999999999,6.399999999999999,5.8999999999999995,True
2016-12-27,P3,Ta,validation,-6.4,6.4,5.8999999999999995,True
2017-04-17,P3,Ta,validation,-7.0,7.0,5.8999999999999995,True
2017-04-21,P3,Ta,validation,-6.100000000000001,6.100000000000001,5.8999999999999995,True
2018-01-31,P3,Ta,test,-5.999999999999999,5.999999999999999,5.8999999999999995,True
2018-02-02,P3,Ta,test,-6.8999999999999995,6.8999999999999995,5.8999999999999995,True
2018-04-06,P3,Ta,test,-9.900000000000002,9.900000000000002,5.8999999999999995,True
2019-02-17,P3,Ta,test,-6.200000000000001,6.200000000000001,5.8999999999999995,True
2019-06-23,P3,Ta,test,-7.100000000000001,7.100000000000001,5.8999999999999995,True
2020-05-24,P3,Ta,test,6.100000000000001,6.100000000000001,5.8999999999999995,True
2020-05-25,P3,Ta,test,-7.200000000000001,7.200000000000001,5.8999999999999995,True
2020-06-30,P3,Ta,test,-6.100000000000001,6.100000000000001,5.8999999999999995,True
2020-10-16,P3,Ta,test,-7.399999999999999,7.399999999999999,5.8999999999999995,True
2020-11-02,P3,Ta,test,-8.299999999999999,8.299999999999999,5.8999999999999995,True
2006-04-02,P3,W,train,1.8519983999999998,1.8519983999999998,1.7491096000000002,True
2006-12-13,P3,W,train,-1.8519983999999996,1.8519983999999996,1.7491096000000002,True
2007-03-02,P3,W,train,2.7779976,2.7779976,1.7491096000000002,True
2007-03-20,P3,W,train,-2.0063316,2.0063316,1.7491096000000002,True
2007-04-08,P3,W,train,-2.1606648,2.1606648,1.7491096000000002,True
2007-05-12,P3,W,train,-1.8519984000000003,1.8519984000000003,1.7491096000000002,True
2007-05-23,P3,W,train,-1.8519984,1.8519984,1.7491096000000002,True
2007-11-02,P3,W,train,-2.1092204000000003,2.1092204000000003,1.7491096000000002,True
2008-01-19,P3,W,train,2.2635536,2.2635536,1.7491096000000002,True
2008-01-31,P3,W,train,2.1606647999999997,2.1606647999999997,1.7491096000000002,True
2008-02-01,P3,W,train,-2.4693311999999996,2.4693311999999996,1.7491096000000002,True
2008-02-10,P3,W,train,1.800554,1.800554,1.7491096000000002,True
2008-02-11,P3,W,train,-3.0866640000000003,3.0866640000000003,1.7491096000000002,True
2008-03-27,P3,W,train,1.8519984000000003,1.8519984000000003,1.7491096000000002,True
2008-05-10,P3,W,train,-1.8519984000000003,1.8519984000000003,1.7491096000000002,True
2009-02-21,P3,W,train,1.8519984,1.8519984,1.7491096000000002,True
2009-04-27,P3,W,train,2.1606648,2.1606648,1.7491096000000002,True
2009-05-02,P3,W,train,-1.8519984000000003,1.8519984000000003,1.7491096000000002,True
2009-05-07,P3,W,train,2.0063316,2.0063316,1.7491096000000002,True
2009-05-29,P3,W,train,-1.8519984,1.8519984,1.7491096000000002,True
2010-05-07,P3,W,train,1.8519984,1.8519984,1.7491096000000002,True
2010-05-29,P3,W,train,-2.5207756000000003,2.5207756000000003,1.7491096000000002,True
2010-06-20,P3,W,train,-2.2635536000000003,2.2635536000000003,1.7491096000000002,True
2011-03-16,P3,W,train,-2.4693312,2.4693312,1.7491096000000002,True
2011-03-21,P3,W,train,2.4178868,2.4178868,1.7491096000000002,True
2011-03-22,P3,W,train,-2.57222,2.57222,1.7491096000000002,True
2011-12-05,P3,W,train,-2.2635536,2.2635536,1.7491096000000002,True
2012-02-27,P3,W,train,-2.0063316,2.0063316,1.7491096000000002,True
2012-04-23,P3,W,train,2.5722199999999997,2.5722199999999997,1.7491096000000002,True
2013-01-17,P3,W,train,-2.314998,2.314998,1.7491096000000002,True
2013-02-13,P3,W,train,2.3149980000000006,2.3149980000000006,1.7491096000000002,True
2013-04-06,P3,W,train,-2.1606648,2.1606648,1.7491096000000002,True
2014-02-17,P3,W,train,-3.0352195999999996,3.0352195999999996,1.7491096000000002,True
2014-02-27,P3,W,train,2.1092204,2.1092204,1.7491096000000002,True
2014-05-08,P3,W,train,2.9323308,2.9323308,1.7491096000000002,True
2016-01-09,P3,W,validation,2.1606648,2.1606648,1.7491096000000002,True
2016-01-10,P3,W,validation,-2.1606648,2.1606648,1.7491096000000002,True
2016-12-27,P3,W,validation,-1.9034427999999999,1.9034427999999999,1.7491096000000002,True
2018-02-09,P3,W,test,2.0063316,2.0063316,1.7491096000000002,True
2019-01-29,P3,W,test,2.0063316,2.0063316,1.7491096000000002,True
2020-05-23,P3,W,test,-2.0063316,2.0063316,1.7491096000000002,True
