date,03254480,03254550
2000-12-01,,3.1
2000-12-02,3.1,2.7
2000-12-03,2.0,1.0
2000-12-04,1.3,0.1
2000-12-05,1.6,0.6
2000-12-06,1.5,0.1
2000-12-07,1.4,0.2
2000-12-08,1.5,0.5
2000-12-09,1.4,0.2
2000-12-10,1.6,0.5
2000-12-11,2.1,2.2
2000-12-12,0.7,2.2
2000-12-13,0.1,0.3
2000-12-14,0.3,1.2
2000-12-15,0.9,2.1
2000-12-16,5.0,5.3
2000-12-17,3.0,3.0
2000-12-18,0.5,0.1
2000-12-19,0.3,0.1
2000-12-20,0.4,0.0
2000-12-21,0.5,0.1
2000-12-22,0.5,0.0
2000-12-23,0.4,0.0
2000-12-24,0.4,0.0
2000-12-25,0.3,0.0
2000-12-26,0.4,0.0
2000-12-27,0.6,0.0
2000-12-28,0.5,0.0
2000-12-29,0.6,0.0
2000-12-30,0.6,0.0
2000-12-31,0.7,0.0
2001-01-01,0.6,0.0
2001-01-02,0.6,0.0
2001-01-03,0.5,0.0
2001-01-04,0.5,0.0
2001-01-05,0.5,0.0
2001-01-06,0.5,0.0
2001-01-07,0.5,0.1
2001-01-08,0.5,0.1
2001-01-09,0.5,0.1
2001-01-10,0.5,0.0
2001-01-11,0.5,0.0
2001-01-12,0.5,0.1
2001-01-13,0.6,0.1
2001-01-14,0.6,0.0
2001-01-15,0.5,0.0
2001-01-16,0.6,0.0
2001-01-17,0.5,0.1
2001-01-18,0.5,0.2
2001-01-19,0.4,0.1
2001-01-20,0.5,0.0
2001-01-21,0.7,0.0
2001-01-22,0.6,0.0
2001-01-23,0.6,0.0
2001-01-24,0.6,0.1
2001-01-25,0.6,0.1
2001-01-26,0.7,0.0
2001-01-27,0.6,0.1
2001-01-28,0.6,0.0
2001-01-29,0.6,0.1
2001-01-30,0.9,2.1
2001-01-31,4.0,4.0
2001-02-01,3.7,3.8
2001-02-02,1.8,1.8
2001-02-03,0.5,0.4
2001-02-04,0.9,1.4
2001-02-05,1.0,1.7
2001-02-06,1.6,2.2
2001-02-07,1.5,1.6
2001-02-08,3.4,3.7
2001-02-09,7.1,7.8
2001-02-10,5.2,5.7
2001-02-11,2.3,2.6
2001-02-12,2.7,2.8
2001-02-13,4.7,4.9
2001-02-14,6.9,
2001-02-15,8.1,
2001-02-16,6.7,6.7
2001-02-17,3.8,3.6
2001-02-18,1.5,1.4
2001-02-19,2.9,2.6
2001-02-20,4.5,4.6
2001-02-21,4.7,5.0
2001-02-22,2.5,2.5
2001-02-23,2.9,3.6
2001-02-24,4.8,5.2
2001-02-25,9.3,9.7
2001-02-26,7.2,7.6
2001-02-27,6.0,6.2
2001-02-28,5.2,5.4
2001-03-01,3.3,3.9
2001-03-02,5.1,5.8
2001-03-03,6.8,7.2
2001-03-04,6.5,6.5
2001-03-05,4.8,4.4
2001-03-06,2.8,2.7
2001-03-07,3.8,3.8
2001-03-08,4.2,4.4
2001-03-09,4.0,4.3
2001-03-10,3.3,4.2
2001-03-11,5.6,6.3
2001-03-12,5.9,6.2
2001-03-13,7.6,7.9
2001-03-14,8.2,8.4
2001-03-15,7.9,8.1
2001-03-16,8.5,8.8
2001-03-17,6.9,7.0
2001-03-18,6.0,6.7
2001-03-19,6.3,6.7
2001-03-20,6.9,7.2
2001-03-21,7.4,
2001-03-22,8.0,9.0
2001-03-23,8.7,9.6
2001-03-24,9.1,10.0
2001-03-25,6.5,7.3
2001-03-26,4.5,5.0
2001-03-27,4.0,5.4
2001-03-28,5.0,6.4
2001-03-29,7.2,8.4
2001-03-30,7.8,9.2
2001-03-31,9.7,10.9
2001-04-01,10.3,10.8
2001-04-02,9.0,9.7
2001-04-03,11.2,12.4
2001-04-04,12.2,12.4
2001-04-05,12.8,13.1
2001-04-06,16.1,16.5
2001-04-07,17.8,18.4
2001-04-08,20.0,20.0
2001-04-09,20.5,20.4
2001-04-10,20.9,20.2
2001-04-11,21.3,20.8
2001-04-12,21.8,21.3
2001-04-13,20.3,19.7
2001-04-14,18.2,17.8
2001-04-15,17.2,16.9
2001-04-16,14.4,14.6
2001-04-17,11.5,10.8
2001-04-18,10.0,10.4
2001-04-19,11.5,12.1
2001-04-20,12.7,13.0
2001-04-21,14.8,16.2
2001-04-22,19.1,19.6
2001-04-23,20.2,20.5
2001-04-24,18.8,18.9
2001-04-25,15.5,16.1
2001-04-26,15.0,15.9
2001-04-27,16.2,17.4
2001-04-28,17.0,18.3
2001-04-29,15.9,17.4
2001-04-30,16.9,18.2
2001-05-01,18.9,20.3
2001-05-02,19.9,21.3
2001-05-03,20.4,22.1
2001-05-04,21.2,23.1
2001-05-05,20.8,23.3
2001-05-06,21.0,23.4
2001-05-07,21.2,22.8
2001-05-08,20.6,21.1
2001-05-09,19.2,20.3
2001-05-10,19.4,21.2
2001-05-11,20.6,22.4
2001-05-12,20.2,21.5
2001-05-13,17.6,18.7
2001-05-14,16.8,18.7
2001-05-15,18.6,20.6
2001-05-16,19.6,21.5
2001-05-17,,21.2
2001-05-18,,20.6
2001-05-19,,19.2
2001-05-20,,20.0
2001-05-21,,20.5
2001-05-22,18.8,19.7
2001-05-23,16.1,16.5
2001-05-24,15.4,15.9
2001-05-25,15.3,16.3
2001-05-26,15.3,16.8
2001-05-27,14.8,16.0
2001-05-28,15.5,16.9
2001-05-29,16.8,18.7
2001-05-30,17.6,19.6
2001-05-31,15.7,16.8
2001-06-01,15.6,16.4
2001-06-02,14.8,15.3
2001-06-03,15.5,16.0
2001-06-04,15.7,15.7
2001-06-05,15.8,16.9
2001-06-06,16.9,18.3
2001-06-07,16.7,18.0
2001-06-08,17.8,19.3
2001-06-09,18.2,19.4
2001-06-10,18.8,20.4
2001-06-11,20.0,21.9
2001-06-12,22.3,24.3
2001-06-13,23.0,24.4
2001-06-14,23.5,25.5
2001-06-15,24.1,25.5
2001-06-16,23.7,24.3
2001-06-17,22.2,24.3
2001-06-18,22.0,24.0
2001-06-19,22.6,25.0
2001-06-20,22.8,24.7
2001-06-21,21.9,23.0
2001-06-22,21.0,21.8
2001-06-23,19.3,20.7
2001-06-24,19.3,22.1
2001-06-25,20.1,23.9
2001-06-26,20.8,24.5
2001-06-27,21.9,25.4
2001-06-28,22.4,26.1
2001-06-29,22.3,26.4
2001-06-30,23.5,26.6
2001-07-01,23.9,26.6
2001-07-02,21.7,24.5
2001-07-03,20.7,23.3
2001-07-04,20.9,22.9
2001-07-05,21.9,24.5
2001-07-06,20.8,23.9
2001-07-07,20.3,
2001-07-08,21.4,
2001-07-09,20.9,
2001-07-10,22.9,
2001-07-11,23.0,
2001-07-12,20.8,23.9
2001-07-13,20.4,23.7
2001-07-14,20.4,24.2
2001-07-15,20.4,24.3
2001-07-16,20.9,24.7
2001-07-17,22.4,25.9
2001-07-18,21.5,22.8
2001-07-19,22.6,24.2
2001-07-20,23.5,25.8
2001-07-21,22.8,26.4
2001-07-22,23.4,26.2
2001-07-23,23.2,26.8
2001-07-24,24.7,27.4
2001-07-25,25.6,28.3
2001-07-26,22.8,25.1
2001-07-27,22.0,24.7
2001-07-28,21.4,
2001-07-29,21.7,24.3
2001-07-30,22.1,25.5
2001-07-31,23.3,26.8
2001-08-01,24.3,27.7
2001-08-02,24.9,28.1
2001-08-03,24.9,26.9
2001-08-04,24.5,26.9
2001-08-05,23.8,26.7
2001-08-06,24.7,27.6
2001-08-07,25.9,28.8
2001-08-08,26.2,29.4
2001-08-09,26.0,28.8
2001-08-10,25.8,27.9
2001-08-11,25.6,
2001-08-12,25.7,
2001-08-13,24.4,
2001-08-14,23.6,25.1
2001-08-15,22.6,24.2
2001-08-16,22.5,24.1
2001-08-17,22.4,24.2
2001-08-18,21.7,23.7
2001-08-19,21.2,21.3
2001-08-20,20.5,21.1
2001-08-21,20.3,21.4
2001-08-22,20.6,21.9
2001-08-23,21.8,23.1
2001-08-24,22.3,24.2
2001-08-25,22.7,24.7
2001-08-26,22.6,23.6
2001-08-27,22.7,23.3
2001-08-28,22.5,23.6
2001-08-29,23.1,24.4
2001-08-30,23.6,24.9
2001-08-31,22.9,
2001-09-01,21.1,
2001-09-02,20.3,21.7
2001-09-03,19.9,21.5
2001-09-04,20.7,22.9
2001-09-05,21.2,23.3
2001-09-06,20.1,
2001-09-07,21.1,
2001-09-08,22.1,
2001-09-09,21.7,
2001-09-10,20.4,22.6
2001-09-11,18.3,21.0
2001-09-12,17.9,20.8
2001-09-13,18.1,21.4
2001-09-14,17.5,20.3
2001-09-15,15.8,18.7
2001-09-16,14.9,18.5
2001-09-17,15.1,18.8
2001-09-18,16.0,19.2
2001-09-19,16.8,19.0
2001-09-20,16.7,19.2
2001-09-21,16.5,19.1
2001-09-22,16.7,19.6
2001-09-23,16.6,19.6
2001-09-24,16.4,18.6
2001-09-25,13.7,14.8
2001-09-26,12.4,14.1
2001-09-27,12.5,14.9
2001-09-28,11.9,14.7
2001-09-29,11.7,15.1
2001-09-30,12.0,15.5
2001-10-01,12.3,15.2
2001-10-02,13.5,16.9
2001-10-03,14.4,
2001-10-04,14.6,
2001-10-05,15.1,17.7
2001-10-06,13.6,15.0
2001-10-07,10.8,12.0
2001-10-08,10.0,11.7
2001-10-09,10.5,12.3
2001-10-10,11.4,13.4
2001-10-11,13.4,15.3
2001-10-12,15.3,16.8
2001-10-13,17.1,17.9
2001-10-14,16.8,17.3
2001-10-15,13.4,14.3
2001-10-16,11.8,12.2
2001-10-17,10.1,10.5
2001-10-18,9.3,9.7
2001-10-19,10.2,10.9
2001-10-20,12.1,12.8
2001-10-21,12.9,13.7
2001-10-22,13.6,14.6
2001-10-23,15.1,15.9
2001-10-24,15.8,16.2
2001-10-25,13.5,13.7
2001-10-26,10.3,9.9
2001-10-27,7.8,8.0
2001-10-28,7.4,8.2
2001-10-29,7.3,8.1
2001-10-30,9.0,10.0
2001-10-31,9.8,10.8
2001-11-01,10.6,11.4
2001-11-02,12.5,13.1
2001-11-03,11.9,12.2
2001-11-04,10.2,10.6
2001-11-05,9.0,9.6
2001-11-06,7.2,7.8
2001-11-07,6.6,7.3
2001-11-08,7.1,8.1
2001-11-09,7.9,8.6
2001-11-10,6.9,7.5
2001-11-11,6.8,7.6
2001-11-12,5.5,6.1
2001-11-13,5.0,5.8
2001-11-14,5.8,6.8
2001-11-15,6.5,7.5
2001-11-16,7.4,8.6
2001-11-17,8.6,9.7
2001-11-18,9.1,10.1
2001-11-19,9.4,9.9
2001-11-20,7.3,7.3
2001-11-21,5.4,5.6
2001-11-22,4.5,4.9
2001-11-23,5.0,5.6
2001-11-24,8.2,9.3
2001-11-25,10.0,10.6
2001-11-26,7.8,8.1
2001-11-27,10.6,10.6
2001-11-28,9.6,9.4
2001-11-29,10.8,10.7
2001-11-30,10.9,11.0
2001-12-01,9.1,9.1
2001-12-02,7.4,7.8
2001-12-03,6.5,7.1
2001-12-04,8.1,8.8
2001-12-05,8.9,9.7
2001-12-06,9.3,9.8
2001-12-07,9.7,10.0
2001-12-08,8.9,9.1
2001-12-09,7.7,
2001-12-10,4.9,
2001-12-11,4.8,
2001-12-12,5.4,5.7
2001-12-13,9.5,9.3
2001-12-14,10.5,10.5
2001-12-15,8.9,9.1
2001-12-16,8.3,8.4
2001-12-17,10.1,10.0
2001-12-18,9.2,9.1
2001-12-19,6.5,6.7
2001-12-20,4.8,4.9
2001-12-21,3.1,3.5
2001-12-22,3.0,3.5
2001-12-23,6.1,6.0
2001-12-24,3.6,3.6
2001-12-25,1.5,1.5
2001-12-26,0.1,0.2
2001-12-27,0.1,0.2
2001-12-28,0.5,0.7
2001-12-29,0.7,0.7
2001-12-30,0.0,0.0
2001-12-31,0.0,0.0
2002-01-01,0.0,0.0
2002-01-02,0.0,0.0
2002-01-03,0.1,0.0
2002-01-04,0.1,0.0
2002-01-05,0.1,0.0
2002-01-06,0.0,0.0
2002-01-07,0.0,0.0
2002-01-08,0.0,0.0
2002-01-09,0.0,0.1
2002-01-10,0.1,0.1
2002-01-11,0.2,0.2
2002-01-12,0.1,0.3
2002-01-13,0.1,0.5
2002-01-14,0.2,1.1
2002-01-15,0.4,1.7
2002-01-16,0.2,0.7
2002-01-17,0.7,1.8
2002-01-18,0.4,1.0
2002-01-19,0.1,0.6
2002-01-20,-0.1,0.2
2002-01-21,0.2,0.9
2002-01-22,0.3,0.8
2002-01-23,2.1,3.2
2002-01-24,6.3,6.6
2002-01-25,3.8,4.0
2002-01-26,2.6,3.0
2002-01-27,3.3,3.4
2002-01-28,4.8,5.4
2002-01-29,9.0,9.1
2002-01-30,9.9,9.9
2002-01-31,9.6,9.7
2002-02-01,8.7,9.0
2002-02-02,4.6,4.8
2002-02-03,4.5,4.6
2002-02-04,3.5,3.4
2002-02-05,1.2,1.3
2002-02-06,1.5,1.3
2002-02-07,3.2,3.4
2002-02-08,3.1,3.6
2002-02-09,3.2,4.1
2002-02-10,4.4,5.2
2002-02-11,4.6,5.0
2002-02-12,3.8,4.2
2002-02-13,3.7,4.3
2002-02-14,1.9,2.5
2002-02-15,2.9,3.8
2002-02-16,3.5,4.3
2002-02-17,3.5,4.4
2002-02-18,2.5,3.1
2002-02-19,2.8,3.6
2002-02-20,5.8,6.6
2002-02-21,6.1,6.0
2002-02-22,4.3,4.3
2002-02-23,2.6,3.2
2002-02-24,3.1,3.8
2002-02-25,5.3,6.2
2002-02-26,6.0,6.4
2002-02-27,1.4,1.1
2002-02-28,0.8,0.8
2002-03-01,1.5,1.8
2002-03-02,2.9,3.6
2002-03-03,3.1,3.5
2002-03-04,0.6,0.4
2002-03-05,1.4,1.6
2002-03-06,4.1,4.9
2002-03-07,7.3,7.9
2002-03-08,9.7,10.3
2002-03-09,10.1,10.2
2002-03-10,5.6,5.8
2002-03-11,4.3,4.6
2002-03-12,6.3,6.6
2002-03-13,8.8,9.1
2002-03-14,9.6,10.0
2002-03-15,11.1,11.3
2002-03-16,8.5,8.9
2002-03-17,6.9,6.9
2002-03-18,8.5,8.7
2002-03-19,8.7,8.7
2002-03-20,8.7,8.6
2002-03-21,7.3,7.2
2002-03-22,4.4,4.7
2002-03-23,5.0,5.4
2002-03-24,6.6,6.7
2002-03-25,7.3,6.9
2002-03-26,5.9,5.6
2002-03-27,6.2,6.2
2002-03-28,6.4,6.8
2002-03-29,8.8,8.9
2002-03-30,9.9,10.3
2002-03-31,8.8,9.4
2002-04-01,9.3,10.3
2002-04-02,11.9,12.5
2002-04-03,10.9,10.7
2002-04-04,7.8,8.1
2002-04-05,8.0,8.8
2002-04-06,,9.3
2002-04-07,8.5,9.4
2002-04-08,11.9,12.8
2002-04-09,14.0,14.5
2002-04-10,13.7,14.0
2002-04-11,14.6,14.8
2002-04-12,17.4,18.1
2002-04-13,18.0,18.0
2002-04-14,16.6,16.7
2002-04-15,18.5,18.9
2002-04-16,20.9,21.0
2002-04-17,21.4,20.7
2002-04-18,21.4,20.7
2002-04-19,22.6,21.7
2002-04-20,21.4,20.0
2002-04-21,16.1,15.0
2002-04-22,13.8,13.4
2002-04-23,12.4,13.2
2002-04-24,13.6,14.1
2002-04-25,13.7,14.8
2002-04-26,13.4,14.3
2002-04-27,12.4,13.1
2002-04-29,12.3,13.6
2002-04-30,12.9,13.7
2002-05-01,15.2,15.5
2002-05-02,15.9,16.0
2002-05-03,13.4,14.2
2002-05-04,14.1,14.8
2002-05-05,15.6,16.2
2002-05-06,14.6,15.2
2002-05-07,15.4,16.4
2002-05-08,15.6,17.0
2002-05-09,16.3,17.4
2002-05-10,14.9,16.3
2002-05-11,14.7,15.7
2002-05-12,17.0,17.5
2002-05-13,14.8,15.6
2002-05-14,13.8,14.3
2002-05-15,,15.2
2002-05-18,,13.2
2002-05-19,,12.7
2002-05-20,12.1,12.9
2002-05-21,,12.5
2002-05-22,11.1,12.8
2002-05-23,13.4,15.0
2002-05-24,16.1,17.5
2002-05-25,18.5,19.9
2002-05-26,19.1,20.5
2002-05-27,19.0,20.7
2002-05-28,19.5,20.7
2002-05-29,18.1,20.0
2002-05-30,18.3,
2002-06-01,,24.4
2002-06-02,22.8,24.7
2002-06-03,22.3,24.5
2002-06-04,23.4,25.8
2002-06-05,23.5,25.9
2002-06-06,19.4,
2002-06-07,17.7,
2002-06-08,18.2,
2002-06-09,20.9,
2002-06-10,22.2,
2002-06-11,22.6,
2002-06-12,23.3,24.7
2002-06-13,23.1,
2002-06-14,21.7,
2002-06-15,20.3,22.1
2002-06-16,20.1,22.1
2002-06-17,19.2,21.8
2002-06-18,20.1,23.1
2002-06-19,21.0,24.3
2002-06-20,22.5,26.1
2002-06-21,23.6,26.9
2002-06-22,23.7,27.2
2002-06-23,23.6,27.0
2002-06-24,23.7,27.1
2002-06-25,23.8,26.9
2002-06-26,23.9,26.6
2002-06-27,24.6,27.1
2002-06-28,24.3,25.9
2002-06-29,24.1,26.8
2002-06-30,24.4,27.2
2002-07-01,25.2,28.4
2002-07-02,25.9,29.3
2002-07-03,25.9,29.6
2002-07-04,26.1,29.6
2002-07-05,26.6,29.9
2002-07-06,25.1,28.6
2002-07-07,24.3,28.0
2002-07-08,24.6,27.9
2002-07-09,24.9,27.8
2002-07-10,24.9,25.8
2002-07-11,23.6,24.8
2002-07-12,22.6,24.8
2002-07-13,22.5,24.1
2002-07-14,22.5,25.1
2002-07-15,23.7,25.9
2002-07-16,24.2,26.2
2002-07-17,23.9,26.0
2002-07-18,24.5,26.6
2002-07-19,25.0,27.2
2002-07-20,25.6,27.4
2002-07-21,26.2,26.6
2002-07-22,26.8,28.3
2002-07-23,26.2,27.5
2002-07-24,25.4,27.0
2002-07-25,24.8,26.4
2002-07-26,24.9,26.1
2002-07-27,25.7,26.8
2002-07-28,26.4,27.7
2002-07-29,26.7,28.2
2002-07-30,26.0,27.8
2002-07-31,25.8,28.1
2002-08-01,26.6,28.9
2002-08-02,27.2,29.1
2002-08-03,27.6,29.4
2002-08-04,27.5,
2002-08-05,27.4,28.2
2002-08-06,26.6,27.9
2002-08-07,23.4,25.5
2002-08-08,22.4,24.9
2002-08-09,,24.8
2002-08-10,22.5,24.9
2002-08-11,22.9,25.4
2002-08-12,24.2,26.4
2002-08-13,24.2,26.4
2002-08-14,24.9,26.4
2002-08-15,24.9,26.5
2002-08-16,25.1,26.5
2002-08-17,24.7,26.0
2002-08-18,24.5,25.8
2002-08-19,23.6,25.2
2002-08-20,23.4,25.0
2002-08-21,23.7,25.7
2002-08-22,25.2,26.5
2002-08-23,25.8,27.1
2002-08-24,25.6,27.2
2002-08-25,24.6,26.7
2002-08-26,23.8,25.9
2002-08-27,22.8,25.1
2002-08-28,22.1,24.3
2002-08-29,22.4,24.5
2002-08-30,22.7,24.9
2002-08-31,22.7,25.2
2002-09-01,23.3,25.4
2002-09-02,23.6,25.3
2002-09-03,24.3,25.9
2002-09-04,24.6,26.7
2002-09-05,,25.3
2002-09-06,21.6,24.6
2002-09-07,22.0,24.8
2002-09-08,,25.6
2002-09-09,22.8,25.6
2002-09-10,22.9,25.7
2002-09-11,22.9,24.8
2002-09-12,19.8,22.9
2002-09-13,18.7,21.6
2002-09-14,21.0,22.4
2002-09-15,21.0,22.3
2002-09-16,21.0,21.8
2002-09-17,20.2,21.8
2002-09-18,21.1,23.0
2002-09-19,21.9,24.0
2002-09-20,22.3,24.2
2002-09-21,21.1,22.6
2002-09-22,20.1,21.4
2002-09-23,17.8,19.2
2002-09-24,,18.8
2002-09-25,16.3,18.3
2002-09-26,,18.1
2002-09-27,,17.6
2002-09-28,,18.3
2002-09-29,17.0,18.4
2002-09-30,17.4,19.2
2002-10-01,19.1,21.0
2002-10-02,20.0,21.7
2002-10-03,20.3,22.3
2002-10-04,20.7,22.1
2002-10-05,18.9,19.8
2002-10-06,16.4,17.7
2002-10-07,16.1,17.6
2002-10-08,13.5,14.9
2002-10-09,13.4,14.7
2002-10-10,14.1,15.4
2002-10-11,15.3,16.1
2002-10-12,16.7,17.3
2002-10-13,16.3,17.1
2002-10-14,12.7,13.4
2002-10-15,10.8,11.7
2002-10-16,10.6,11.4
2002-10-17,9.7,10.7
2002-10-18,9.7,11.0
2002-10-19,10.9,12.3
2002-10-20,11.1,12.0
2002-10-21,10.4,11.6
2002-10-22,9.6,11.0
2002-10-23,9.4,11.1
2002-10-24,9.4,11.1
2002-10-25,10.0,10.8
2002-10-26,11.9,12.0
2002-10-27,12.0,12.1
2002-10-28,11.6,11.7
2002-10-29,10.7,10.0
2002-10-30,9.2,9.1
2002-10-31,8.9,9.1
2002-11-01,8.3,8.8
2002-11-02,6.1,6.6
2002-11-03,5.7,6.4
2002-11-04,6.4,7.2
2002-11-05,7.6,7.9
2002-11-06,9.0,8.7
2002-11-07,8.0,8.3
2002-11-08,8.0,8.4
2002-11-09,9.8,10.0
2002-11-10,12.5,13.1
2002-11-11,12.5,12.8
2002-11-12,9.8,10.1
2002-11-13,8.4,9.0
2002-11-14,8.1,8.6
2002-11-15,8.0,8.5
2002-11-16,7.1,7.2
2002-11-17,5.8,6.0
2002-11-18,4.3,4.6
2002-11-19,6.0,6.4
2002-11-20,5.4,5.8
2002-11-21,6.5,6.8
2002-11-22,5.7,5.9
2002-11-23,4.4,4.8
2002-11-24,3.8,4.4
2002-11-25,3.9,4.2
2002-11-26,2.8,3.0
2002-11-27,2.2,2.5
2002-11-28,1.2,1.1
2002-11-29,1.4,1.5
2002-11-30,2.7,2.7
2002-12-01,1.0,0.6
2002-12-02,1.0,0.6
2002-12-03,1.3,0.4
2002-12-04,0.5,-0.3
2002-12-05,0.4,-0.1
2002-12-06,0.4,0.2
2002-12-07,0.4,0.2
2002-12-08,0.6,0.3
2002-12-09,0.4,0.1
2002-12-10,0.4,0.1
2002-12-11,1.0,0.3
2002-12-12,3.8,2.9
2002-12-13,4.5,3.9
2002-12-14,5.3,4.5
2002-12-15,4.4,4.1
2002-12-16,4.6,4.5
2002-12-17,4.2,3.9
2002-12-18,6.8,6.2
2002-12-19,7.9,7.7
2002-12-20,7.0,6.6
2002-12-21,5.4,5.0
2002-12-22,5.5,5.1
2002-12-23,3.5,3.4
2002-12-24,3.5,3.2
2002-12-25,2.7,2.3
2002-12-26,1.7,1.6
2002-12-27,1.4,1.3
2002-12-28,1.6,1.6
2002-12-29,2.3,2.3
2002-12-30,3.8,3.8
2002-12-31,7.2,7.0
2003-01-01,6.5,6.1
2003-01-02,5.3,4.9
2003-01-03,4.0,3.6
2003-01-04,3.0,2.8
2003-01-05,3.1,3.0
2003-01-06,3.7,3.5
2003-01-07,2.4,2.3
2003-01-08,3.5,3.2
2003-01-09,4.4,4.2
2003-01-10,3.3,3.3
2003-01-11,0.4,0.5
2003-01-12,-0.1,0.1
2003-01-13,-0.0,0.1
2003-01-14,-0.1,0.1
2003-01-15,-0.1,0.1
2003-01-16,-0.1,0.1
2003-01-17,-0.1,0.1
2003-01-18,-0.1,0.0
2003-01-19,-0.1,0.0
2003-01-20,-0.1,0.0
2003-01-21,-0.1,0.0
2003-01-22,-0.1,0.0
2003-01-23,-0.1,0.0
2003-01-24,-0.1,0.0
2003-01-25,-0.1,0.0
2003-01-26,-0.1,0.0
2003-01-27,-0.1,0.0
2003-01-28,-0.1,0.0
2003-01-29,-0.1,0.0
2003-01-30,-0.1,0.1
2003-01-31,-0.1,-0.1
2003-02-01,-0.1,-0.1
2003-02-02,0.1,0.1
2003-02-03,0.4,0.3
2003-02-04,2.7,2.7
2003-02-05,0.4,0.6
2003-02-06,0.0,0.3
2003-02-07,0.4,0.7
2003-02-08,-0.1,0.0
2003-02-09,0.1,0.3
2003-02-10,0.0,0.4
2003-02-11,-0.2,-0.0
2003-02-12,-0.1,0.1
2003-02-13,-0.1,0.0
2003-02-14,-0.1,-0.1
2003-02-15,1.5,0.5
2003-02-16,0.2,0.0
2003-02-17,0.0,-0.0
2003-02-18,0.5,0.2
2003-02-19,1.1,0.6
2003-02-20,2.1,1.7
2003-02-21,3.1,2.4
2003-02-22,3.0,2.4
2003-02-23,2.7,2.2
2003-02-24,1.9,1.9
2003-02-25,0.9,0.8
2003-02-26,0.4,0.5
2003-02-27,1.5,1.3
2003-02-28,3.0,2.6
2003-03-01,4.0,3.8
2003-03-02,4.1,3.7
2003-03-03,2.2,1.9
2003-03-04,3.2,3.1
2003-03-05,5.7,5.3
2003-03-06,3.6,3.4
2003-03-07,2.9,2.9
2003-03-08,4.7,4.9
2003-03-09,6.4,6.1
2003-03-10,3.1,3.4
2003-03-11,3.7,4.0
2003-03-12,4.8,5.0
2003-03-13,5.3,5.4
2003-03-14,5.3,5.6
2003-03-15,7.0,7.2
2003-03-16,9.2,9.9
2003-03-17,10.8,11.6
2003-03-18,12.3,12.9
2003-03-19,12.9,13.5
2003-03-20,11.2,12.2
2003-03-21,10.5,11.8
2003-03-22,9.2,10.2
2003-03-23,10.0,11.5
2003-03-24,10.9,12.4
2003-03-25,12.6,13.7
2003-03-26,13.0,13.8
2003-03-27,11.6,12.6
2003-03-28,13.8,14.8
2003-03-29,10.1,10.8
2003-03-30,,8.1
2003-04-01,10.3,10.9
2003-04-02,14.2,14.5
2003-04-03,16.0,16.5
2003-04-04,16.7,17.2
2003-04-05,12.8,14.1
2003-04-06,8.1,9.5
2003-04-07,8.7,9.5
2003-04-08,9.6,10.0
2003-04-09,7.8,8.2
2003-04-10,7.9,8.8
2003-04-11,10.0,10.8
2003-04-12,11.9,12.8
2003-04-13,12.5,13.7
2003-04-14,13.3,14.6
2003-04-15,15.6,16.9
2003-04-16,17.3,18.3
2003-04-17,16.2,17.0
2003-04-18,14.3,15.7
2003-04-19,15.2,16.9
2003-04-20,17.0,18.1
2003-04-21,13.5,15.9
2003-04-22,11.6,13.4
2003-04-23,10.7,12.4
2003-04-24,11.0,12.1
2003-04-25,11.8,12.4
2003-04-26,13.5,14.4
2003-04-27,14.1,15.2
2003-04-28,15.1,16.3
2003-04-29,18.0,18.9
2003-04-30,18.1,19.0
2003-05-01,19.1,20.2
2003-05-02,18.9,19.4
2003-05-03,16.9,16.8
2003-05-04,14.2,14.9
2003-05-05,13.9,14.7
2003-05-06,15.7,17.0
2003-05-07,16.4,17.6
2003-05-08,17.3,18.5
2003-05-09,18.8,19.5
2003-05-10,16.8,17.7
2003-05-11,16.3,17.2
2003-05-12,14.6,15.5
2003-05-13,14.7,15.7
2003-05-14,15.2,16.1
2003-05-15,16.2,17.4
2003-05-16,16.6,18.0
2003-05-17,16.3,17.7
2003-05-18,15.7,17.6
2003-05-19,17.2,19.0
2003-05-20,17.3,19.2
2003-05-21,15.2,17.0
2003-05-22,15.4,19.8
2003-05-23,15.3,17.6
2003-05-24,14.8,17.1
2003-05-25,14.6,16.4
2003-05-26,14.3,16.3
2003-05-27,16.1,17.5
2003-05-28,16.1,17.7
2003-05-29,16.3,18.1
2003-05-30,16.1,17.6
2003-05-31,16.2,17.3
2003-06-01,15.3,17.0
2003-06-02,15.1,17.1
2003-06-03,14.8,15.9
2003-06-04,14.8,15.8
2003-06-05,15.7,17.3
2003-06-06,16.9,19.0
2003-06-07,18.3,20.4
2003-06-08,17.9,19.9
2003-06-09,16.3,19.5
2003-06-10,17.7,20.5
2003-06-11,19.1,21.7
2003-06-12,19.5,21.2
2003-06-13,20.0,22.0
2003-06-14,20.7,22.6
2003-06-15,20.3,21.6
2003-06-16,20.8,22.2
2003-06-17,21.9,23.3
2003-06-18,22.0,23.2
2003-06-19,21.2,22.2
2003-06-20,19.0,21.1
2003-06-21,18.5,21.3
2003-06-22,19.4,22.4
2003-06-23,20.4,23.4
2003-06-24,21.3,24.4
2003-06-25,22.2,25.4
2003-06-26,23.3,26.0
2003-06-27,22.8,25.0
2003-06-28,21.6,24.5
2003-06-29,22.0,25.2
2003-06-30,22.5,26.0
2003-07-01,23.1,26.4
2003-07-02,23.4,27.0
2003-07-03,23.8,27.1
2003-07-04,24.4,27.7
2003-07-05,24.6,27.3
2003-07-06,24.6,27.7
2003-07-07,24.8,27.7
2003-07-08,25.2,28.2
2003-07-09,24.9,27.0
2003-07-10,23.3,23.8
2003-07-11,21.7,23.4
2003-07-12,21.7,24.0
2003-07-13,21.8,24.2
2003-07-14,22.6,25.1
2003-07-15,22.5,24.2
2003-07-16,22.2,24.4
2003-07-17,22.3,24.8
2003-07-18,22.7,25.6
2003-07-19,22.4,23.7
2003-07-20,22.0,23.3
2003-07-21,22.6,23.8
2003-07-22,22.8,23.6
2003-07-23,22.0,22.0
2003-07-24,21.5,22.2
2003-07-25,21.9,23.4
2003-07-26,22.4,24.6
2003-07-27,23.6,25.8
2003-07-28,23.3,25.3
2003-07-29,22.2,24.4
2003-07-30,21.9,24.3
2003-07-31,21.3,24.5
2003-08-01,22.0,25.6
2003-08-02,21.7,23.0
2003-08-03,21.4,22.7
2003-08-04,20.3,20.9
2003-08-05,19.8,21.1
2003-08-06,20.5,21.7
2003-08-07,20.9,21.5
2003-08-08,21.1,21.0
2003-08-09,20.7,21.1
2003-08-10,21.0,22.1
2003-08-11,20.6,21.7
2003-08-12,20.5,21.7
2003-08-13,21.5,23.3
2003-08-14,23.0,25.2
2003-08-15,23.0,24.4
2003-08-16,22.8,24.7
2003-08-17,23.4,24.9
2003-08-18,22.3,23.9
2003-08-19,21.6,23.7
2003-08-20,22.1,24.4
2003-08-21,23.7,26.3
2003-08-22,23.7,25.5
2003-08-23,22.7,24.8
2003-08-24,22.1,24.3
2003-08-25,22.2,24.9
2003-08-26,23.2,26.2
2003-08-27,23.9,26.4
2003-08-28,23.5,26.5
2003-08-29,24.5,26.9
2003-08-30,22.4,25.5
2003-08-31,21.5,22.7
2003-09-01,21.9,22.8
2003-09-02,21.1,21.4
2003-09-03,21.0,21.8
2003-09-04,20.7,21.6
2003-09-05,19.0,20.1
2003-09-06,17.8,19.8
2003-09-07,17.6,19.5
2003-09-08,18.4,20.4
2003-09-09,19.3,21.4
2003-09-10,19.9,22.4
2003-09-11,20.0,22.4
2003-09-12,19.1,21.5
2003-09-13,19.6,22.1
2003-09-14,19.6,21.6
2003-09-15,19.9,21.9
2003-09-16,18.3,20.5
2003-09-17,17.7,20.5
2003-09-18,17.6,20.4
2003-09-19,17.7,19.7
2003-09-20,16.5,18.7
2003-09-21,15.8,18.9
2003-09-22,17.6,18.9
2003-09-23,17.1,17.9
2003-09-24,16.0,16.9
2003-09-25,16.7,18.2
2003-09-26,15.2,16.4
2003-09-27,16.8,17.5
2003-09-28,15.1,15.9
2003-09-29,13.0,14.1
2003-09-30,11.8,13.2
2003-10-01,12.0,13.2
2003-10-02,10.7,11.8
2003-10-03,9.2,10.7
2003-10-04,11.0,12.8
2003-10-05,11.6,13.2
2003-10-06,13.0,14.6
2003-10-07,12.8,14.3
2003-10-08,13.2,15.1
2003-10-09,13.8,15.7
2003-10-10,15.6,17.4
2003-10-11,16.4,18.1
2003-10-12,16.6,18.2
2003-10-13,14.8,15.9
2003-10-14,14.1,14.8
2003-10-15,12.9,13.5
2003-10-16,12.1,13.1
2003-10-17,12.7,13.5
2003-10-18,11.2,12.1
2003-10-19,11.6,12.7
2003-10-20,12.4,13.5
2003-10-21,14.1,14.7
2003-10-22,13.1,13.4
2003-10-23,11.3,12.1
2003-10-24,10.0,10.7
2003-10-25,10.5,11.6
2003-10-26,12.0,12.7
2003-10-27,10.6,10.8
2003-10-28,9.0,9.4
2003-10-29,9.7,10.2
2003-10-30,10.5,11.1
2003-10-31,12.6,13.4
2003-11-01,14.4,15.4
2003-11-02,15.2,15.9
2003-11-03,14.7,15.5
2003-11-04,14.3,15.0
2003-11-05,15.1,15.7
2003-11-06,13.5,13.4
2003-11-07,10.6,10.3
2003-11-08,7.6,7.6
2003-11-09,6.0,6.1
2003-11-10,7.3,6.5
2003-11-11,10.5,9.4
2003-11-12,13.2,13.4
2003-11-13,9.0,9.2
2003-11-14,6.0,6.2
2003-11-15,7.0,6.9
2003-11-16,8.2,8.4
2003-11-17,8.4,8.5
2003-11-18,10.3,10.6
2003-11-19,12.1,12.2
2003-11-20,9.2,9.6
2003-11-21,9.1,9.3
2003-11-22,9.4,9.8
2003-11-23,10.9,11.5
2003-11-24,9.6,9.5
2003-11-25,4.7,5.0
2003-11-26,4.9,5.4
2003-11-27,7.8,7.8
2003-11-28,8.7,8.3
2003-11-29,5.5,5.3
2003-11-30,5.1,5.0
2003-12-01,5.2,5.0
2003-12-02,2.9,3.2
2003-12-03,2.8,3.1
2003-12-04,3.3,3.5
2003-12-05,4.9,5.0
2003-12-06,4.9,5.0
2003-12-07,4.0,4.3
2003-12-08,3.1,3.6
2003-12-09,5.1,5.7
2003-12-10,7.4,7.4
2003-12-11,6.0,5.9
2003-12-12,2.9,2.9
2003-12-13,1.0,1.2
2003-12-14,1.2,1.2
2003-12-15,1.9,1.9
2003-12-16,2.8,2.9
2003-12-17,3.6,3.5
2003-12-18,1.7,1.7
2003-12-19,,1.6
2003-12-20,,0.4
2003-12-21,,0.0
2003-12-22,2.8,1.8
2003-12-23,5.0,5.0
2003-12-24,4.6,4.4
2003-12-25,2.7,2.6
2003-12-26,0.9,1.1
2003-12-27,0.8,1.0
2003-12-28,1.5,1.8
2003-12-29,3.7,4.1
2003-12-30,5.0,4.8
2003-12-31,3.0,3.2
2004-01-01,3.0,3.1
2004-01-02,7.4,7.2
2004-01-03,10.4,10.5
2004-01-04,8.6,8.4
2004-01-05,7.1,6.8
2004-01-06,3.1,2.7
2004-01-07,0.1,-0.1
2004-01-08,0.3,0.2
2004-01-09,1.2,0.8
2004-01-10,0.1,-0.1
2004-01-11,0.1,0.1
2004-01-12,0.5,0.7
2004-01-13,1.1,1.1
2004-01-14,0.7,0.8
2004-01-15,0.8,0.9
2004-01-16,0.4,0.4
2004-01-17,0.6,0.6
2004-01-18,2.8,2.3
2004-01-19,1.0,0.6
2004-01-20,0.0,-0.1
2004-01-21,0.2,-0.0
2004-01-22,0.2,0.1
2004-01-23,0.0,
2004-01-24,0.1,
2004-01-25,0.0,
2004-01-26,0.0,
2004-01-27,0.0,-0.2
2004-01-28,0.0,-0.2
2004-01-29,-0.0,-0.2
2004-01-30,-0.1,-0.2
2004-01-31,-0.1,-0.2
2004-02-01,-0.1,-0.2
2004-02-02,-0.1,-0.1
2004-02-03,0.2,-0.1
2004-02-04,1.0,0.5
2004-02-05,1.8,0.8
2004-02-06,3.3,2.6
2004-02-07,2.5,2.0
2004-02-08,1.5,1.3
2004-02-09,1.3,1.4
2004-02-10,2.6,2.7
2004-02-11,1.9,2.1
2004-02-12,2.9,3.1
2004-02-13,1.7,1.8
2004-02-14,0.9,1.3
2004-02-15,1.0,1.3
2004-02-16,0.3,0.4
2004-02-17,0.7,1.0
2004-02-18,0.9,1.4
2004-02-19,2.2,3.0
2004-02-20,3.7,4.4
2004-02-21,4.1,4.3
2004-02-22,4.0,4.5
2004-02-23,3.9,4.3
2004-02-24,4.7,5.1
2004-02-25,3.8,4.2
2004-02-26,3.8,4.2
2004-02-27,4.3,4.7
2004-02-28,4.1,4.7
2004-02-29,4.9,5.7
2004-03-01,6.9,7.5
2004-03-02,9.1,9.7
2004-03-03,7.8,7.9
2004-03-04,8.2,8.5
2004-03-05,10.6,11.2
2004-03-06,9.4,10.3
2004-03-07,6.9,7.6
2004-03-08,5.9,6.2
2004-03-09,5.7,6.0
2004-03-10,5.0,5.7
2004-03-11,5.0,5.6
2004-03-12,4.4,4.6
2004-03-13,3.9,4.6
2004-03-14,5.2,5.7
2004-03-15,5.7,6.4
2004-03-16,5.4,5.0
2004-03-17,4.0,4.2
2004-03-18,5.1,5.4
2004-03-19,6.1,6.6
2004-03-20,7.6,8.4
2004-03-21,7.0,6.8
2004-03-22,4.4,4.8
2004-03-23,4.7,5.1
2004-03-24,8.1,8.5
2004-03-25,11.4,11.5
2004-03-26,13.2,13.2
2004-03-27,14.6,15.2
2004-03-28,15.2,16.1
2004-03-29,13.9,14.2
2004-03-30,10.8,11.6
2004-03-31,9.3,10.1
2004-04-01,8.5,8.6
2004-04-02,8.2,8.5
2004-04-03,9.7,10.1
2004-04-04,9.0,9.2
2004-04-05,8.1,8.7
2004-04-06,9.1,9.7
2004-04-07,12.1,13.0
2004-04-08,14.4,15.3
2004-04-09,13.5,14.0
2004-04-10,13.8,14.4
2004-04-11,14.0,14.3
2004-04-12,10.7,10.6
2004-04-13,7.5,7.6
2004-04-14,9.4,9.2
2004-04-15,10.8,11.7
2004-04-16,13.4,14.1
2004-04-17,15.7,16.6
2004-04-18,17.9,18.7
2004-04-19,17.5,18.0
2004-04-20,16.1,17.1
2004-04-21,15.5,16.2
2004-04-22,14.3,15.3
2004-04-23,13.7,14.5
2004-04-24,13.8,14.9
2004-04-25,15.4,16.2
2004-04-26,16.1,16.3
2004-04-27,14.0,14.3
2004-04-28,13.0,13.9
2004-04-29,15.4,16.3
2004-04-30,15.6,16.3
2004-05-01,15.7,17.0
2004-05-02,12.5,13.2
2004-05-03,11.0,11.9
2004-05-04,11.0,12.0
2004-05-05,14.5,15.3
2004-05-06,16.6,17.8
2004-05-07,18.4,19.4
2004-05-08,19.2,20.0
2004-05-09,20.1,21.4
2004-05-10,20.7,22.1
2004-05-11,20.9,22.5
2004-05-12,20.2,23.0
2004-05-13,20.9,22.4
2004-05-14,20.7,22.1
2004-05-15,18.3,18.9
2004-05-16,16.6,18.0
2004-05-17,17.9,19.9
2004-05-18,20.2,22.4
2004-05-19,18.2,20.6
2004-05-20,18.7,21.6
2004-05-21,21.1,23.5
2004-05-22,22.4,24.8
2004-05-23,22.9,25.2
2004-05-24,23.5,25.2
2004-05-25,23.0,24.5
2004-05-26,20.7,21.5
2004-05-27,18.0,19.7
2004-05-28,18.8,19.7
2004-05-29,17.5,20.0
2004-05-30,17.7,19.2
2004-05-31,17.8,19.3
2004-06-01,17.5,19.6
2004-06-02,18.5,20.5
2004-06-03,18.3,20.2
2004-06-04,18.4,20.6
2004-06-05,18.2,20.2
2004-06-06,18.3,20.3
2004-06-07,19.3,21.9
2004-06-08,21.3,24.1
2004-06-09,22.3,24.7
2004-06-10,22.5,24.5
2004-06-11,23.1,25.0
2004-06-12,22.5,23.3
2004-06-13,21.8,24.1
2004-06-14,23.4,26.2
2004-06-15,23.9,25.5
2004-06-16,23.9,25.3
2004-06-17,24.4,26.5
2004-06-18,25.1,25.7
2004-06-19,24.3,25.0
2004-06-20,21.4,
2004-06-21,21.1,
2004-06-22,22.5,
2004-06-23,22.5,
2004-06-24,21.8,
2004-06-25,21.3,
2004-06-26,21.4,
2004-06-27,20.7,
2004-06-28,20.7,
2004-06-29,21.1,
2004-06-30,21.0,
2004-07-01,22.0,
2004-07-02,22.6,
2004-07-03,23.4,
2004-07-04,24.9,
2004-07-05,25.2,
2004-07-06,24.9,
2004-07-07,23.5,
2004-07-08,22.9,
2004-07-09,23.1,
2004-07-10,23.2,
2004-07-11,22.7,
2004-07-12,23.8,
2004-07-13,24.5,
2004-07-14,24.0,
2004-07-15,22.8,
2004-07-16,22.3,
2004-07-17,22.5,
2004-07-18,21.4,
2004-07-19,21.3,
2004-07-20,22.0,
2004-07-21,22.6,
2004-07-22,22.6,
2004-07-23,23.2,24.4
2004-07-24,22.3,23.8
2004-07-25,21.1,22.3
2004-07-26,19.2,20.4
2004-07-27,18.9,20.1
2004-07-28,19.0,21.1
2004-07-29,19.4,21.8
2004-07-30,20.3,22.9
2004-07-31,20.9,21.9
2004-08-01,21.0,23.0
2004-08-02,21.6,23.7
2004-08-03,22.5,24.8
2004-08-04,22.0,23.3
2004-08-05,21.1,22.8
2004-08-06,19.7,21.1
2004-08-07,18.5,20.8
2004-08-08,19.0,21.6
2004-08-09,19.3,21.8
2004-08-10,20.5,23.2
2004-08-11,20.0,21.9
2004-08-12,19.0,20.5
2004-08-13,17.6,19.2
2004-08-14,17.8,19.7
2004-08-15,17.7,19.9
2004-08-16,17.8,19.8
2004-08-17,18.2,20.7
2004-08-18,19.3,22.2
2004-08-19,21.5,24.8
2004-08-20,21.7,23.9
2004-08-21,21.3,23.2
2004-08-22,20.4,23.0
2004-08-23,20.3,23.4
2004-08-24,20.5,23.7
2004-08-25,21.8,24.9
2004-08-26,22.6,24.8
2004-08-27,23.1,25.0
2004-08-28,24.2,25.8
2004-08-29,23.6,24.1
2004-08-30,22.6,23.2
2004-08-31,21.1,22.7
2004-09-01,20.3,22.9
2004-09-02,19.9,22.8
2004-09-03,21.0,23.0
2004-09-04,21.4,23.1
2004-09-05,21.7,24.2
2004-09-06,21.9,24.4
2004-09-07,21.7,23.6
2004-09-08,20.7,20.8
2004-09-09,19.9,20.1
2004-09-10,19.6,20.7
2004-09-11,19.4,21.5
2004-09-12,19.8,22.2
2004-09-13,20.3,22.8
2004-09-14,20.6,23.1
2004-09-15,20.6,23.4
2004-09-16,20.8,23.4
2004-09-17,20.2,21.1
2004-09-18,17.7,18.4
2004-09-19,16.7,18.6
2004-09-20,16.0,18.0
2004-09-21,15.8,18.4
2004-09-22,16.2,19.4
2004-09-23,17.0,20.3
2004-09-24,17.9,21.2
2004-09-25,18.2,20.9
2004-09-26,17.2,19.8
2004-09-27,16.8,18.9
2004-09-28,18.3,20.0
2004-09-29,17.2,18.3
2004-09-30,15.6,17.0
2004-10-01,15.2,17.0
2004-10-02,16.0,17.4
2004-10-03,13.7,15.7
2004-10-04,13.3,15.5
2004-10-05,12.6,15.0
2004-10-06,11.3,14.5
2004-10-07,11.0,14.1
2004-10-08,12.1,14.8
2004-10-09,13.8,16.5
2004-10-10,14.2,16.7
2004-10-11,12.5,15.4
2004-10-12,12.0,14.3
2004-10-13,12.9,13.8
2004-10-14,13.8,14.9
2004-10-15,12.3,12.8
2004-10-16,10.7,11.1
2004-10-17,9.2,9.6
2004-10-18,9.2,9.8
2004-10-19,13.0,12.9
2004-10-20,13.8,13.8
2004-10-21,14.1,14.2
2004-10-22,13.5,13.5
2004-10-23,12.6,13.0
2004-10-24,14.3,14.8
2004-10-25,13.0,13.6
2004-10-26,12.4,13.2
2004-10-27,13.9,14.5
2004-10-28,14.7,15.1
2004-10-29,16.4,16.9
2004-10-30,17.7,17.9
2004-10-31,15.3,15.4
2004-11-01,14.0,14.5
2004-11-02,15.1,15.8
2004-11-03,13.2,13.5
2004-11-04,12.7,12.7
2004-11-05,10.6,10.8
2004-11-06,9.3,9.8
2004-11-07,10.0,10.8
2004-11-08,9.2,9.4
2004-11-09,6.9,7.3
2004-11-10,7.0,7.3
2004-11-11,8.4,8.3
2004-11-12,10.4,10.1
2004-11-13,7.7,7.7
2004-11-14,6.4,6.1
2004-11-15,6.4,5.9
2004-11-16,7.9,7.7
2004-11-17,9.6,9.6
2004-11-18,11.3,11.6
2004-11-19,12.4,12.7
2004-11-20,12.4,12.7
2004-11-21,11.5,11.9
2004-11-22,10.8,11.2
2004-11-23,10.6,11.2
2004-11-24,12.0,12.3
2004-11-25,9.2,9.3
2004-11-26,6.5,6.8
2004-11-27,7.3,7.4
2004-11-28,7.5,7.5
2004-11-29,6.0,6.3
2004-11-30,7.0,7.1
2004-12-01,8.5,8.2
2004-12-02,5.6,5.9
2004-12-03,4.9,5.1
2004-12-04,3.8,4.1
2004-12-05,4.1,4.7
2004-12-06,7.0,7.5
2004-12-07,10.9,10.9
2004-12-08,9.1,9.6
2004-12-09,7.7,7.8
2004-12-10,9.7,9.5
2004-12-11,8.1,8.0
2004-12-12,6.6,6.4
2004-12-13,5.4,5.0
2004-12-14,2.5,2.5
2004-12-15,0.8,0.9
2004-12-16,0.2,0.6
2004-12-17,0.6,1.3
2004-12-18,0.8,1.4
2004-12-19,1.0,1.4
2004-12-20,0.0,0.0
2004-12-21,0.1,-0.0
2004-12-22,-0.0,0.0
2004-12-23,0.0,0.0
2004-12-24,0.0,0.0
2004-12-25,0.0,0.0
2004-12-26,0.0,0.0
2004-12-27,0.0,0.0
2004-12-28,0.0,0.0
2004-12-29,0.0,0.0
2004-12-30,1.3,0.5
2004-12-31,5.4,4.6
2005-01-01,6.3,6.1
2005-01-02,7.1,7.2
2005-01-03,9.2,9.4
2005-01-04,9.1,9.3
2005-01-05,8.2,8.0
2005-01-06,6.9,6.4
2005-01-07,5.5,5.0
2005-01-08,6.2,5.5
2005-01-09,6.2,5.9
2005-01-10,6.5,6.3
2005-01-11,8.2,7.8
2005-01-12,10.8,10.9
2005-01-13,11.1,11.3
2005-01-14,7.1,6.9
2005-01-15,4.1,3.9
2005-01-16,2.7,2.2
2005-01-17,0.0,-0.0
2005-01-18,0.0,0.0
2005-01-19,0.0,0.0
2005-01-20,-0.0,-0.0
2005-01-21,0.0,0.0
2005-01-22,0.0,0.0
2005-01-23,0.0,0.0
2005-01-24,0.0,0.0
2005-01-25,0.0,0.0
2005-01-26,0.0,0.0
2005-01-27,0.0,0.0
2005-01-28,0.0,0.0
2005-01-29,0.0,0.0
2005-01-30,0.1,0.0
2005-01-31,0.2,-0.0
2005-02-01,0.4,0.3
2005-02-02,0.2,0.2
2005-02-03,1.6,1.1
2005-02-04,2.0,1.7
2005-02-05,2.7,2.5
2005-02-06,3.4,3.4
2005-02-07,4.3,4.4
2005-02-08,6.8,6.6
2005-02-09,6.7,6.6
2005-02-10,4.0,3.8
2005-02-11,1.9,1.9
2005-02-12,2.7,2.9
2005-02-13,4.2,4.1
2005-02-14,6.8,6.8
2005-02-15,6.5,6.9
2005-02-16,7.4,7.6
2005-02-17,4.4,4.7
2005-02-18,2.8,3.2
2005-02-19,1.8,2.3
2005-02-20,3.2,3.6
2005-02-21,6.1,6.3
2005-02-22,6.2,6.0
2005-02-23,5.4,5.4
2005-02-24,3.9,3.8
2005-02-25,2.3,2.4
2005-02-26,3.3,3.9
2005-02-27,4.1,4.2
2005-02-28,4.5,4.6
2005-03-01,2.6,2.7
2005-03-02,1.5,1.6
2005-03-03,1.2,1.4
2005-03-04,2.2,2.4
2005-03-05,3.8,3.8
2005-03-06,5.0,5.4
2005-03-07,7.0,7.4
2005-03-08,4.8,5.4
2005-03-09,2.6,2.7
2005-03-10,2.0,2.0
2005-03-11,2.3,2.4
2005-03-12,3.1,3.1
2005-03-13,3.4,3.3
2005-03-14,3.4,3.8
2005-03-15,4.3,4.9
2005-03-16,5.2,5.5
2005-03-17,6.1,6.7
2005-03-18,6.7,7.4
2005-03-19,6.7,7.1
2005-03-20,6.7,7.2
2005-03-21,6.4,6.9
2005-03-22,5.9,6.2
2005-03-23,6.0,6.1
2005-03-24,6.3,6.8
2005-03-25,7.6,7.7
2005-03-26,8.3,8.4
2005-03-27,7.5,7.6
2005-03-28,7.6,7.7
2005-03-29,8.5,8.6
2005-03-30,10.7,11.7
2005-03-31,13.5,13.8
2005-04-01,10.4,11.0
2005-04-02,7.9,8.2
2005-04-03,8.4,8.7
2005-04-04,10.8,11.2
2005-04-05,13.2,13.8
2005-04-06,14.4,15.0
2005-04-07,15.6,16.0
2005-04-08,15.9,16.0
2005-04-09,15.3,15.6
2005-04-10,16.1,17.1
2005-04-11,18.2,18.9
2005-04-12,17.1,16.8
2005-04-13,14.4,14.5
2005-04-14,13.1,13.6
2005-04-15,14.1,14.7
2005-04-16,14.7,15.4
2005-04-17,15.2,16.3
2005-04-18,17.3,18.1
2005-04-19,18.2,18.7
2005-04-20,18.6,19.2
2005-04-21,17.5,17.4
2005-04-22,15.4,16.2
2005-04-23,11.6,12.0
2005-04-24,7.9,8.3
2005-04-25,9.8,10.6
2005-04-26,11.8,11.9
2005-04-27,10.1,10.7
2005-04-28,10.2,10.9
2005-04-29,10.9,11.3
2005-04-30,11.4,11.8
2005-05-01,10.8,11.4
2005-05-02,10.8,11.2
2005-05-03,10.7,11.2
2005-05-04,11.5,12.1
2005-05-05,12.9,13.9
2005-05-06,14.5,15.3
2005-05-07,15.8,16.8
2005-05-08,17.9,19.3
2005-05-09,19.3,20.4
2005-05-10,20.0,21.3
2005-05-11,20.6,22.2
2005-05-12,20.2,20.7
2005-05-13,19.1,20.5
2005-05-14,20.0,20.2
2005-05-15,17.4,17.4
2005-05-16,15.5,16.0
2005-05-17,14.9,16.3
2005-05-18,16.3,16.6
2005-05-19,17.1,17.0
2005-05-20,16.4,17.6
2005-05-21,17.1,18.8
2005-05-22,16.9,18.2
2005-05-23,17.6,19.3
2005-05-24,17.2,16.9
2005-05-25,16.3,
2005-05-26,16.8,
2005-05-27,18.5,
2005-05-28,18.4,19.5
2005-05-29,18.1,20.2
2005-05-30,17.4,16.9
2005-05-31,17.1,
2005-06-01,18.1,
2005-06-02,18.3,
2005-06-03,18.8,
2005-06-04,20.4,
2005-06-05,21.7,
2005-06-06,23.4,
2005-06-07,23.9,
2005-06-08,23.9,
2005-06-09,24.7,
2005-06-10,24.6,
2005-06-11,23.6,
2005-06-12,23.6,
2005-06-13,23.5,
2005-06-14,23.9,
2005-06-15,23.1,25.7
2005-06-16,22.2,23.1
2005-06-17,20.6,20.8
2005-06-18,20.1,
2005-06-19,19.9,
2005-06-20,20.2,
2005-06-21,20.4,
2005-06-22,22.1,26.8
2005-06-23,22.0,24.9
2005-06-24,22.5,25.1
2005-06-25,23.5,26.1
2005-06-26,24.2,26.8
2005-06-27,25.3,27.8
2005-06-28,25.8,28.4
2005-06-29,25.5,27.0
2005-06-30,26.1,27.1
2005-07-01,24.8,24.5
2005-07-02,23.3,24.5
2005-07-03,22.9,24.9
2005-07-04,24.1,26.8
2005-07-05,24.5,26.5
2005-07-06,24.3,26.5
2005-07-07,23.9,25.9
2005-07-08,24.0,26.0
2005-07-09,24.0,25.9
2005-07-10,23.8,25.6
2005-07-11,23.4,24.7
2005-07-12,23.4,24.2
2005-07-13,22.5,22.5
2005-07-14,22.2,22.6
2005-07-15,23.4,23.7
2005-07-16,24.1,24.7
2005-07-17,24.4,25.7
2005-07-18,25.1,27.0
2005-07-19,25.8,27.3
2005-07-20,25.3,26.4
2005-07-21,24.6,26.5
2005-07-22,25.4,27.0
2005-07-23,25.3,27.6
2005-07-24,25.9,28.6
2005-07-25,26.5,29.8
2005-07-26,27.6,30.2
2005-07-27,25.9,27.5
2005-07-28,24.0,25.2
2005-07-29,23.2,25.1
2005-07-30,23.0,25.7
2005-07-31,23.3,26.3
2005-08-01,24.0,26.9
2005-08-02,24.7,27.3
2005-08-03,25.3,28.0
2005-08-04,26.0,28.3
2005-08-05,25.7,27.3
2005-08-06,25.0,27.2
2005-08-07,24.9,27.5
2005-08-08,24.8,27.7
2005-08-09,24.7,27.7
2005-08-10,24.8,27.3
2005-08-11,25.5,27.6
2005-08-12,26.5,28.3
2005-08-13,26.4,28.7
2005-08-14,25.9,27.8
2005-08-15,25.1,26.7
2005-08-16,24.3,25.8
2005-08-17,23.7,26.6
2005-08-18,24.0,26.3
2005-08-19,25.0,26.9
2005-08-20,26.1,28.3
2005-08-21,25.0,28.3
2005-08-22,23.9,27.3
2005-08-23,22.6,25.9
2005-08-24,21.7,24.9
2005-08-25,21.2,24.8
2005-08-26,21.5,23.0
2005-08-27,22.3,23.5
2005-08-28,22.8,24.9
2005-08-29,22.6,24.4
2005-08-30,21.6,22.7
2005-08-31,21.1,22.4
2005-09-01,21.3,22.9
2005-09-02,21.7,23.4
2005-09-03,20.6,22.2
2005-09-04,19.8,21.8
2005-09-05,19.5,21.8
2005-09-06,19.7,22.1
2005-09-07,20.0,22.6
2005-09-08,19.9,22.3
2005-09-09,20.7,23.7
2005-09-10,21.3,24.3
2005-09-11,21.1,23.9
2005-09-12,20.7,23.2
2005-09-13,20.9,23.3
2005-09-14,20.6,22.8
2005-09-15,21.0,23.2
2005-09-16,22.1,23.5
2005-09-17,21.7,22.3
2005-09-18,20.3,21.1
2005-09-19,19.9,21.2
2005-09-20,21.2,21.9
2005-09-21,20.8,22.0
2005-09-22,20.3,22.4
2005-09-23,21.1,23.4
2005-09-24,21.5,23.3
2005-09-25,21.7,23.4
2005-09-26,21.4,22.3
2005-09-27,19.8,20.7
2005-09-28,18.6,20.0
2005-09-29,18.0,19.1
2005-09-30,15.6,16.2
2005-10-01,15.0,16.5
2005-10-02,16.3,18.9
2005-10-03,17.5,20.3
2005-10-04,18.0,20.4
2005-10-05,18.1,20.2
2005-10-06,18.2,20.4
2005-10-07,17.4,18.2
2005-10-08,15.3,15.6
2005-10-09,14.3,14.5
2005-10-10,14.4,14.9
2005-10-11,15.2,16.4
2005-10-12,16.1,17.5
2005-10-13,16.0,17.6
2005-10-14,15.8,17.2
2005-10-15,15.1,16.7
2005-10-16,13.1,14.9
2005-10-17,12.2,14.0
2005-10-18,13.4,15.5
2005-10-19,13.1,15.4
2005-10-20,14.3,16.1
2005-10-21,13.4,13.5
2005-10-22,12.6,12.8
2005-10-23,11.3,11.4
2005-10-24,9.4,9.4
2005-10-25,8.9,9.2
2005-10-26,8.7,9.2
2005-10-27,8.3,9.0
2005-10-28,7.8,8.0
2005-10-29,6.9,7.2
2005-10-30,6.6,7.4
2005-10-31,7.4,8.6
2005-11-01,7.8,9.0
2005-11-02,7.3,8.2
2005-11-03,7.9,9.0
2005-11-04,9.5,10.5
2005-11-05,10.8,12.1
2005-11-06,12.6,13.7
2005-11-07,10.9,11.4
2005-11-08,11.1,12.1
2005-11-09,12.7,14.2
2005-11-10,10.8,11.0
2005-11-11,8.2,7.8
2005-11-12,7.6,7.6
2005-11-13,8.9,9.6
2005-11-14,8.3,8.9
2005-11-15,12.5,12.9
2005-11-16,10.4,10.8
2005-11-17,5.2,5.5
2005-11-18,2.3,3.2
2005-11-19,2.4,3.7
2005-11-20,3.5,4.7
2005-11-21,4.0,4.7
2005-11-22,4.8,5.3
2005-11-23,2.8,2.9
2005-11-24,3.4,3.8
2005-11-25,0.9,0.6
2005-11-26,0.6,0.9
2005-11-27,3.7,3.8
2005-11-28,7.1,7.8
2005-11-29,8.5,8.7
2005-11-30,5.5,5.5
2005-12-01,2.9,3.3
2005-12-02,1.5,1.7
2005-12-03,0.7,0.8
2005-12-04,1.2,1.6
2005-12-05,0.8,1.4
2005-12-06,0.3,0.1
2005-12-07,0.3,0.1
2005-12-08,0.1,-0.2
2005-12-09,-0.0,-0.2
2005-12-10,0.1,-0.1
2005-12-11,0.1,0.0
2005-12-12,0.2,0.2
2005-12-13,0.1,-0.1
2005-12-14,0.0,-0.1
2005-12-15,1.0,0.9
2005-12-16,3.1,3.0
2005-12-17,1.2,1.4
2005-12-18,0.8,1.2
2005-12-19,0.2,0.0
2005-12-20,-0.1,-0.2
2005-12-21,-0.0,-0.2
2005-12-22,-0.0,-0.1
2005-12-23,0.0,-0.0
2005-12-24,0.1,0.2
2005-12-25,0.4,1.5
2005-12-26,,3.1
2005-12-27,2.9,3.5
2005-12-28,4.4,5.4
2005-12-29,4.5,4.9
2005-12-30,4.6,4.6
2005-12-31,4.7,4.7
2006-01-01,3.4,3.9
2006-01-02,6.1,7.0
2006-01-03,7.7,7.8
2006-01-04,7.7,7.9
2006-01-05,6.4,6.6
2006-01-06,4.0,4.2
2006-01-07,2.7,3.0
2006-01-08,2.9,3.2
2006-01-09,,5.0
2006-01-10,4.3,4.9
2006-01-11,6.2,6.2
2006-01-12,4.8,5.1
2006-01-13,6.3,6.6
2006-01-14,5.3,5.3
2006-01-15,3.2,3.5
2006-01-16,3.1,3.7
2006-01-17,6.6,7.0
2006-01-18,4.8,4.5
2006-01-19,4.6,4.6
2006-01-20,7.6,7.6
2006-01-21,8.2,8.1
2006-01-22,4.5,4.7
2006-01-23,6.4,5.7
2006-01-24,4.5,4.5
2006-01-25,4.3,4.1
2006-01-26,2.6,2.8
2006-01-27,2.3,2.4
2006-01-28,4.9,5.0
2006-01-29,7.4,7.7
2006-01-30,6.6,7.1
2006-01-31,5.0,5.3
2006-02-01,3.4,4.1
2006-02-02,4.6,5.0
2006-02-03,6.4,6.5
2006-02-04,5.8,5.4
2006-02-05,3.4,3.0
2006-02-06,2.3,2.2
2006-02-07,1.5,1.7
2006-02-08,2.4,2.4
2006-02-09,1.9,1.9
2006-02-10,1.8,2.0
2006-02-11,2.8,2.9
2006-02-12,2.5,2.4
2006-02-13,1.7,1.8
2006-02-14,2.1,2.6
2006-02-15,3.8,4.5
2006-02-16,7.4,7.7
2006-02-17,7.0,7.2
2006-02-18,2.4,2.3
2006-02-19,0.0,-0.0
2006-02-20,0.1,0.0
2006-02-21,1.3,1.5
2006-02-22,2.5,2.6
2006-02-23,3.4,4.0
2006-02-24,3.7,4.1
2006-02-25,4.8,5.3
2006-02-26,2.9,3.1
2006-02-27,2.5,3.0
2006-02-28,4.5,5.4
2006-03-01,6.8,7.0
2006-03-02,8.2,9.0
2006-03-03,7.5,7.3
2006-03-04,4.8,5.0
2006-03-05,3.6,3.7
2006-03-06,4.0,4.3
2006-03-07,4.2,4.8
2006-03-08,5.1,5.2
2006-03-09,7.0,7.7
2006-03-10,8.5,8.7
2006-03-11,7.3,7.5
2006-03-12,9.1,9.6
2006-03-13,10.3,11.1
2006-03-14,8.5,8.8
2006-03-15,7.4,7.8
2006-03-16,8.2,8.5
2006-03-17,8.4,8.5
2006-03-18,6.6,7.0
2006-03-19,5.5,6.2
2006-03-20,5.0,5.6
2006-03-21,2.8,2.9
2006-03-22,,2.8
2006-03-23,3.4,4.0
2006-03-24,4.5,5.3
2006-03-25,4.9,5.4
2006-03-26,4.6,5.0
2006-03-27,5.6,6.1
2006-03-28,7.7,7.9
2006-03-29,8.3,8.6
2006-03-30,9.6,10.1
2006-03-31,10.8,11.4
2006-04-01,,10.8
2006-04-02,10.0,11.1
2006-04-03,9.9,10.6
2006-04-04,,10.0
2006-04-05,,10.8
2006-04-06,9.5,10.0
2006-04-07,11.9,12.8
2006-04-08,11.6,12.1
2006-04-09,9.8,10.7
2006-04-10,10.8,11.6
2006-04-11,12.7,13.5
2006-04-12,15.7,16.2
2006-04-13,17.2,17.8
2006-04-14,18.1,18.5
2006-04-15,17.7,18.7
2006-04-16,19.5,19.7
2006-04-17,15.7,17.0
2006-04-18,14.2,15.6
2006-04-19,16.0,17.1
2006-04-20,15.8,16.5
2006-04-21,15.4,16.3
2006-04-22,15.8,16.3
2006-04-23,16.9,17.8
2006-04-24,16.9,17.2
2006-04-25,15.6,15.3
2006-04-26,13.9,14.0
2006-04-27,14.2,14.4
2006-04-28,15.4,15.8
2006-04-29,15.7,15.6
2006-04-30,15.4,15.5
2006-05-01,14.7,15.4
2006-05-02,17.0,17.3
2006-05-03,17.0,17.6
2006-05-04,18.4,19.0
2006-05-05,18.7,19.1
2006-05-06,17.6,18.2
2006-05-07,16.4,16.9
2006-05-08,16.2,17.1
2006-05-09,17.3,18.5
2006-05-10,17.7,18.2
2006-05-11,16.6,16.8
2006-05-12,14.0,13.7
2006-05-13,13.3,13.6
2006-05-14,13.2,13.6
2006-05-15,12.4,12.8
2006-05-16,11.7,13.6
2006-05-17,14.7,15.6
2006-05-18,14.5,14.8
2006-05-19,13.7,14.7
2006-05-20,15.5,16.4
2006-05-21,15.7,16.7
2006-05-22,15.7,17.1
2006-05-23,15.7,17.2
2006-05-24,16.2,18.0
2006-05-25,18.7,20.8
2006-05-26,19.3,20.9
2006-05-27,20.4,21.9
2006-05-28,21.8,23.6
2006-05-29,23.0,25.4
2006-05-30,23.9,26.2
2006-05-31,24.5,26.6
2006-06-01,24.3,25.8
2006-06-02,21.0,21.4
2006-06-03,18.8,20.6
2006-06-04,19.5,20.9
2006-06-05,19.1,21.0
2006-06-06,19.7,22.0
2006-06-07,19.8,21.1
2006-06-08,19.4,20.4
2006-06-09,19.6,21.0
2006-06-10,18.8,19.2
2006-06-11,16.1,16.7
2006-06-12,17.1,18.8
2006-06-13,17.9,19.7
2006-06-14,18.9,20.9
2006-06-15,20.1,22.3
2006-06-16,20.8,23.4
2006-06-17,21.8,24.7
2006-06-18,22.8,24.8
2006-06-19,22.8,24.5
2006-06-20,22.8,24.7
2006-06-21,23.8,26.5
2006-06-22,24.8,27.2
2006-06-23,23.4,23.5
2006-06-24,22.8,23.5
2006-06-25,22.9,24.8
2006-06-26,22.5,24.7
2006-06-27,23.0,25.5
2006-06-28,,25.0
2006-06-29,,24.8
2006-06-30,21.8,24.4
2006-07-01,23.0,25.9
2006-07-02,24.2,27.3
2006-07-03,25.3,28.1
2006-07-04,25.2,26.3
2006-07-05,23.6,23.6
2006-07-06,21.3,22.3
2006-07-07,20.8,23.0
2006-07-08,20.9,24.0
2006-07-09,21.4,24.4
2006-07-10,23.0,25.7
2006-07-11,23.3,24.7
2006-07-12,23.1,24.2
2006-07-13,23.5,25.0
2006-07-14,24.4,26.4
2006-07-15,24.8,27.1
2006-07-16,25.8,28.7
2006-07-17,26.0,29.3
2006-07-18,26.1,29.2
2006-07-19,26.2,28.3
2006-07-20,25.4,25.1
2006-07-21,24.2,24.5
2006-07-22,21.8,22.9
2006-07-23,21.9,23.0
2006-07-24,22.1,23.7
2006-07-25,22.6,24.9
2006-07-26,22.9,25.5
2006-07-27,23.5,25.5
2006-07-28,,24.6
2006-07-29,,25.3
2006-07-30,,27.1
2006-07-31,,27.9
2006-08-01,25.3,28.8
2006-08-02,26.3,29.4
2006-08-03,26.6,29.3
2006-08-04,26.3,28.1
2006-08-05,24.7,27.0
2006-08-06,25.0,27.2
2006-08-07,26.5,28.6
2006-08-08,26.8,28.7
2006-08-09,25.0,26.9
2006-08-10,24.5,26.2
2006-08-11,23.8,24.9
2006-08-12,23.3,24.5
2006-08-13,23.1,25.1
2006-08-14,23.7,25.7
2006-08-15,24.4,26.6
2006-08-16,23.1,25.7
2006-08-17,22.8,25.4
2006-08-18,23.5,26.2
2006-08-19,24.1,26.6
2006-08-20,24.7,27.1
2006-08-21,23.0,25.3
2006-08-22,22.5,24.8
2006-08-23,22.5,24.8
2006-08-24,22.8,25.3
2006-08-25,23.3,25.6
2006-08-26,23.5,25.8
2006-08-27,24.9,26.2
2006-08-28,25.0,25.2
2006-08-29,24.5,25.1
2006-08-30,23.6,24.3
2006-08-31,22.6,23.1
2006-09-01,21.6,22.5
2006-09-02,19.8,20.2
2006-09-03,19.3,20.6
2006-09-04,18.5,20.2
2006-09-05,18.5,20.2
2006-09-06,19.1,21.2
2006-09-07,18.9,21.4
2006-09-08,19.2,21.7
2006-09-09,19.6,22.1
2006-09-10,19.9,22.6
2006-09-11,20.5,22.8
2006-09-12,19.7,21.0
2006-09-13,19.2,19.9
2006-09-14,19.0,20.1
2006-09-15,18.9,20.2
2006-09-16,18.5,20.4
2006-09-17,18.8,21.0
2006-09-18,18.8,20.7
2006-09-19,17.8,18.7
2006-09-20,16.3,16.9
2006-09-21,14.5,15.7
2006-09-22,14.6,15.7
2006-09-23,17.3,18.2
2006-09-24,18.1,18.5
2006-09-25,17.2,17.7
2006-09-26,15.6,16.8
2006-09-27,16.0,17.4
2006-09-28,16.1,16.8
2006-09-29,13.5,14.5
2006-09-30,13.8,14.9
2006-10-01,14.1,15.5
2006-10-02,14.8,16.5
2006-10-03,16.8,18.1
2006-10-04,18.2,20.0
2006-10-05,18.0,18.4
2006-10-06,14.7,15.0
2006-10-07,13.0,13.8
2006-10-08,13.0,14.4
2006-10-09,14.2,15.9
2006-10-10,15.2,17.0
2006-10-11,16.0,17.2
2006-10-12,13.6,13.4
2006-10-13,10.3,10.4
2006-10-14,8.9,9.3
2006-10-15,8.0,8.8
2006-10-16,8.9,10.2
2006-10-17,13.2,13.1
2006-10-18,14.6,14.9
2006-10-19,14.1,14.2
2006-10-20,12.2,12.0
2006-10-21,10.3,10.5
2006-10-22,10.1,10.3
2006-10-23,8.1,8.1
2006-10-24,7.0,7.6
2006-10-25,6.3,7.1
2006-10-26,7.5,7.9
2006-10-27,9.2,9.5
2006-10-28,11.0,10.6
2006-10-29,10.0,10.0
2006-10-30,9.9,10.3
2006-10-31,11.2,11.5
2006-11-01,10.5,10.4
2006-11-02,7.3,7.4
2006-11-03,4.6,5.0
2006-11-04,3.9,4.5
2006-11-05,6.1,6.7
2006-11-06,7.6,7.9
2006-11-07,9.3,9.6
2006-11-08,10.7,10.9
2006-11-09,10.4,10.7
2006-11-10,11.0,11.6
2006-11-11,11.5,11.6
2006-11-12,8.8,8.7
2006-11-13,7.8,8.0
2006-11-14,6.9,7.1
2006-11-15,7.6,7.5
2006-11-16,10.0,9.7
2006-11-17,8.8,8.8
2006-11-18,8.1,8.3
2006-11-19,7.7,7.7
2006-11-20,6.3,6.2
2006-11-21,4.2,4.4
2006-11-22,3.3,3.6
2006-11-23,2.8,3.4
2006-11-24,2.8,3.5
2006-11-25,3.5,4.2
2006-11-26,4.8,5.5
2006-11-27,5.8,6.6
2006-11-28,6.4,7.1
2006-11-29,9.4,10.0
2006-11-30,11.7,12.5
2006-12-01,10.9,10.9
2006-12-02,5.9,6.0
2006-12-03,3.1,3.3
2006-12-04,1.2,0.8
2006-12-05,0.7,0.3
2006-12-06,0.9,0.9
2006-12-07,1.1,1.1
2006-12-08,0.3,-0.1
2006-12-09,0.4,0.0
2006-12-10,0.4,0.1
2006-12-11,0.6,0.6
2006-12-12,0.9,1.9
2006-12-13,2.6,4.8
2006-12-14,3.0,4.7
2006-12-15,4.7,5.7
2006-12-16,3.9,4.6
2006-12-17,5.7,6.7
2006-12-18,7.2,7.8
2006-12-19,6.0,6.0
2006-12-20,3.9,4.1
2006-12-21,5.1,5.9
2006-12-22,8.7,9.0
2006-12-23,6.9,7.2
2006-12-24,6.2,6.2
2006-12-25,6.1,5.8
2006-12-26,7.1,6.5
2006-12-27,5.4,5.1
2006-12-28,4.9,4.9
2006-12-29,4.5,4.6
2006-12-30,4.3,4.5
2006-12-31,7.2,7.3
2007-01-01,7.2,7.2
2007-01-02,5.1,5.1
2007-01-03,3.6,3.8
2007-01-04,4.9,5.0
2007-01-05,9.2,9.5
2007-01-06,10.2,10.2
2007-01-07,6.9,6.8
2007-01-08,6.6,6.4
2007-01-09,5.2,5.1
2007-01-10,2.8,2.8
2007-01-11,1.9,2.3
2007-01-12,5.4,5.5
2007-01-13,9.0,8.9
2007-01-14,9.4,9.3
2007-01-15,9.5,9.7
2007-01-16,6.0,6.0
2007-01-17,2.5,2.7
2007-01-18,3.1,3.0
2007-01-19,4.1,3.7
2007-01-20,2.3,2.3
2007-01-21,1.2,1.2
2007-01-22,2.3,2.3
2007-01-23,2.6,2.5
2007-01-24,2.3,2.3
2007-01-25,1.9,1.7
2007-01-26,0.8,0.7
2007-01-27,2.3,2.3
2007-01-28,1.8,1.3
2007-01-29,0.1,-0.1
2007-01-30,0.1,-0.0
2007-01-31,0.1,-0.1
2007-02-01,0.0,-0.1
2007-02-02,0.0,-0.1
2007-02-03,0.0,-0.1
2007-02-04,0.1,-0.1
2007-02-05,0.1,-0.1
2007-02-06,0.0,-0.2
2007-02-07,0.0,-0.2
2007-02-08,0.0,-0.2
2007-02-09,0.0,-0.2
2007-02-10,0.0,-0.2
2007-02-11,0.0,-0.2
2007-02-12,0.0,-0.2
2007-02-13,-0.0,-0.2
2007-02-14,-0.0,-0.2
2007-02-15,-0.0,-0.2
2007-02-16,0.0,-0.2
2007-02-17,0.0,-0.2
2007-02-18,0.0,-0.2
2007-02-19,0.1,-0.2
2007-02-20,0.4,-0.1
2007-02-21,3.1,2.1
2007-02-22,3.9,3.4
2007-02-23,3.1,3.0
2007-02-24,1.8,1.8
2007-02-25,4.0,3.4
2007-02-26,4.4,4.1
2007-02-27,3.8,3.6
2007-02-28,3.2,3.3
2007-03-01,4.8,4.8
2007-03-02,5.5,5.3
2007-03-03,4.1,4.2
2007-03-04,2.6,2.5
2007-03-05,3.0,3.0
2007-03-06,3.1,2.8
2007-03-07,4.1,3.9
2007-03-08,3.9,3.9
2007-03-09,5.0,5.4
2007-03-10,7.2,7.5
2007-03-11,6.4,7.3
2007-03-12,6.3,7.0
2007-03-13,9.5,10.3
2007-03-14,13.5,13.8
2007-03-15,11.3,11.4
2007-03-16,6.2,6.5
2007-03-17,5.4,5.7
2007-03-18,5.0,5.5
2007-03-19,4.9,5.3
2007-03-20,8.6,9.1
2007-03-21,11.8,11.8
2007-03-22,13.0,13.1
2007-03-23,13.6,13.9
2007-03-24,15.3,15.7
2007-03-25,16.8,17.1
2007-03-26,16.7,16.9
2007-03-27,17.2,17.4
2007-03-28,15.3,15.8
2007-03-29,14.6,15.2
2007-03-30,15.9,16.1
2007-03-31,16.7,17.2
2007-04-01,16.2,17.8
2007-04-02,15.8,17.1
2007-04-03,16.2,17.2
2007-04-04,13.3,13.7
2007-04-05,8.2,8.7
2007-04-06,6.3,6.8
2007-04-07,4.5,4.9
2007-04-08,4.4,4.7
2007-04-09,5.8,6.1
2007-04-10,7.3,7.7
2007-04-11,9.1,9.1
2007-04-12,8.1,8.4
2007-04-13,8.6,9.1
2007-04-14,8.9,8.8
2007-04-15,7.8,7.5
2007-04-16,9.0,9.2
2007-04-17,10.9,11.3
2007-04-18,12.7,12.4
2007-04-19,11.7,11.4
2007-04-20,12.2,12.5
2007-04-21,14.4,14.7
2007-04-22,15.7,16.3
2007-04-23,16.9,17.6
2007-04-24,19.3,19.9
2007-04-25,19.5,20.0
2007-04-26,18.0,18.8
2007-04-27,15.9,16.2
2007-04-28,15.2,15.7
2007-04-29,17.1,17.6
2007-04-30,19.1,19.7
2007-05-01,20.5,20.9
2007-05-02,20.5,21.1
2007-05-03,18.5,18.8
2007-05-04,17.8,18.3
2007-05-05,18.6,19.5
2007-05-06,18.7,19.3
2007-05-07,17.5,18.3
2007-05-08,18.1,19.4
2007-05-09,19.6,21.1
2007-05-10,20.9,22.5
2007-05-11,21.0,22.9
2007-05-12,21.6,23.6
2007-05-13,20.1,21.0
2007-05-14,18.2,19.8
2007-05-15,19.9,22.1
2007-05-16,20.2,21.0
2007-05-17,16.9,17.1
2007-05-18,15.1,16.6
2007-05-19,15.0,17.0
2007-05-20,16.4,18.9
2007-05-21,18.1,21.1
2007-05-22,19.3,22.5
2007-05-23,19.9,22.9
2007-05-24,20.4,23.4
2007-05-25,20.9,24.0
2007-05-26,21.1,24.0
2007-05-27,21.2,24.0
2007-05-28,21.8,24.4
2007-05-29,22.2,25.0
2007-05-30,22.7,25.5
2007-05-31,22.4,25.0
2007-06-01,23.3,25.8
2007-06-02,23.1,25.9
2007-06-03,22.7,25.2
2007-06-04,21.7,23.0
2007-06-05,21.0,22.3
2007-06-06,20.2,22.3
2007-06-07,21.2,23.8
2007-06-08,22.6,24.5
2007-06-09,22.4,24.5
2007-06-10,21.3,23.7
2007-06-11,21.4,24.3
2007-06-12,21.5,24.6
2007-06-13,21.9,25.0
2007-06-14,22.9,25.8
2007-06-15,22.7,25.8
2007-06-16,22.6,25.6
2007-06-17,23.6,26.1
2007-06-18,24.4,26.7
2007-06-19,24.5,26.4
2007-06-20,23.5,25.6
2007-06-21,22.8,25.2
2007-06-22,21.8,23.8
2007-06-23,20.9,22.5
2007-06-24,21.3,22.6
2007-06-25,23.0,24.0
2007-06-26,24.5,26.2
2007-06-27,25.2,25.8
2007-06-28,25.3,26.3
2007-06-29,23.3,24.2
2007-06-30,22.7,24.1
2007-07-01,22.0,24.2
2007-07-02,21.3,23.7
2007-07-03,21.1,24.0
2007-07-04,22.4,24.0
2007-07-05,23.4,23.8
2007-07-06,24.0,25.1
2007-07-07,24.3,26.3
2007-07-08,24.5,26.4
2007-07-09,24.8,
2007-07-10,24.6,
2007-07-11,25.2,27.0
2007-07-12,22.8,24.7
2007-07-13,21.8,23.8
2007-07-14,22.1,23.7
2007-07-15,23.0,24.0
2007-07-16,24.3,24.7
2007-07-17,23.9,24.9
2007-07-18,23.5,24.7
2007-07-19,24.4,25.9
2007-07-20,23.2,24.5
2007-07-21,21.6,23.6
2007-07-22,20.7,23.4
2007-07-23,20.7,23.4
2007-07-24,20.9,23.2
2007-07-25,21.2,23.9
2007-07-26,21.8,24.1
2007-07-27,22.2,24.2
2007-07-28,22.5,24.0
2007-07-29,23.2,25.3
2007-07-30,23.8,26.5
2007-07-31,23.9,26.8
2007-08-01,23.6,27.0
2007-08-02,24.0,26.7
2007-08-03,24.4,27.5
2007-08-04,25.2,27.8
2007-08-05,26.1,27.9
2007-08-06,26.6,28.1
2007-08-07,27.3,29.1
2007-08-08,27.9,29.7
2007-08-09,28.0,29.8
2007-08-10,27.6,30.1
2007-08-11,26.0,29.2
2007-08-12,25.7,28.8
2007-08-13,26.2,28.9
2007-08-14,23.2,25.9
2007-08-15,23.7,25.9
2007-08-16,25.7,27.7
2007-08-17,25.7,27.9
2007-08-18,23.2,26.1
2007-08-19,23.1,25.6
2007-08-20,25.2,26.8
2007-08-21,25.0,26.5
2007-08-22,26.5,27.8
2007-08-23,27.0,28.8
2007-08-24,26.9,28.7
2007-08-25,26.0,27.9
2007-08-26,25.2,27.6
2007-08-27,24.0,27.2
2007-08-28,24.1,27.3
2007-08-29,25.3,28.1
2007-08-30,25.7,27.3
2007-08-31,23.9,25.7
2007-09-01,,24.7
2007-09-02,,25.1
2007-10-06,,22.5
2007-10-07,,23.4
2007-10-08,,23.4
2007-10-09,,22.8
2007-10-10,,19.2
2007-10-11,,16.4
2007-10-12,,15.8
2007-10-13,,14.7
2007-10-14,,15.8
2007-10-15,,16.3
2007-10-16,,16.5
2007-10-17,,17.1
2007-10-18,,18.9
2007-10-19,,18.7
2007-10-20,,16.7
2007-10-21,,15.5
2007-10-22,,15.3
2007-10-23,,16.6
2007-10-24,,14.4
2007-10-25,,13.2
2007-10-26,,14.8
2007-10-27,,14.1
2007-10-28,,12.6
2007-10-29,,10.3
2007-10-30,,9.5
2007-10-31,,9.6
2007-11-01,10.1,11.3
2007-11-02,8.7,8.8
2007-11-03,7.6,7.6
2007-11-04,7.3,7.9
2007-11-05,7.6,8.3
2007-11-06,7.4,7.5
2007-11-07,7.0,6.8
2007-11-08,6.2,6.1
2007-11-09,7.0,7.8
2007-11-10,6.6,7.2
2007-11-11,6.3,6.4
2007-11-12,8.2,8.7
2007-11-13,10.2,11.4
2007-11-14,11.6,12.7
2007-11-15,9.8,9.7
2007-11-16,7.0,6.6
2007-11-17,6.4,6.5
2007-11-18,6.4,7.0
2007-11-19,6.8,7.6
2007-11-20,9.3,11.0
2007-11-21,11.0,12.3
2007-11-22,11.2,11.4
2007-11-23,7.2,7.3
2007-11-24,4.1,4.5
2007-11-25,3.8,4.3
2007-11-26,7.7,7.6
2007-11-27,8.0,7.8
2007-11-28,5.3,5.7
2007-11-29,4.7,5.1
2007-11-30,2.4,2.8
2007-12-01,1.7,2.0
2007-12-02,4.1,5.0
2007-12-03,6.0,5.9
2007-12-04,3.6,3.9
2007-12-05,2.9,2.8
2007-12-06,0.8,1.0
2007-12-07,1.3,1.9
2007-12-08,3.5,4.0
2007-12-09,6.3,6.1
2007-12-10,7.4,7.2
2007-12-11,8.4,8.6
2007-12-12,9.3,9.4
2007-12-13,8.3,8.0
2007-12-14,6.6,6.6
2007-12-15,4.8,4.4
2007-12-16,5.6,4.9
2007-12-17,3.0,2.6
2007-12-18,,1.8
2007-12-19,,4.1
2007-12-20,3.7,4.1
2007-12-21,5.5,5.6
2007-12-22,7.5,7.7
2007-12-23,7.8,7.9
2007-12-24,3.9,4.0
2007-12-25,2.2,2.6
2007-12-26,2.5,2.7
2007-12-27,3.7,3.9
2007-12-28,4.3,4.5
2007-12-29,4.4,4.4
2007-12-30,2.8,3.1
2007-12-31,1.7,2.3
2008-01-01,1.7,1.8
2008-01-02,-0.0,-0.1
2008-01-03,-0.1,-0.1
2008-01-04,-0.1,-0.1
2008-01-05,-0.1,-0.1
2008-01-06,0.3,1.3
2008-01-07,5.6,6.9
2008-01-08,9.5,9.2
2008-01-09,8.9,9.3
2008-01-10,6.3,6.6
2008-01-11,7.0,7.0
2008-01-12,4.9,5.4
2008-01-13,4.2,4.4
2008-01-14,3.5,3.4
2008-01-15,1.7,1.5
2008-01-16,0.3,0.5
2008-01-17,1.6,1.9
2008-01-18,1.9,1.9
2008-01-19,0.1,0.1
2008-01-20,-0.0,0.1
2008-01-21,-0.0,-0.0
2008-01-22,-0.1,-0.1
2008-01-23,-0.1,0.0
2008-01-24,-0.1,0.1
2008-01-25,-0.1,0.0
2008-01-26,-0.1,0.0
2008-01-27,-0.0,0.2
2008-01-28,-0.0,0.2
2008-01-29,0.1,0.1
2008-01-30,-0.0,-0.0
2008-01-31,-0.2,-0.0
2008-02-01,0.1,-0.0
2008-02-02,0.1,0.8
2008-02-03,0.3,1.6
2008-02-04,2.8,4.1
2008-02-05,7.5,8.1
2008-02-06,8.3,8.9
2008-02-07,5.5,5.5
2008-02-08,5.4,5.4
2008-02-09,6.0,6.2
2008-02-10,4.0,3.6
2008-02-11,0.2,0.2
2008-02-12,0.8,0.4
2008-02-13,2.4,1.7
2008-02-14,2.2,1.9
2008-02-15,3.2,3.0
2008-02-16,3.2,3.2
2008-02-17,6.2,6.1
2008-02-18,5.9,5.7
2008-02-19,2.3,2.4
2008-02-20,1.2,1.1
2008-02-21,-0.1,-0.2
2008-02-22,-0.0,-0.1
2008-02-23,0.4,0.8
2008-02-24,1.1,1.1
2008-02-25,2.1,2.1
2008-02-26,3.6,3.0
2008-02-27,2.6,2.1
2008-02-28,1.7,1.6
2008-02-29,2.7,2.7
2008-03-01,4.1,4.0
2008-03-02,4.7,5.1
2008-03-03,7.9,8.3
2008-03-04,6.0,5.9
2008-03-05,5.3,4.9
2008-03-06,5.0,5.0
2008-03-07,3.3,3.0
2008-03-08,0.0,-0.1
2008-03-09,0.6,0.8
2008-03-10,3.5,3.6
2008-03-11,4.6,4.5
2008-03-12,5.7,5.8
2008-03-13,6.9,7.6
2008-03-14,7.4,7.8
2008-03-15,6.3,6.3
2008-03-16,6.8,6.8
2008-03-17,5.3,5.7
2008-03-18,6.4,6.6
2008-03-19,7.2,7.5
2008-03-20,7.2,7.1
2008-03-21,7.1,7.6
2008-03-22,7.6,7.7
2008-03-23,5.3,5.6
2008-03-24,5.4,5.6
2008-03-25,4.9,5.4
2008-03-26,8.7,9.1
2008-03-27,8.8,9.2
2008-03-28,8.6,8.9
2008-03-29,7.0,7.1
2008-03-30,7.9,8.1
2008-03-31,9.5,9.9
2008-04-01,10.7,10.9
2008-04-02,9.5,9.8
2008-04-03,7.9,8.5
2008-04-04,10.0,10.4
2008-04-05,10.0,10.1
2008-04-06,10.2,11.0
2008-04-07,12.3,13.2
2008-04-08,13.9,14.6
2008-04-09,14.5,15.0
2008-04-10,14.4,14.9
2008-04-11,15.1,15.7
2008-04-12,11.3,11.8
2008-04-13,8.6,8.8
2008-04-14,8.7,8.9
2008-04-15,9.8,10.0
2008-04-16,11.5,11.8
2008-04-17,13.5,14.0
2008-04-18,15.4,16.0
2008-04-19,16.1,16.3
2008-04-20,14.7,14.7
2008-04-21,15.1,15.7
2008-04-22,16.8,17.5
2008-04-23,18.0,18.6
2008-04-24,19.1,19.1
2008-04-25,21.0,21.2
2008-04-26,20.9,20.7
2008-04-27,17.7,17.3
2008-04-28,16.4,16.5
2008-04-29,12.6,12.4
2008-04-30,12.6,13.4
2008-05-01,15.1,15.8
2008-05-02,17.8,18.1
2008-05-03,17.1,17.0
2008-05-04,15.8,16.3
2008-05-05,16.5,17.0
2008-05-06,17.7,18.5
2008-05-07,18.1,18.7
2008-05-08,17.3,17.4
2008-05-09,15.9,16.5
2008-05-10,16.3,17.1
2008-05-11,14.8,14.9
2008-05-12,13.4,14.0
2008-05-13,14.3,15.3
2008-05-14,13.9,14.3
2008-05-15,13.7,14.3
2008-05-16,13.6,13.7
2008-05-17,14.0,14.5
2008-05-18,15.8,16.0
2008-05-19,14.3,14.4
2008-05-20,13.3,13.7
2008-05-21,13.7,14.2
2008-05-22,14.3,15.0
2008-05-23,15.2,15.5
2008-05-24,15.8,16.8
2008-05-25,16.6,17.7
2008-05-26,18.0,18.9
2008-05-27,19.8,20.1
2008-05-28,18.6,18.8
2008-05-29,17.8,18.5
2008-05-30,18.8,20.0
2008-05-31,21.6,23.1
2008-06-01,22.3,23.4
2008-06-02,22.3,23.3
2008-06-03,20.1,21.0
2008-06-04,17.8,19.3
2008-06-05,19.3,20.1
2008-06-06,21.4,23.1
2008-06-07,22.0,22.4
2008-06-08,22.5,24.1
2008-06-09,24.1,25.8
2008-06-10,24.5,25.5
2008-06-11,22.8,24.1
2008-06-12,23.2,24.6
2008-06-13,24.3,25.3
2008-06-14,23.8,24.8
2008-06-15,23.7,25.1
2008-06-16,23.9,25.2
2008-06-17,22.3,23.5
2008-06-18,20.7,22.1
2008-06-19,20.6,22.1
2008-06-20,21.5,23.4
2008-06-21,21.8,24.1
2008-06-22,22.0,23.9
2008-06-23,21.5,23.0
2008-06-24,21.5,23.2
2008-06-25,22.3,24.3
2008-06-26,23.7,26.0
2008-06-27,23.9,25.8
2008-06-28,23.9,25.5
2008-06-29,24.1,25.7
2008-06-30,22.1,23.1
2008-07-01,20.7,22.2
2008-07-02,21.2,23.3
2008-07-03,21.6,23.4
2008-07-04,21.1,21.9
2008-07-05,20.3,21.7
2008-07-06,21.8,24.0
2008-07-07,23.1,25.4
2008-07-08,24.3,26.6
2008-07-09,24.4,25.7
2008-07-10,23.2,24.7
2008-07-11,23.7,26.1
2008-07-12,24.5,27.1
2008-07-13,24.6,27.0
2008-07-14,23.6,25.3
2008-07-15,23.1,25.2
2008-07-16,23.7,26.3
2008-07-17,24.3,27.3
2008-07-18,24.6,27.4
2008-07-19,24.8,27.3
2008-07-20,25.7,27.8
2008-07-21,25.4,27.1
2008-07-22,24.9,26.9
2008-07-23,24.5,25.8
2008-07-24,23.2,24.9
2008-07-25,23.3,25.4
2008-07-26,24.4,26.7
2008-07-27,24.8,27.0
2008-07-28,23.8,26.1
2008-07-29,24.5,26.8
2008-07-30,24.6,26.7
2008-07-31,24.4,26.9
2008-08-01,25.0,26.9
2008-08-02,25.8,28.0
2008-08-03,24.4,26.8
2008-08-04,23.6,26.1
2008-08-05,23.2,24.8
2008-08-06,23.0,24.5
2008-08-07,23.9,25.5
2008-08-08,23.0,24.5
2008-08-09,21.8,23.4
2008-08-10,21.5,23.8
2008-08-11,20.8,23.3
2008-08-12,20.3,22.6
2008-08-13,21.1,23.1
2008-08-14,21.0,23.1
2008-08-15,21.6,23.6
2008-08-16,21.2,23.3
2008-08-17,21.2,23.4
2008-08-18,21.2,23.4
2008-08-19,21.4,24.0
2008-08-20,22.2,25.0
2008-08-21,23.0,25.4
2008-08-22,23.9,26.1
2008-08-23,24.0,26.2
2008-08-24,24.2,26.5
2008-08-25,23.7,25.5
2008-08-26,22.6,24.4
2008-08-27,22.4,24.1
2008-08-28,22.9,24.9
2008-08-29,23.2,25.5
2008-08-30,23.6,25.7
2008-08-31,22.6,25.5
2008-09-01,22.1,25.4
2008-09-02,24.1,26.9
2008-09-03,25.0,27.7
2008-09-04,24.4,26.6
2008-09-05,23.3,25.0
2008-09-06,23.0,24.7
2008-09-07,21.9,23.9
2008-09-08,21.2,23.4
2008-09-09,20.8,22.9
2008-09-10,18.9,21.6
2008-09-11,19.2,22.1
2008-09-12,20.9,22.6
2008-09-13,22.0,23.9
2008-09-14,22.7,24.4
2008-09-15,20.8,21.9
2008-09-16,19.3,20.5
2008-09-17,18.5,20.5
2008-09-18,18.2,21.0
2008-09-19,18.2,21.0
2008-09-20,18.4,20.9
2008-09-21,18.5,21.3
2008-09-22,18.3,21.4
2008-09-23,18.2,21.8
2008-09-24,17.8,21.6
2008-09-25,16.9,20.7
2008-09-26,16.7,20.0
2008-09-27,17.9,21.1
2008-09-28,18.3,21.7
2008-09-29,17.6,21.1
2008-09-30,,20.8
2008-10-01,,18.9
2008-10-02,,17.2
2008-10-03,,16.4
2008-10-04,,16.8
2008-10-05,,17.2
2008-10-06,,17.8
2008-10-07,,18.2
2008-10-08,,17.9
2008-10-09,,17.3
2008-10-10,,16.7
2008-10-11,,17.3
2008-10-12,,17.6
2008-10-13,,17.5
2008-10-14,,18.6
2008-10-15,,19.3
2008-10-16,,19.4
2008-10-17,,16.6
2008-10-18,,15.0
2008-10-19,,13.2
2008-10-20,,12.2
2008-10-21,,12.8
2008-10-22,,11.6
2008-10-23,,10.6
2008-10-24,,11.2
2008-10-25,,11.3
2008-10-26,,10.4
2008-10-27,,9.2
2008-10-28,,7.9
2008-10-29,,7.2
2008-10-30,,6.9
2008-10-31,,7.4
2008-11-01,,9.0
2008-11-02,,10.8
2008-11-03,,11.5
2008-11-04,,11.5
2008-11-05,,11.2
2008-11-06,,11.1
2008-11-07,,11.6
2008-11-08,,10.3
2008-11-09,,8.9
2008-11-10,,7.7
2008-11-11,,6.1
2008-11-12,,7.0
2008-11-13,,8.7
2008-11-14,,9.9
2008-11-15,,10.3
2008-11-16,,7.0
2008-11-17,,5.7
2008-11-18,,4.2
2008-11-19,,2.6
2008-11-20,,2.6
2008-11-21,,2.7
2008-11-22,,1.6
2008-11-23,,1.3
2008-11-24,,1.4
2008-11-25,,1.8
2008-11-26,,2.3
2008-11-27,,1.5
2008-11-28,,2.3
2008-11-29,,2.0
2008-11-30,,2.4
2008-12-01,,3.2
2008-12-02,,2.0
2008-12-03,,0.8
2008-12-04,,2.4
2008-12-05,,0.7
2008-12-06,,0.1
2008-12-07,,0.1
2008-12-08,,0.3
2008-12-09,,1.0
2008-12-10,,3.1
2008-12-11,,2.5
2008-12-12,,1.4
2008-12-13,,0.3
2008-12-14,,1.3
2008-12-15,,4.5
2008-12-16,,1.5
2008-12-17,,1.3
2008-12-18,,1.5
2008-12-19,,4.7
2008-12-20,,5.1
2008-12-21,,2.1
2008-12-22,,0.0
2008-12-23,,0.0
2008-12-24,,2.3
2008-12-25,,2.5
2008-12-26,,1.4
2008-12-27,,6.5
2008-12-28,,8.0
2008-12-29,,4.6
2008-12-30,,3.5
2008-12-31,,2.6
2009-01-01,,0.3
2009-01-02,,0.8
2009-01-03,,0.9
2009-01-04,,3.4
2009-01-05,,3.3
2009-01-06,,2.3
2009-01-07,,2.8
2009-01-08,,1.4
2009-01-09,,0.8
2009-01-10,,2.6
2009-01-11,,2.8
2009-01-12,,2.2
2009-01-13,,1.7
2009-01-14,,-0.1
2009-01-15,,-0.1
2009-01-16,,-0.1
2009-01-17,,-0.1
2009-01-18,,-0.1
2009-01-19,,-0.0
2009-01-20,,-0.1
2009-01-21,,-0.1
2009-01-22,,-0.0
2009-01-23,,0.0
2009-01-24,,0.1
2009-01-25,,-0.1
2009-01-26,,-0.0
2009-01-27,,0.0
2009-01-28,,-0.1
2009-01-29,,-0.1
2009-01-30,,-0.1
2009-01-31,,-0.1
2009-02-01,,-0.1
2009-02-02,,-0.1
2009-02-03,,-0.1
2009-02-04,,-0.1
2009-02-05,,-0.0
2009-02-06,,0.0
2009-02-07,,0.1
2009-02-08,,3.6
2009-02-09,,3.7
2009-02-10,,6.0
2009-02-11,,7.5
2009-02-12,,6.6
2009-02-13,,5.6
2009-02-14,,5.2
2009-02-15,,4.3
2009-02-16,,3.0
2009-02-17,,2.4
2009-02-18,,5.5
2009-02-19,,4.3
2009-02-20,,1.6
2009-02-21,,1.5
2009-02-22,,1.2
2009-02-23,,0.9
2009-02-24,,1.1
2009-02-25,,3.1
2009-02-26,,6.3
2009-02-27,,7.4
2009-02-28,,4.4
2009-03-01,,2.8
2009-03-02,,1.2
2009-03-03,,0.7
2009-03-04,,1.8
2009-03-05,,4.7
2009-03-06,,9.5
2009-03-07,,12.2
2009-03-08,,13.4
2009-03-09,,12.2
2009-03-10,,13.1
2009-03-11,,13.0
2009-03-12,,7.7
2009-03-13,,6.8
2009-03-14,,6.8
2009-03-15,,9.2
2009-03-16,,10.6
2009-03-17,,11.3
2009-03-18,,12.6
2009-03-19,,13.6
2009-03-20,,10.4
2009-03-21,,9.1
2009-03-22,,9.8
2009-03-23,,10.9
2009-03-24,,11.7
2009-03-25,,12.7
2009-03-26,,11.3
2009-03-27,,9.8
2009-03-28,,9.5
2009-03-29,,8.9
2009-03-30,,9.0
2009-03-31,,9.8
2009-04-01,,12.3
2009-04-02,,13.1
2009-04-03,,12.9
2009-04-04,,11.0
2009-04-05,,12.4
2009-04-06,,11.5
2009-04-07,,7.7
2009-04-08,,8.4
2009-04-09,,10.5
2009-04-10,,12.5
2009-04-11,,11.7
2009-04-12,,11.4
2009-04-13,,11.0
2009-04-14,,11.5
2009-04-15,,10.1
2009-04-16,,12.0
2009-04-17,,13.7
2009-04-18,,14.8
2009-04-19,,14.6
2009-04-20,,13.2
2009-04-21,,11.1
2009-04-22,,11.4
2009-04-23,,13.0
2009-04-24,,16.0
2009-04-25,,19.1
2009-04-26,,20.5
2009-04-27,,21.4
2009-04-28,,19.9
2009-04-29,,19.8
2009-04-30,,19.6
2009-05-01,,19.4
2009-05-02,,18.6
2009-05-03,,18.3
2009-05-04,,18.6
2009-05-05,,19.8
2009-05-06,,18.0
2009-05-07,,18.2
2009-05-08,,18.3
2009-05-09,,18.2
2009-05-10,,17.8
2009-05-11,,18.2
2009-05-12,,17.6
2009-05-13,,16.3
2009-05-14,,16.6
2009-05-15,,18.0
2009-05-16,,19.0
2009-05-17,,17.3
2009-05-18,,16.4
2009-05-19,,16.9
2009-05-20,,18.6
2009-05-21,,20.5
2009-05-22,,22.2
2009-05-23,,23.3
2009-05-24,,23.7
2009-05-25,,22.6
2009-05-26,,23.5
2009-05-27,,23.4
2009-05-28,,22.3
2009-05-29,,22.4
2009-05-30,,22.4
2009-05-31,,23.1
2009-06-01,,22.9
2009-06-02,,24.9
2009-06-03,,20.8
2009-06-04,,18.1
2009-06-05,,19.3
2009-06-06,,20.5
2009-06-07,,22.1
2009-06-08,,23.4
2009-06-09,,24.8
2009-06-10,,21.9
2009-06-11,,20.2
2009-06-12,,19.8
2009-06-13,,20.5
2009-06-14,,21.4
2009-06-15,,22.4
2009-06-16,,22.5
2009-06-17,,23.8
2009-06-18,,23.8
2009-06-19,,26.3
2009-06-20,,27.9
2009-06-21,,27.4
2009-06-22,,26.9
2009-06-23,,27.2
2009-06-24,,27.4
2009-06-25,,26.7
2009-06-26,,23.5
2009-06-27,,25.2
2009-06-28,,25.9
2009-06-29,,25.0
2009-06-30,,24.1
2009-07-01,,22.2
2009-07-02,,21.2
2009-07-03,,22.2
2009-07-04,,21.5
2009-07-05,,19.7
2009-07-06,,21.6
2009-07-07,,23.1
2009-07-08,,22.5
2009-07-09,,22.7
2009-07-10,,23.6
2009-07-11,,24.0
2009-07-12,,25.2
2009-07-13,,25.4
2009-07-14,,25.2
2009-07-15,,24.4
2009-07-16,,25.6
2009-07-17,,25.3
2009-07-18,,22.5
2009-07-19,,21.5
2009-07-20,,21.9
2009-07-21,,23.0
2009-07-22,,22.2
2009-07-23,,21.0
2009-07-24,,22.6
2009-07-25,,22.1
2009-07-26,,22.7
2009-07-27,,24.0
2009-07-28,,24.6
2009-07-29,,22.3
2009-07-30,,22.4
2009-07-31,,21.9
2009-08-01,,21.5
2009-08-02,,22.5
2009-08-03,,22.4
2009-08-04,,21.2
2009-08-05,,20.4
2009-08-06,,22.2
2009-08-07,,21.8
2009-08-08,,23.3
2009-08-09,,25.3
2009-08-10,,26.2
2009-08-11,,25.6
2009-08-12,,24.9
2009-08-13,,25.0
2009-08-14,,24.8
2009-08-15,,24.9
2009-08-16,,26.3
2009-08-17,,26.7
2009-08-18,,26.4
2009-08-19,,26.8
2009-08-20,,26.6
2009-08-21,,25.6
2009-08-22,,23.0
2009-08-23,,21.6
2009-08-24,,21.2
2009-08-25,,22.1
2009-08-26,,23.8
2009-08-27,,24.9
2009-08-28,,25.2
2009-08-29,,25.0
2009-08-30,,23.1
2009-08-31,,20.8
2009-09-01,,20.1
2009-09-02,,20.4
2009-09-03,,21.6
2009-09-04,,22.4
2009-09-05,,22.6
2009-09-06,,22.0
2009-09-07,,21.8
2009-09-08,,22.0
2009-09-09,,22.4
2009-09-10,,22.5
2009-09-11,,22.2
2009-09-12,,21.6
2009-09-13,,21.5
2009-09-14,,21.0
2009-09-15,,21.4
2009-09-16,,22.2
2009-09-17,,22.0
2009-09-18,,22.2
2009-09-19,,21.7
2009-09-20,,20.4
2009-09-21,,20.2
2009-09-22,,22.1
2009-09-23,,22.4
2009-09-24,,21.2
2009-09-25,,19.6
2009-09-26,,19.5
2009-09-27,,18.3
2009-09-28,,17.6
2009-09-29,,15.4
2009-09-30,,15.0
2009-10-01,,14.3
2009-10-02,,15.0
2009-10-03,,14.2
2009-10-04,,14.5
2009-10-05,,14.0
2009-10-06,,13.5
2009-10-07,,14.5
2009-10-08,,13.0
2009-10-09,,14.6
2009-10-10,,14.4
2009-10-11,,12.3
2009-10-12,,11.9
2009-10-13,,13.2
2009-10-14,,11.5
2009-10-15,,10.3
2009-10-16,,9.7
2009-10-17,,9.2
2009-10-18,,7.9
2009-10-19,,8.0
2009-10-20,,9.5
2009-10-21,,10.7
2009-10-22,,11.6
2009-10-23,,13.2
2009-10-24,,12.9
2009-10-25,,10.5
2009-10-26,,10.2
2009-10-27,,9.8
2009-10-28,,12.0
2009-10-29,,12.6
2009-10-30,,14.7
2009-10-31,,13.8
2009-11-01,,10.4
2009-11-02,,9.3
2009-11-03,,9.4
2009-11-04,,8.1
2009-11-05,,7.6
2009-11-06,,6.9
2009-11-07,,8.2
2009-11-08,,9.5
2009-11-09,,9.9
2009-11-10,,11.1
2009-11-11,,10.3
2009-11-12,,8.0
2009-11-13,,7.2
2009-11-14,,7.9
2009-11-15,,8.9
2009-11-16,,10.3
2009-11-17,,9.9
2009-11-18,,9.9
2009-11-19,,9.7
2009-11-20,,8.6
2009-11-21,,7.3
2009-11-22,,6.7
2009-11-23,,7.5
2009-11-24,,8.4
2009-11-25,,8.9
2009-11-26,,7.4
2009-11-27,,6.0
2009-11-28,,4.5
2009-11-29,,5.7
2009-11-30,,7.4
2009-12-01,,5.2
2009-12-02,,5.0
2009-12-03,,6.3
2009-12-04,,4.5
2009-12-05,,2.4
2009-12-06,,0.6
2009-12-07,,0.8
2009-12-08,,2.5
2009-12-09,,6.2
2009-12-10,,2.3
2009-12-11,,0.6
2009-12-12,,0.6
2009-12-13,,1.8
2009-12-14,,4.9
2009-12-15,,6.0
2009-12-16,,2.6
2009-12-17,,1.3
2009-12-18,,1.5
2009-12-19,,2.1
2009-12-20,,2.6
2009-12-21,,2.8
2009-12-22,,3.2
2009-12-23,,3.9
2009-12-24,,4.5
2009-12-25,,6.2
2009-12-26,,4.7
2009-12-27,,3.6
2009-12-28,,1.4
2009-12-29,,1.1
2009-12-30,,1.1
2009-12-31,,2.6
2010-01-01,,1.4
2010-01-02,,0.5
2010-01-03,,0.4
2010-01-04,,0.5
2010-01-05,,0.4
2010-01-06,,0.4
2010-01-07,,0.4
2010-01-08,,0.4
2010-01-09,,0.3
2010-01-10,,0.3
2010-01-11,,0.3
2010-01-12,,0.3
2010-01-13,,0.3
2010-01-14,,0.3
2010-01-15,,0.3
2010-01-16,,0.4
2010-01-17,,0.4
2010-01-18,,0.3
2010-01-19,,0.8
2010-01-20,,1.4
2010-01-21,,2.4
2010-01-22,,5.2
2010-01-23,,6.1
2010-01-24,,6.6
2010-01-25,,6.0
2010-01-26,,3.3
2010-01-27,,2.1
2010-01-28,,2.4
2010-01-29,,0.2
2010-01-30,,0.2
2010-01-31,,0.2
2010-02-01,,0.3
2010-02-02,,0.6
2010-02-03,,0.9
2010-02-04,,0.7
2010-02-05,,1.2
2010-02-06,,0.5
2010-02-07,,0.2
2010-02-08,,0.2
2010-02-09,,0.1
2010-02-10,,0.1
2010-02-11,,0.2
2010-02-12,,0.3
2010-02-13,,0.2
2010-02-14,,0.2
2010-02-15,,0.1
2010-02-16,,0.1
2010-02-17,,0.2
2010-02-18,,0.2
2010-02-19,,0.2
2010-02-20,,0.3
2010-02-21,,0.5
2010-02-22,,1.9
2010-02-23,,3.4
2010-02-24,,3.2
2010-02-25,,2.0
2010-02-26,,2.4
2010-02-27,,2.5
2010-02-28,,2.9
2010-03-01,,3.9
2010-03-02,,3.7
2010-03-03,,3.5
2010-03-04,,4.1
2010-03-05,,3.8
2010-03-06,,4.2
2010-03-07,,4.6
2010-03-08,,7.2
2010-03-09,,8.1
2010-03-10,,10.4
2010-03-11,,10.5
2010-03-12,,10.4
2010-03-13,,9.1
2010-03-14,,8.2
2010-03-15,,7.7
2010-03-16,,8.9
2010-03-17,,10.2
2010-03-18,,10.3
2010-03-19,,10.9
2010-03-20,,11.4
2010-03-21,,11.6
2010-03-22,,10.6
2010-03-23,,10.2
2010-03-24,,11.1
2010-03-25,,11.2
2010-03-26,,9.0
2010-03-27,,9.2
2010-03-28,,10.9
2010-03-29,,10.1
2010-03-30,,10.4
2010-03-31,,12.2
2010-04-01,,15.0
2010-04-02,,16.5
2010-04-03,,16.3
2010-04-04,,15.4
2010-04-05,,17.5
2010-04-06,,19.7
2010-04-07,,19.3
2010-04-08,,17.3
2010-04-09,,14.3
2010-04-10,,14.2
2010-04-11,,15.3
2010-04-12,,16.6
2010-04-13,,17.5
2010-04-14,,18.6
2010-04-15,,19.6
2010-04-16,,19.6
2010-04-17,,17.5
2010-04-18,,15.3
2010-04-19,,15.8
2010-04-20,,16.1
2010-04-21,,16.5
2010-04-22,,16.5
2010-04-23,,15.8
2010-04-24,,15.9
2010-04-25,,15.3
2010-04-26,,13.9
2010-04-27,,13.4
2010-04-28,,13.8
2010-04-29,,15.0
2010-04-30,,17.9
2010-05-01,,17.7
2010-05-02,,16.2
2010-05-03,,17.0
2010-05-04,,18.4
2010-05-05,,18.6
2010-05-06,,19.8
2010-05-07,,19.5
2010-05-08,,17.4
2010-05-09,,14.6
2010-05-10,,14.1
2010-05-11,,15.5
2010-05-12,,16.4
2010-05-13,,18.4
2010-05-14,,20.5
2010-05-15,,20.2
2010-05-16,,18.9
2010-05-17,,16.9
2010-05-18,,16.1
2010-05-19,,15.9
2010-05-20,,17.1
2010-05-21,,18.3
2010-05-22,,18.6
2010-05-23,,20.4
2010-05-24,,22.3
2010-05-25,,23.4
2010-05-26,,23.4
2010-05-27,,23.5
2010-05-28,,24.1
2010-05-29,,24.9
2010-05-30,,25.6
2010-05-31,,26.3
2010-06-01,,25.0
2010-06-02,,25.3
2010-06-03,,25.9
2010-06-04,,26.4
2010-06-05,,26.7
2010-06-06,,26.4
2010-06-07,,24.5
2010-06-08,,24.0
2010-06-09,,22.8
2010-06-10,,22.3
2010-06-11,,23.8
2010-06-12,,23.0
2010-06-13,,23.3
2010-06-14,,23.2
2010-06-15,,24.1
2010-06-16,,23.2
2010-06-17,,23.5
2010-06-18,,24.5
2010-06-19,,25.5
2010-06-20,,26.3
2010-06-21,,26.1
2010-06-22,,25.8
2010-06-23,,27.5
2010-06-24,,27.6
2010-06-25,,26.6
2010-06-26,,27.0
2010-06-27,,27.5
2010-06-28,,23.3
2010-06-29,,23.3
2010-06-30,,22.9
2010-07-01,,22.6
2010-07-02,,22.7
2010-07-03,,23.6
2010-07-04,,26.2
2010-07-05,,27.4
2010-07-06,,27.8
2010-07-07,,28.3
2010-07-08,,28.4
2010-07-09,,27.7
2010-07-10,,27.2
2010-07-11,,26.8
2010-07-12,,27.6
2010-07-13,,25.6
2010-07-14,,25.5
2010-07-15,,27.8
2010-07-16,,28.9
2010-07-17,,28.6
2010-07-18,,27.7
2010-07-19,,28.0
2010-07-20,,27.3
2010-07-21,,24.6
2010-07-22,,26.1
2010-07-23,,27.8
2010-07-24,,29.0
2010-07-25,,29.4
2010-07-26,,28.3
2010-07-27,,27.2
2010-07-28,,28.0
2010-07-29,,28.5
2010-07-30,,25.9
2010-07-31,,25.3
2010-08-01,,25.9
2010-08-02,,26.8
2010-08-03,,27.2
2010-08-04,,28.7
2010-08-05,,28.7
2010-08-06,,27.3
2010-08-07,,26.2
2010-08-08,,26.1
2010-08-09,,26.8
2010-08-10,,28.1
2010-08-11,,28.7
2010-08-12,,28.8
2010-08-13,,28.8
2010-08-14,,28.7
2010-08-15,,28.2
2010-08-16,,27.7
2010-08-17,,26.7
2010-08-18,,26.4
2010-08-19,,26.3
2010-08-20,,26.4
2010-08-21,,25.8
2010-08-22,,26.2
2010-08-23,,25.4
2010-08-24,,24.5
2010-08-25,,24.4
2010-08-26,,24.3
2010-08-27,,24.0
2010-08-28,,23.9
2010-08-29,,24.8
2010-08-30,,25.6
2010-08-31,,25.9
2010-09-01,,26.0
2010-09-02,,26.0
2010-09-03,,25.6
2010-09-04,,22.9
2010-09-05,,21.7
2010-09-06,,21.7
2010-09-07,,22.9
2010-09-08,,23.3
2010-09-09,,22.1
2010-09-10,,21.2
2010-09-11,,21.3
2010-09-12,,22.2
2010-09-13,,22.1
2010-09-14,,22.4
2010-10-05,,15.1
2010-10-06,,14.1
2010-10-07,,15.3
2010-10-08,,15.7
2010-10-09,,15.8
2010-10-10,,16.5
2010-10-11,,17.3
2010-10-12,,17.4
2010-10-13,,17.7
2010-10-14,,17.3
2010-10-15,,15.8
2010-10-16,,14.4
2010-10-17,,14.3
2010-10-18,,14.5
2010-10-19,,14.7
2010-10-20,,13.4
2010-10-21,,12.8
2010-10-22,,11.6
2010-10-23,,11.5
2010-10-24,,13.7
2010-10-25,,15.6
2010-10-26,,15.9
2010-10-27,,13.2
2010-10-28,,12.9
2010-10-29,,11.2
2010-10-30,,9.5
2010-10-31,,9.8
2010-11-01,,9.1
2010-11-02,,8.6
2010-11-03,,8.2
2010-11-04,,8.3
2010-11-05,,8.4
2010-11-06,,7.2
2010-11-07,,5.9
2010-11-08,,6.2
2010-11-09,,6.8
2010-11-10,,7.4
2010-11-11,,8.0
2010-11-12,,8.1
2010-11-13,,8.2
2010-11-14,,9.6
2010-11-15,,7.4
2010-11-16,,6.8
2010-11-17,,7.1
2010-11-18,,6.1
2010-11-19,,5.5
2010-11-20,,5.2
2010-11-21,,6.5
2010-11-22,,9.6
2010-11-23,,11.1
2010-11-24,,6.1
2010-11-25,,8.0
2010-11-26,,7.2
2010-11-27,,5.5
2010-11-28,,4.1
2010-11-29,,3.9
2010-11-30,,8.3
2010-12-01,,6.0
2010-12-02,,4.1
2010-12-03,,4.0
2010-12-04,,2.4
2010-12-05,,1.8
2010-12-06,,0.1
2010-12-07,,-0.1
2010-12-08,,-0.2
2010-12-09,,-0.2
2010-12-10,,-0.1
2010-12-11,,-0.1
2010-12-12,,0.0
2010-12-13,,-0.2
2010-12-14,,-0.2
2010-12-15,,-0.3
2010-12-16,,-0.3
2010-12-17,,-0.3
2010-12-18,,-0.3
2010-12-19,,-0.3
2010-12-20,,-0.2
2010-12-21,,-0.2
2010-12-22,,-0.1
2010-12-23,,-0.2
2010-12-24,,-0.1
2010-12-25,,-0.2
2010-12-26,,-0.3
2010-12-27,,-0.3
2010-12-28,,-0.3
2010-12-29,,-0.3
2010-12-30,,0.1
2010-12-31,,4.7
2011-01-01,,7.0
2011-01-02,,3.0
2011-01-03,,0.3
2011-01-04,,0.3
2011-01-05,,-0.2
2011-01-06,,-0.2
2011-01-07,,-0.3
2011-01-08,,-0.4
2011-01-09,,-0.4
2011-01-10,,-0.3
2011-01-11,,-0.4
2011-01-12,,-0.4
2011-01-13,,-0.4
2011-01-14,,-0.4
2011-01-15,,-0.3
2011-01-16,,-0.2
2011-01-17,,-0.3
2011-01-18,,-0.3
2011-01-19,,-0.1
2011-01-20,,-0.2
2011-01-21,,-0.4
2011-01-22,,-0.4
2011-01-23,,-0.4
2011-01-24,,-0.5
2011-01-25,,-0.4
2011-01-26,,-0.4
2011-01-27,,-0.3
2011-01-28,,-0.3
2011-01-29,,-0.3
2011-01-30,,-0.2
2011-01-31,,-0.3
2011-02-01,,-0.0
2011-02-02,,2.2
2011-02-03,,0.5
2011-02-04,,0.1
2011-02-05,,1.1
2011-02-06,,2.3
2011-02-07,,3.1
2011-02-08,,1.7
2011-02-09,,-0.2
2011-02-10,,-0.1
2011-02-11,,-0.1
2011-02-12,,0.4
2011-02-13,,1.6
2011-02-14,,2.6
2011-02-15,,2.0
2011-02-16,,3.7
2011-02-17,,6.8
2011-02-18,,10.0
2011-02-19,,6.9
2011-02-20,,4.5
2011-02-21,,6.1
2011-02-22,,4.7
2011-02-23,,4.6
2011-02-24,,5.3
2011-02-25,,4.7
2011-02-26,,4.2
2011-02-27,,6.4
2011-02-28,,8.3
2011-03-01,,5.7
2011-03-02,,6.0
2011-03-03,,5.7
2011-03-04,,6.3
2011-03-05,,8.0
2011-03-06,,6.1
2011-03-07,,5.7
2011-03-08,,6.8
2011-03-09,,7.6
2011-03-10,,6.9
2011-03-11,,6.1
2011-03-12,,7.7
2011-03-13,,8.3
2011-03-14,,7.2
2011-03-15,,7.5
2011-03-16,,9.2
2011-03-17,,10.2
2011-03-18,,12.4
2011-03-19,,11.0
2011-03-20,,10.3
2011-03-21,,13.7
2011-03-22,,15.9
2011-03-23,,16.1
2011-03-24,,11.6
2011-03-25,,8.1
2011-03-26,,7.4
2011-03-27,,6.9
2011-03-28,,7.4
2011-03-29,,7.1
2011-03-30,,6.4
2011-03-31,,6.4
2011-04-01,,6.7
2011-04-02,,8.0
2011-04-03,,10.4
2011-04-04,,13.4
2011-04-05,,10.0
2011-04-06,,10.4
2011-04-07,,13.0
2011-04-08,,15.6
2011-04-09,,14.3
2011-04-10,,14.6
2011-04-11,,16.1
2011-04-12,,12.5
2011-04-13,,12.0
2011-04-14,,13.5
2011-04-15,,13.6
2011-04-16,,12.3
2011-04-17,,11.9
2011-04-18,,14.6
2011-04-19,,14.2
2011-04-20,,14.0
2011-04-21,,12.8
2011-04-22,,13.0
2011-04-23,,14.6
2011-04-24,,14.8
2011-04-25,,15.4
2011-04-26,,15.6
2011-04-27,,16.1
2011-04-28,,15.2
2011-04-29,,14.4
2011-04-30,,15.0
2011-05-01,,16.4
2011-05-02,,15.2
2011-05-03,,12.3
2011-05-04,,11.8
2011-05-05,,12.6
2011-05-06,,14.0
2011-05-07,,13.7
2011-05-08,,14.4
2011-05-09,,16.4
2011-05-10,,18.2
2011-05-11,,20.8
2011-05-12,,22.7
2011-05-13,,22.5
2011-05-14,,20.6
2011-05-15,,17.6
2011-05-16,,14.4
2011-05-17,,12.5
2011-05-18,,12.7
2011-05-19,,14.8
2011-05-20,,17.5
2011-05-21,,19.9
2011-05-22,,22.1
2011-05-23,,21.3
2011-05-24,,19.2
2011-05-25,,20.5
2011-05-26,,19.5
2011-05-27,,17.5
2011-05-28,,18.5
2011-05-29,,21.6
2011-05-30,,24.1
2011-05-31,,25.7
2011-06-01,,26.2
2011-06-02,,23.4
2011-06-03,,22.8
2011-06-04,,24.0
2011-06-05,,25.5
2011-06-06,,25.8
2011-06-07,,26.8
2011-06-08,,27.9
2011-06-09,,28.5
2011-06-10,,28.0
2011-06-11,,24.6
2011-06-12,,25.1
2011-06-13,,24.2
2011-06-14,,23.5
2011-06-15,,20.9
2011-06-16,,22.3
2011-06-17,,24.6
2011-06-18,,24.1
2011-06-19,,22.1
2011-06-20,,20.4
2011-06-21,,21.4
2011-06-22,,21.5
2011-06-23,,22.0
2011-06-24,,21.1
2011-06-25,,21.6
2011-06-26,,20.1
2011-06-27,,20.0
2011-06-28,,22.4
2011-06-29,,22.8
2011-06-30,,23.7
2011-07-01,,24.7
2011-07-02,,25.4
2011-07-03,,26.9
2011-07-04,,26.4
2011-07-05,,26.9
2011-07-06,,27.5
2011-07-07,,27.6
2011-07-08,,25.1
2011-07-09,,25.3
2011-07-10,,26.6
2011-07-11,,28.5
2011-07-12,,29.9
2011-07-13,,28.8
2011-07-14,,26.8
2011-07-15,,26.8
2011-07-16,,27.7
2011-07-17,,28.0
2011-07-18,,28.4
2011-07-19,,28.8
2011-07-20,,29.6
2011-07-21,,30.6
2011-07-22,,31.1
2011-07-23,,31.0
2011-07-24,,30.6
2011-07-25,,30.1
2011-07-26,,29.3
2011-07-27,,29.4
2011-07-28,,29.9
2011-07-29,,30.1
2011-07-30,,29.1
2011-07-31,,29.5
2011-08-01,,29.1
2011-08-02,,29.6
2011-08-03,,27.7
2011-08-04,,28.0
2011-08-05,,28.0
2011-08-06,,28.7
2011-08-07,,27.3
2011-08-08,,27.1
2011-08-09,,27.3
2011-08-10,,26.7
2011-08-11,,25.5
2011-08-12,,24.6
2011-08-13,,25.4
2011-08-14,,25.3
2011-08-15,,24.7
2011-08-16,,24.1
2011-08-17,,24.0
2011-08-18,,25.1
2011-08-19,,24.1
2011-08-20,,24.3
2011-08-21,,25.5
2011-08-22,,25.1
2011-08-23,,24.2
2011-08-24,,25.1
2011-08-25,,26.9
2011-08-26,,26.2
2011-08-27,,25.4
2011-08-28,,25.3
2011-08-29,,24.6
2011-08-30,,23.9
2011-08-31,,24.3
2011-09-01,,25.5
2011-09-02,,27.0
2011-09-03,,27.7
2011-09-04,,26.9
2011-09-05,,23.9
2011-09-06,,20.2
2011-09-07,,18.7
2011-09-08,,18.3
2011-09-09,,18.9
2011-09-10,,20.3
2011-09-11,,21.5
2011-09-12,,21.9
2011-09-13,,22.4
2011-09-14,,22.9
2011-09-15,,20.2
2011-09-16,,16.9
2011-09-17,,17.7
2011-09-18,,17.7
2011-09-19,,18.5
2011-09-20,,19.4
2011-09-21,,20.1
2011-09-22,,19.9
2011-09-23,,18.2
2011-09-24,,16.6
2011-09-25,,18.1
2011-09-26,,18.6
2011-09-27,,16.7
2011-09-28,,16.1
2011-09-29,,16.9
2011-09-30,,15.8
2011-10-01,,13.2
2011-10-02,,12.4
2011-10-03,,13.4
2011-10-04,,14.3
2011-10-05,,15.1
2011-10-06,,16.1
2011-10-07,,16.6
2011-10-08,,17.0
2011-10-09,,16.7
2011-10-10,,17.2
2011-10-11,,17.4
2011-10-12,,17.4
2011-10-13,,16.1
2011-10-14,,15.8
2011-10-15,,14.6
2011-10-16,,14.8
2011-10-17,,15.8
2011-10-18,,15.1
2011-10-19,,13.5
2011-10-20,,11.7
2011-10-21,,11.9
2011-10-22,,11.4
2011-10-23,,11.3
2011-10-24,,12.7
2011-10-25,,12.4
2011-10-26,,14.0
2011-10-27,,14.4
2011-10-28,,11.3
2011-10-29,,9.8
2011-10-30,,9.3
2011-10-31,,10.6
2011-11-01,,10.1
2011-11-02,,9.9
2011-11-03,,9.1
2011-11-04,,11.5
2011-11-05,,9.5
2011-11-06,,8.5
2011-11-07,,9.6
2011-11-08,,10.7
2011-11-09,,11.4
2011-11-10,,9.5
2011-11-11,,7.1
2011-11-12,,7.4
2011-11-13,,9.9
2011-11-14,,13.6
2011-11-15,,13.6
2011-11-16,,12.7
2011-11-17,,9.2
2011-11-18,,6.3
2011-11-19,,6.5
2011-11-20,,10.0
2011-11-21,,11.0
2011-11-22,,11.6
2011-11-23,,11.4
2011-11-24,,10.0
2011-11-25,,8.3
2011-11-26,,9.2
2011-11-27,,11.6
2011-11-28,,11.1
2011-11-29,,10.7
2011-11-30,,8.4
2011-12-01,,6.3
2011-12-02,,5.6
2011-12-03,,6.0
2011-12-04,,7.2
2011-12-05,,9.9
2011-12-06,,8.9
2011-12-07,,7.4
2011-12-08,,5.3
2011-12-09,,5.0
2011-12-10,,3.7
2011-12-11,,1.7
2011-12-12,,1.5
2011-12-13,,3.0
2011-12-14,,5.9
2011-12-15,,9.3
2011-12-16,,7.8
2011-12-17,,5.9
2011-12-18,,5.0
2011-12-19,,5.4
2011-12-20,,7.0
2011-12-21,,9.5
2011-12-22,,9.7
2011-12-23,,8.2
2011-12-24,,6.4
2011-12-25,,5.1
2011-12-26,,4.6
2011-12-27,,6.0
2011-12-28,,6.1
2011-12-29,,5.8
2011-12-30,,7.2
2011-12-31,,7.6
2012-01-01,,6.5
2012-01-02,,4.0
2012-01-03,,1.5
2012-01-04,,1.1
2012-01-05,,1.8
2012-01-06,,2.7
2012-01-07,,2.8
2012-01-08,,2.5
2012-01-09,,3.0
2012-01-10,,2.3
2012-01-11,,3.2
2012-01-12,,5.3
2012-01-13,,1.1
2012-01-14,,0.3
2012-01-15,,0.2
2012-01-16,,0.7
2012-01-17,,6.1
2012-01-18,,4.4
2012-01-19,,2.7
2012-01-20,,1.6
2012-01-21,,1.6
2012-01-22,,2.2
2012-01-23,,6.6
2012-01-24,,5.6
2012-01-25,,4.6
2012-01-26,,5.9
2012-01-27,,6.4
2012-01-28,,5.5
2012-01-29,,4.0
2012-01-30,,4.0
2012-01-31,,6.3
2012-02-01,,8.8
2012-02-02,,8.4
2012-02-03,,6.5
2012-02-04,,6.6
2012-02-05,,6.5
2012-02-06,,4.9
2012-02-07,,4.4
2012-02-08,,4.3
2012-02-09,,3.8
2012-02-10,,3.2
2012-02-11,,1.6
2012-02-12,,0.8
2012-02-13,,0.8
2012-02-14,,1.8
2012-02-15,,3.6
2012-02-16,,5.5
2012-02-17,,6.1
2012-02-18,,5.6
2012-02-19,,4.9
2012-02-20,,4.1
2012-02-21,,4.9
2012-02-22,,6.6
2012-02-23,,7.9
2012-02-24,,7.6
2012-02-25,,4.9
2012-02-26,,4.3
2012-02-27,,6.2
2012-02-28,,6.7
2012-02-29,,9.5
2012-03-01,,8.9
2012-03-02,,8.2
2012-03-03,,7.7
2012-03-04,,6.0
2012-03-05,,5.0
2012-03-06,,5.4
2012-03-07,,8.6
2012-03-08,,10.5
2012-03-09,,8.6
2012-03-10,,7.5
2012-03-11,,8.3
2012-03-12,,10.8
2012-03-13,,14.2
2012-03-14,,15.1
2012-03-15,,15.3
2012-03-16,,14.0
2012-03-17,,15.0
2012-03-18,,17.0
2012-03-19,,18.5
2012-03-20,,18.8
2012-03-21,,18.8
2012-03-22,,19.7
2012-03-23,,18.3
2012-03-24,,15.3
2012-03-25,,14.5
2012-03-26,,14.4
2012-03-27,,12.6
2012-03-28,,14.3
2012-03-29,,14.7
2012-03-30,,15.9
2012-03-31,,15.5
2012-04-01,,14.2
2012-04-02,,16.2
2012-04-03,,17.3
2012-04-04,,19.0
2012-04-05,,16.3
2012-04-06,,13.7
2012-04-07,,13.4
2012-04-08,,15.3
2012-04-09,,14.5
2012-04-10,,13.6
2012-04-11,,11.0
2012-04-12,,11.6
2012-04-13,,13.2
2012-04-14,,13.4
2012-04-15,,15.6
2012-04-16,,17.9
2012-04-17,,15.9
2012-04-18,,16.5
2012-04-19,,17.3
2012-04-20,,18.0
2012-04-21,,14.7
2012-04-22,,11.8
2012-04-23,,12.1
2012-04-24,,13.0
2012-04-25,,15.8
2012-04-26,,16.1
2012-04-27,,15.2
2012-04-28,,13.8
2012-04-29,,13.9
2012-04-30,,17.3
2012-05-01,,19.3
2012-05-02,,21.0
2012-05-03,,22.4
2012-05-04,,22.5
2012-05-05,,21.4
2012-05-06,,22.0
2012-05-07,,23.1
2012-05-08,,22.1
2012-05-09,,20.7
2012-05-10,,18.9
2012-05-11,,18.7
2012-05-12,,18.5
2012-05-13,,16.8
2012-05-14,,17.1
2012-05-15,,18.4
2012-05-16,,19.5
2012-05-17,,19.7
2012-05-18,,19.5
2012-05-19,,21.0
2012-05-20,,22.7
2012-05-21,,23.0
2012-05-22,,21.0
2012-05-23,,20.5
2012-05-24,,22.2
2012-05-25,,23.9
2012-05-26,,25.7
2012-05-27,,26.5
2012-05-28,,26.8
2012-05-29,,25.1
2012-05-30,,24.1
2012-05-31,,22.7
2012-06-01,,19.2
2012-06-02,,18.1
2012-06-03,,19.9
2012-06-04,,21.3
2012-06-05,,20.4
2012-06-06,,19.8
2012-06-07,,20.8
2012-06-08,,22.3
2012-06-09,,23.0
2012-06-10,,23.8
2012-06-11,,24.0
2012-06-12,,24.5
2012-06-13,,23.6
2012-06-14,,23.1
2012-06-15,,23.7
2012-06-16,,25.5
2012-06-17,,25.6
2012-06-18,,25.8
2012-06-19,,26.7
2012-06-20,,27.2
2012-06-21,,27.7
2012-06-22,,27.9
2012-06-23,,26.9
2012-06-24,,26.8
2012-06-25,,26.9
2012-06-26,,25.2
2012-06-27,,24.5
2012-06-28,,25.5
2012-06-29,,27.4
2012-06-30,,28.3
2012-07-01,,28.7
2012-07-02,,28.4
2012-07-03,,29.2
2012-07-04,,29.9
2012-07-05,,30.4
2012-07-06,,30.4
2012-07-07,,30.9
2012-07-08,,31.0
2012-07-09,,30.2
2012-07-10,,28.6
2012-07-11,,28.2
2012-07-12,,27.4
2012-07-13,,27.2
2012-07-14,,27.2
2012-07-15,,27.1
2012-07-16,,28.2
2012-07-17,,29.4
2012-07-18,,28.6
2012-07-19,,25.1
2012-07-20,,25.1
2012-07-21,,25.0
2012-07-22,,26.3
2012-07-23,,27.5
2012-07-24,,28.0
2012-07-25,,28.7
2012-07-26,,28.1
2012-07-27,,27.4
2012-07-28,,26.0
2012-07-29,,25.9
2012-07-30,,26.2
2012-07-31,,26.5
2012-08-01,,27.3
2012-08-02,,27.1
2012-08-03,,27.0
2012-08-04,,27.6
2012-08-05,,28.0
2012-08-06,,27.9
2012-08-07,,27.4
2012-08-08,,27.6
2012-08-09,,25.6
2012-08-10,,22.1
2012-08-11,,21.9
2012-08-12,,22.5
2012-08-13,,22.9
2012-08-14,,23.1
2012-08-15,,23.7
2012-08-16,,24.0
2012-08-17,,24.1
2012-08-18,,22.8
2012-08-19,,23.1
2012-08-20,,22.4
2012-08-21,,22.2
2012-08-22,,22.7
2012-08-23,,22.9
2012-08-24,,23.6
2012-08-25,,24.6
2012-08-26,,24.9
2012-08-27,,25.0
2012-08-28,,25.2
2012-08-29,,24.7
2012-08-30,,24.0
2012-08-31,,24.3
2012-09-01,,25.9
2012-09-02,,25.9
2012-09-03,,23.6
2012-09-04,,24.7
2012-09-05,,24.8
2012-09-06,,24.2
2012-09-07,,25.0
2012-09-08,,22.0
2012-09-09,,20.4
2012-09-10,,19.8
2012-09-11,,19.8
2012-09-12,,20.3
2012-09-13,,22.1
2012-09-14,,21.2
2012-09-15,,19.7
2012-09-16,,20.0
2012-09-17,,19.7
2012-09-18,,20.0
2012-09-19,,17.4
2012-09-20,,16.8
2012-09-21,,17.8
2012-09-22,,18.9
2012-09-23,,15.8
2012-09-24,,14.7
2012-09-25,,14.8
2012-09-26,,17.3
2012-09-27,,18.4
2012-09-28,,18.3
2012-09-29,,18.8
2012-09-30,,17.8
2012-10-01,,16.4
2012-10-02,,17.1
2012-10-03,,17.9
2012-10-04,,17.7
2012-10-05,,17.8
2012-10-06,,15.1
2012-10-07,,13.5
2012-10-08,,11.7
2012-10-09,,11.3
2012-10-10,,11.9
2012-10-11,,10.6
2012-10-12,,11.2
2012-10-13,,11.5
2012-10-14,,14.5
2012-10-15,,15.3
2012-10-16,,12.8
2012-10-17,,13.9
2012-10-18,,14.8
2012-10-19,,12.3
2012-10-20,,11.7
2012-10-21,,11.7
2012-10-22,,13.4
2012-10-23,,15.2
2012-10-24,,16.9
2012-10-25,,16.2
2012-10-26,,14.6
2012-10-27,,11.8
2012-10-28,,10.6
2012-10-29,,9.0
2012-10-30,,7.6
2012-10-31,,7.8
2012-11-01,,8.3
2012-11-02,,8.5
2012-11-03,,6.6
2012-11-04,,7.0
2012-11-05,,6.3
2012-11-06,,5.9
2012-11-07,,7.7
2012-11-08,,6.7
2012-11-09,,6.6
2012-11-10,,8.5
2012-11-11,,8.9
2012-11-12,,10.0
2012-11-13,,6.8
2012-11-14,,4.8
2012-11-15,3.2,4.2
2012-11-16,3.0,3.8
2012-11-17,3.0,3.9
2012-11-18,3.2,3.9
2012-11-19,3.7,4.2
2012-11-20,5.3,5.8
2012-11-21,7.1,7.3
2012-11-22,6.4,6.5
2012-11-23,7.1,7.3
2012-11-24,5.3,4.8
2012-11-25,3.8,3.5
2012-11-26,4.1,4.3
2012-11-27,4.6,4.7
2012-11-28,3.7,2.7
2012-11-29,3.2,1.7
2012-11-30,3.5,2.6
2012-12-01,4.0,5.2
2012-12-02,6.3,7.5
2012-12-03,9.0,10.3
2012-12-04,10.6,11.0
2012-12-05,8.7,8.9
2012-12-06,5.5,6.0
2012-12-07,7.8,8.3
2012-12-08,10.1,10.3
2012-12-09,9.9,10.5
2012-12-10,10.0,10.1
2012-12-11,6.2,
2012-12-12,2.9,
2012-12-13,1.6,2.4
2012-12-14,1.4,2.3
2012-12-15,2.5,3.7
2012-12-16,5.4,6.6
2012-12-17,7.2,7.7
2012-12-18,7.4,7.5
2012-12-19,5.6,6.0
2012-12-20,6.8,7.0
2012-12-21,4.4,4.4
2012-12-22,2.6,2.7
2012-12-23,1.6,2.1
2012-12-24,2.7,3.1
2012-12-25,3.4,3.5
2012-12-26,3.6,3.0
2012-12-27,3.9,3.4
2012-12-28,3.6,3.3
2012-12-29,2.7,2.7
2012-12-30,1.7,1.8
2012-12-31,0.7,1.2
2013-01-01,2.2,2.3
2013-01-02,1.6,1.7
2013-01-03,0.4,0.6
2013-01-04,0.7,1.3
2013-01-05,0.5,0.9
2013-01-06,1.2,1.7
2013-01-07,1.0,1.2
2013-01-08,0.6,0.9
2013-01-09,1.6,2.3
2013-01-10,1.8,2.4
2013-01-11,6.0,6.3
2013-01-12,7.4,7.9
2013-01-13,9.5,10.4
2013-01-14,6.2,6.3
2013-01-15,3.6,3.8
2013-01-16,2.9,3.6
2013-01-17,3.2,3.5
2013-01-18,1.9,2.2
2013-01-19,2.3,2.7
2013-01-20,3.1,3.1
2013-01-21,1.2,1.4
2013-01-22,-0.1,0.0
2013-01-23,-0.1,0.1
2013-01-24,-0.1,0.2
2013-01-25,-0.2,0.1
2013-01-26,,0.1
2013-01-27,,0.2
2013-01-28,,0.2
2013-01-29,0.6,2.4
2013-01-30,6.6,7.9
2013-01-31,3.9,4.4
2013-02-01,0.4,0.6
2013-02-02,-0.2,0.1
2013-02-03,-0.1,0.3
2013-02-04,-0.2,0.1
2013-02-05,0.3,0.9
2013-02-06,2.4,2.1
2013-02-07,3.6,3.8
2013-02-08,4.6,4.7
2013-02-09,3.1,3.5
2013-02-10,3.1,3.7
2013-02-11,6.1,6.4
2013-02-12,4.9,5.3
2013-02-13,3.5,3.8
2013-02-14,3.0,3.8
2013-02-15,3.5,4.0
2013-02-16,1.7,2.0
2013-02-17,0.6,0.9
2013-02-18,1.2,1.8
2013-02-19,3.0,3.6
2013-02-20,1.5,1.8
2013-02-21,0.8,1.5
2013-02-22,1.8,2.4
2013-02-23,3.9,4.3
2013-02-24,3.8,4.2
2013-02-25,3.1,3.8
2013-02-26,4.2,4.8
2013-02-27,5.0,5.4
2013-02-28,3.5,4.0
2013-03-01,3.6,3.7
2013-03-02,2.7,2.7
2013-03-03,2.1,1.9
2013-03-04,1.8,2.0
2013-03-05,3.2,3.3
2013-03-06,1.9,2.2
2013-03-07,3.2,3.3
2013-03-08,4.3,4.4
2013-03-09,5.0,5.5
2013-03-10,7.9,8.2
2013-03-11,8.0,8.4
2013-03-12,6.3,6.6
2013-03-13,5.0,5.2
2013-03-14,3.9,4.4
2013-03-15,5.0,5.4
2013-03-16,7.9,8.4
2013-03-17,6.9,7.3
2013-03-18,5.4,5.8
2013-03-19,6.2,6.6
2013-03-20,5.2,5.7
2013-03-21,3.6,4.0
2013-03-22,3.4,3.9
2013-03-23,5.8,6.0
2013-03-24,5.5,5.3
2013-03-25,3.8,4.0
2013-03-26,4.1,4.3
2013-03-27,4.4,5.0
2013-03-28,5.6,6.2
2013-03-29,6.6,7.2
2013-03-30,8.0,8.8
2013-03-31,9.2,9.7
2013-04-01,7.8,8.9
2013-04-02,7.2,8.0
2013-04-03,7.1,7.8
2013-04-04,7.1,7.7
2013-04-05,8.0,9.0
2013-04-06,9.8,10.5
2013-04-07,13.2,13.6
2013-04-08,15.0,15.0
2013-04-09,16.1,16.8
2013-04-10,18.9,19.3
2013-04-11,18.0,17.9
2013-04-12,12.8,13.9
2013-04-13,11.2,12.0
2013-04-14,12.3,12.8
2013-04-15,14.3,14.6
2013-04-16,15.4,16.6
2013-04-17,16.1,18.2
2013-04-18,18.6,19.9
2013-04-19,14.1,15.1
2013-04-20,10.8,11.7
2013-04-21,11.5,12.1
2013-04-22,13.1,13.5
2013-04-23,13.9,14.3
2013-04-24,12.5,13.2
2013-04-25,10.6,11.2
2013-04-26,11.7,12.0
2013-04-27,12.0,12.2
2013-04-28,13.4,13.7
2013-04-29,14.2,14.8
2013-04-30,15.7,16.6
2013-05-01,18.5,19.0
2013-05-02,19.3,19.5
2013-05-03,19.4,19.8
2013-05-04,19.0,18.9
2013-05-05,15.3,15.5
2013-05-06,13.3,13.8
2013-05-07,14.5,15.2
2013-05-08,15.7,16.5
2013-05-09,17.1,17.4
2013-05-10,16.4,17.1
2013-05-11,13.8,14.8
2013-05-12,12.8,13.3
2013-05-13,12.9,13.4
2013-05-14,14.2,15.1
2013-05-15,18.6,19.4
2013-05-16,18.2,19.1
2013-05-17,16.3,18.4
2013-05-18,17.4,18.9
2013-05-19,18.8,20.3
2013-05-20,20.5,21.7
2013-05-21,21.3,22.5
2013-05-22,21.1,21.9
2013-05-23,19.7,20.3
2013-05-24,17.7,18.6
2013-05-25,15.3,16.5
2013-05-26,16.4,17.9
2013-05-27,18.5,19.9
2013-05-28,20.8,21.4
2013-05-29,22.3,23.2
2013-05-30,23.3,24.7
2013-05-31,22.7,23.1
2013-06-01,20.9,22.1
2013-06-02,21.3,22.1
2013-06-03,20.4,21.1
2013-06-04,19.1,20.5
2013-06-05,19.9,21.2
2013-06-06,19.9,20.5
2013-06-07,19.9,21.2
2013-06-08,20.2,21.6
2013-06-09,20.2,21.8
2013-06-10,20.0,20.9
2013-06-11,21.3,22.5
2013-06-12,23.2,24.2
2013-06-13,23.2,23.4
2013-06-14,21.3,22.1
2013-06-15,21.6,22.7
2013-06-16,21.5,22.5
2013-06-17,22.2,23.8
2013-06-18,22.7,24.1
2013-06-19,20.5,21.7
2013-06-20,21.3,22.7
2013-06-21,22.3,24.2
2013-06-22,23.7,25.7
2013-06-23,24.1,25.9
2013-06-24,24.2,26.0
2013-06-25,25.1,27.1
2013-06-26,23.7,25.2
2013-06-27,20.6,22.5
2013-06-28,22.5,24.2
2013-06-29,21.7,22.6
2013-06-30,21.6,23.2
2013-07-01,21.3,22.8
2013-07-02,20.3,21.3
2013-07-03,21.1,22.4
2013-07-04,20.7,21.6
2013-07-05,19.1,20.5
2013-07-06,20.0,20.8
2013-07-07,19.9,21.3
2013-07-08,20.8,22.5
2013-07-09,22.7,24.0
2013-07-10,23.7,25.0
2013-07-11,23.3,24.9
2013-07-12,22.1,24.0
2013-07-13,22.3,24.3
2013-07-14,23.5,25.6
2013-07-15,24.9,27.3
2013-07-16,26.0,27.7
2013-07-17,26.7,28.0
2013-07-18,27.2,28.5
2013-07-19,27.1,28.3
2013-07-20,26.4,27.5
2013-07-21,26.3,27.2
2013-07-22,24.5,25.3
2013-07-23,24.0,25.2
2013-07-24,23.4,24.7
2013-07-25,22.2,23.8
2013-07-26,21.8,23.3
2013-07-27,21.5,22.9
2013-07-28,20.5,21.8
2013-07-29,20.3,21.8
2013-07-30,20.4,21.8
2013-07-31,21.0,22.2
2013-08-01,22.0,23.5
2013-08-02,21.9,23.4
2013-08-03,22.5,24.0
2013-08-04,22.1,23.5
2013-08-05,21.5,22.7
2013-08-06,21.9,23.1
2013-08-07,22.5,23.8
2013-08-08,23.6,24.9
2013-08-09,22.2,23.1
2013-08-10,22.8,23.9
2013-08-11,24.0,25.0
2013-08-12,23.9,24.6
2013-08-13,24.0,24.9
2013-08-14,21.5,22.5
2013-08-15,19.5,21.0
2013-08-16,19.4,21.5
2013-08-17,20.3,22.3
2013-08-18,20.9,23.0
2013-08-19,21.8,23.6
2013-08-20,22.1,24.3
2013-08-21,22.6,24.5
2013-08-22,22.7,24.9
2013-08-23,23.2,25.6
2013-08-24,23.0,25.2
2013-08-25,22.6,24.7
2013-08-26,22.5,24.8
2013-08-27,23.6,25.5
2013-08-28,25.1,27.1
2013-08-29,25.3,27.8
2013-08-30,24.6,27.3
2013-08-31,24.5,26.7
2013-09-01,23.5,24.9
2013-09-02,24.5,26.1
2013-09-03,23.2,24.8
2013-09-04,21.3,23.1
2013-09-05,21.3,23.4
2013-09-06,21.3,23.2
2013-09-07,20.9,23.1
2013-09-08,22.4,24.4
2013-09-09,23.3,25.4
2013-09-10,24.6,26.6
2013-09-11,25.1,27.1
2013-09-12,24.4,26.3
2013-09-13,21.8,23.5
2013-09-14,18.5,20.3
2013-09-15,17.5,19.5
2013-09-16,18.6,20.4
2013-09-17,17.7,20.3
2013-09-18,17.9,20.4
2013-09-19,18.9,21.2
2013-09-20,20.1,22.4
2013-09-21,19.6,21.1
2013-09-22,17.5,19.0
2013-09-23,15.5,17.6
2013-09-24,15.2,17.5
2013-09-25,16.4,18.8
2013-09-26,16.4,17.9
2013-09-27,16.7,18.1
2013-09-28,16.6,17.9
2013-09-29,16.6,17.6
