network_id,station_id,role,regulated,donor_count,donor_direction,nearest_donor_distance_km,drainage_area_sqkm,climate,bfi,catalog_climate_band,catalog_regulation_stratum,donor_station_ids,eligible_for_matching
huc8_01070004,01095220,development,False,2,U0_D0_B0_X2,5.197878878924518,78.7,NorthEast,51.9,humid_continental,regulated,01095375|01095434,False
huc8_01070004,01095375,development,True,2,U0_D0_B0_X2,4.433871591308089,115.2,NorthEast,52.0,humid_continental,regulated,01095220|01095434,False
huc8_01070004,01095434,development,,2,U0_D0_B0_X2,4.433871591308089,,,,humid_continental,regulated,01095220|01095375,False
huc8_01090001,01104370,development,,8,,1.9234925233067834,,,,humid_continental,regulated,01104410|01104415|01104420|01104430|01104453|01104455|01104460|01104475,False
huc8_01090001,01104410,development,,8,,0.3474835935621996,,,,humid_continental,regulated,01104370|01104415|01104420|01104430|01104453|01104455|01104460|01104475,False
huc8_01090001,01104415,development,,8,,0.3474835935621996,,,,humid_continental,regulated,01104370|01104410|01104420|01104430|01104453|01104455|01104460|01104475,False
huc8_01090001,01104420,development,,8,,1.8031619644107513,,,,humid_continental,regulated,01104370|01104410|01104415|01104430|01104453|01104455|01104460|01104475,False
huc8_01090001,01104430,development,True,8,U2_D3_B0_X3,1.9234925233067834,17.5,NorthEast,57.4,humid_continental,regulated,01104370|01104410|01104415|01104420|01104453|01104455|01104460|01104475,False
huc8_01090001,01104453,development,,8,,0.42769826749221357,,,,humid_continental,regulated,01104370|01104410|01104415|01104420|01104430|01104455|01104460|01104475,False
huc8_01090001,01104455,development,,8,,0.4021802185341821,,,,humid_continental,regulated,01104370|01104410|01104415|01104420|01104430|01104453|01104460|01104475,False
huc8_01090001,01104460,development,True,8,,0.4021802185341821,57.1,NorthEast,57.6,humid_continental,regulated,01104370|01104410|01104415|01104420|01104430|01104453|01104455|01104475,False
huc8_01090001,01104475,development,False,8,,1.6192074710393662,2.1,NorthEast,57.6,humid_continental,regulated,01104370|01104410|01104415|01104420|01104430|01104453|01104455|01104460,False
huc8_01090004,01115098,development,False,8,,0.8200612428494176,13.4,NorthEast,54.9,humid_continental,unregulated,01115110|01115170|01115183|01115184|01115190|01115265|01115275|01115276,False
huc8_01090004,01115110,development,,8,,0.8200612428494176,,,,humid_continental,unregulated,01115098|01115170|01115183|01115184|01115190|01115265|01115275|01115276,False
huc8_01090004,01115170,development,,8,,2.136523703836116,,,,humid_continental,unregulated,01115098|01115110|01115183|01115184|01115190|01115265|01115275|01115276,False
huc8_01090004,01115183,development,,8,,3.0872064533941477,,,,humid_continental,unregulated,01115098|01115110|01115170|01115184|01115190|01115265|01115275|01115276,False
huc8_01090004,01115184,development,,8,,3.0872064533941477,,,,humid_continental,unregulated,01115098|01115110|01115170|01115183|01115190|01115265|01115275|01115276,False
huc8_01090004,01115190,development,,8,,3.5238681041251243,,,,humid_continental,unregulated,01115098|01115110|01115170|01115183|01115184|01115265|01115275|01115276,False
huc8_01090004,01115265,development,,8,,2.181196685661694,,,,humid_continental,unregulated,01115098|01115110|01115170|01115183|01115184|01115190|01115275|01115276,False
huc8_01090004,01115275,development,,8,,0.6985399389013768,,,,humid_continental,unregulated,01115098|01115110|01115170|01115183|01115184|01115190|01115265|01115276,False
huc8_01090004,01115276,development,,8,,0.6985399389013768,,,,humid_continental,unregulated,01115098|01115110|01115170|01115183|01115184|01115190|01115265|01115275,False
huc8_02020006,01359139,development,,2,,77.9321133831668,,,,humid_continental,unregulated,01362230|01362500,False
huc8_02020006,01362230,development,,2,U0_D1_B0_X1,13.569965520901691,,,,humid_continental,unregulated,01359139|01362500,False
huc8_02020006,01362500,development,False,2,,13.569965520901691,493.2,NorthEast,46.3,humid_continental,unregulated,01359139|01362230,False
huc8_02040103,01428750,development,False,1,,10.534080497772882,107.9,NorthEast,42.1,humid_continental,regulated,01429000,False
huc8_02040103,01429000,development,True,1,U1_D0_B0_X0,10.534080497772882,151.4,NorthEast,41.8,humid_continental,regulated,01428750,True
huc8_02040106,01447500,development,False,3,,5.335476470089526,240.2,NorthEast,52.2,humid_continental,regulated,01447720|01447800|01449360,False
huc8_02040106,01447720,development,True,3,U0_D1_B0_X2,5.335476470089526,308.1,NorthEast,54.6,humid_continental,regulated,01447500|01447800|01449360,False
huc8_02040106,01447800,development,True,3,,9.37672462601013,752.7,NorthEast,53.2,humid_continental,regulated,01447500|01447720|01449360,False
huc8_02040106,01449360,development,False,3,,22.533976086864747,129.5,NorthEast,56.5,humid_continental,regulated,01447500|01447720|01447800,False
huc8_02040203,01470779,development,False,2,,13.279142434731984,179.2,EastHghlnds,57.1,humid_continental,regulated,01470960|01472157,False
huc8_02040203,01470960,development,True,2,U1_D0_B0_X1,13.279142434731984,461.4,EastHghlnds,55.7,humid_continental,regulated,01470779|01472157,False
huc8_02040203,01472157,development,False,2,,43.44122122488009,152.3,SEPlains,51.6,humid_continental,regulated,01470779|01470960,False
huc8_02040205,01480065,development,,6,,7.094888179756358,,,,humid_continental,regulated,01480400|01480500|01480617|01480870|01481000|01481500,False
huc8_02040205,01480400,development,True,6,,4.866722473915248,12.0,SEPlains,53.0,humid_continental,regulated,01480065|01480500|01480617|01480870|01481000|01481500,False
huc8_02040205,01480500,development,True,6,,3.465083739379845,119.4,SEPlains,52.9,humid_continental,regulated,01480065|01480400|01480617|01480870|01481000|01481500,False
huc8_02040205,01480617,development,True,6,U1_D2_B0_X3,3.465083739379845,143.5,SEPlains,53.1,humid_continental,regulated,01480065|01480400|01480500|01480870|01481000|01481500,False
huc8_02040205,01480870,development,True,6,,10.941261954651212,232.2,SEPlains,53.2,humid_continental,regulated,01480065|01480400|01480500|01480617|01481000|01481500,False
huc8_02040205,01481000,development,True,6,,11.245890919610199,755.2,SEPlains,54.3,humid_continental,regulated,01480065|01480400|01480500|01480617|01480870|01481500,False
huc8_02040205,01481500,development,True,6,,7.094888179756358,824.0,SEPlains,54.2,humid_continental,regulated,01480065|01480400|01480500|01480617|01480870|01481000,False
huc8_02050104,01516350,development,False,2,,17.538120630334422,395.2,NorthEast,36.2,humid_continental,regulated,01518700|01520000,False
huc8_02050104,01518700,development,True,2,U1_D0_B0_X1,5.319427286715555,1142.4,NorthEast,35.4,humid_continental,regulated,01516350|01520000,False
huc8_02050104,01520000,development,True,2,,5.319427286715555,776.3,NorthEast,35.1,humid_continental,regulated,01516350|01518700,False
huc8_02050305,0157155010,development,,2,,0.24748236782669963,,,,humid_continental,unmatched_gages,0157155014|01571820,False
huc8_02050305,0157155014,development,,2,U0_D1_B1_X0,0.24748236782669963,,,,humid_continental,unmatched_gages,0157155010|01571820,False
huc8_02050305,01571820,development,,2,,9.957102850068182,,,,humid_continental,unmatched_gages,0157155010|0157155014,False
huc8_02060003,01581752,development,False,3,U0_D0_B0_X3,9.766088096009957,6.5,SEPlains,51.1,humid_continental,regulated,01581920|01585075|01589290,False
huc8_02060003,01581920,development,True,3,,29.27772639813025,211.0,SEPlains,63.5,humid_continental,regulated,01581752|01585075|01589290,False
huc8_02060003,01585075,development,,3,,9.766088096009957,,,,humid_continental,regulated,01581752|01581920|01589290,False
huc8_02060003,01589290,development,False,3,,29.27772639813025,8.7,SEPlains,55.3,humid_continental,regulated,01581752|01581920|01585075,False
huc8_02070002,01595800,development,True,2,,6.508036883587165,693.9,EastHghlnds,40.4,humid_continental,regulated,01596500|01597500,False
huc8_02070002,01596500,development,False,2,,7.718765044332289,124.7,EastHghlnds,40.8,humid_continental,regulated,01595800|01597500,False
huc8_02070002,01597500,development,True,2,U1_D0_B0_X1,6.508036883587165,276.0,EastHghlnds,40.7,humid_continental,regulated,01595800|01596500,False
huc8_02070008,01646000,development,True,2,,6.324731492195105,149.9,SEPlains,31.0,humid_continental,regulated,01646305|01646500,False
huc8_02070008,01646305,development,False,2,U0_D1_B0_X1,4.299867513035512,5.4,SEPlains,36.1,humid_continental,regulated,01646000|01646500,False
huc8_02070008,01646500,development,True,2,,4.299867513035512,29952.1,EastHghlnds,43.8,humid_continental,regulated,01646000|01646305,False
huc8_02070010,01649190,development,False,3,,8.769604482940116,34.0,SEPlains,49.1,humid_continental,unregulated,01649500|01654500|01656903,False
huc8_02070010,01649500,development,False,3,U1_D0_B0_X2,8.769604482940116,188.1,SEPlains,47.3,humid_continental,unregulated,01649190|01654500|01656903,False
huc8_02070010,01654500,development,,3,,18.574789931438204,,,,humid_continental,unregulated,01649190|01649500|01656903,False
huc8_02070010,01656903,development,False,3,,18.574789931438204,10.9,SEPlains,27.0,humid_continental,unregulated,01649190|01649500|01654500,False
huc8_02080201,02011400,development,False,6,,3.3192555083102198,407.7,EastHghlnds,40.4,humid_continental,regulated,02011460|02011470|02011490|02011500|02011800|02012800,False
huc8_02080201,02011460,development,False,6,,6.925675810822369,156.3,EastHghlnds,39.6,humid_continental,regulated,02011400|02011470|02011490|02011500|02011800|02012800,False
huc8_02080201,02011470,development,True,6,,3.5095324301586244,200.4,EastHghlnds,39.8,humid_continental,regulated,02011400|02011460|02011490|02011500|02011800|02012800,False
huc8_02080201,02011490,development,True,6,,3.5095324301586244,12.8,EastHghlnds,42.2,humid_continental,regulated,02011400|02011460|02011470|02011500|02011800|02012800,False
huc8_02080201,02011500,development,True,6,U2_D2_B0_X2,3.3192555083102198,348.0,EastHghlnds,40.4,humid_continental,regulated,02011400|02011460|02011470|02011490|02011800|02012800,False
huc8_02080201,02011800,development,True,6,,12.01124238578205,895.1,EastHghlnds,40.7,humid_continental,regulated,02011400|02011460|02011470|02011490|02011500|02012800,False
huc8_02080201,02012800,development,,6,,15.670969811861786,,,,humid_continental,regulated,02011400|02011460|02011470|02011490|02011500|02011800,False
huc8_03040206,02110725,validation,,2,,9.26823791185098,,,,humid_subtropical,unregulated,02110802|02110815,False
huc8_03040206,02110802,validation,,2,,9.26823791185098,,,,humid_subtropical,unregulated,02110725|02110815,False
huc8_03040206,021108125,validation,,2,,8.148898140270077,,,,humid_subtropical,unregulated,02110802|02110815,False
huc8_03040206,02110815,validation,,2,,23.90395145919586,,,,humid_subtropical,unregulated,02110725|02110802,False
huc8_03050106,02156500,validation,True,1,,38.109464729978974,7201.2,SEPlains,54.2,humid_subtropical,regulated,02160991,False
huc8_03050106,02160991,validation,,1,U1_D0_B0_X0,38.109464729978974,,,,humid_subtropical,regulated,02156500,False
huc8_03050109,02163001,validation,True,4,,98.6497245890198,1087.2,SEPlains,64.2,humid_subtropical,regulated,02167600|02167716|02168504|02169000,False
huc8_03050109,02167600,validation,,4,,2.277322071832275,,,,humid_subtropical,regulated,02163001|02167716|02168504|02169000,False
huc8_03050109,02167716,validation,,4,U0_D2_B0_X2,2.277322071832275,,,,humid_subtropical,regulated,02163001|02167600|02168504|02169000,False
huc8_03050109,02168504,validation,True,4,,11.94060581051932,6274.6,SEPlains,54.0,humid_subtropical,regulated,02163001|02167600|02167716|02169000,False
huc8_03050109,02169000,validation,True,4,,11.94060581051932,6498.9,SEPlains,54.1,humid_subtropical,regulated,02163001|02167600|02167716|02168504,False
huc8_03050208,02176585,validation,,4,,5.634880841733223,,,,humid_subtropical,unmatched_gages,02176603|02176611|02176635|02176640,False
huc8_03050208,02176603,validation,,4,,3.687224174153025,,,,humid_subtropical,unmatched_gages,02176585|02176611|02176635|02176640,False
huc8_03050208,02176611,validation,,4,U1_D1_B1_X1,3.687224174153025,,,,humid_subtropical,unmatched_gages,02176585|02176603|02176635|02176640,False
huc8_03050208,02176635,validation,,4,,4.160768159501484,,,,humid_subtropical,unmatched_gages,02176585|02176603|02176611|02176640,False
huc8_03050208,02176640,validation,,4,,4.978031281455878,,,,humid_subtropical,unmatched_gages,02176585|02176603|02176611|02176635,False
huc8_03060106,02197000,validation,True,3,,23.69971772453483,19112.3,SEPlains,56.5,humid_subtropical,regulated,02197320|02197351|02197380,False
huc8_03060106,02197320,validation,True,3,,17.07770415540286,21002.7,SEPlains,57.7,humid_subtropical,regulated,02197000|02197351|02197380,False
huc8_03060106,02197351,validation,,3,,6.370399796640101,,,,humid_subtropical,regulated,02197000|02197320|02197380,False
huc8_03060106,02197380,validation,True,3,U0_D0_B0_X3,6.370399796640101,90.7,SEPlains,76.0,humid_subtropical,regulated,02197000|02197320|02197351,False
huc8_03070101,02217274,development,False,2,U0_D0_B0_X2,8.797271736577132,4.3,SEPlains,57.0,humid_subtropical,unregulated,02217643|02218565,False
huc8_03070101,02217643,development,,2,,31.590343386036686,,,,humid_subtropical,unregulated,02217274|02218565,False
huc8_03070101,02218565,development,False,2,,8.797271736577132,14.8,SEPlains,55.6,humid_subtropical,unregulated,02217274|02217643,False
huc8_03070103,02203603,validation,False,18,,5.315849294417484,6.0,SEPlains,45.8,humid_subtropical,regulated,02203655|02203831|02203863|02203873|02203900|02203950|02203960|02204037|02205865|02207120|02207135|02207160|02207185|02207385|02207400|02208150|02208450|02208493,False
huc8_03070103,02203655,validation,False,18,,5.315849294417484,59.6,SEPlains,45.8,humid_subtropical,regulated,02203603|02203831|02203863|02203873|02203900|02203950|02203960|02204037|02205865|02207120|02207135|02207160|02207185|02207385|02207400|02208150|02208450|02208493,False
huc8_03070103,02203831,validation,,18,,3.8064785900389975,,,,humid_subtropical,regulated,02203603|02203655|02203863|02203873|02203900|02203950|02203960|02204037|02205865|02207120|02207135|02207160|02207185|02207385|02207400|02208150|02208450|02208493,False
huc8_03070103,02203863,validation,,18,,2.260227745083719,,,,humid_subtropical,regulated,02203603|02203655|02203831|02203873|02203900|02203950|02203960|02204037|02205865|02207120|02207135|02207160|02207185|02207385|02207400|02208150|02208450|02208493,False
huc8_03070103,02203873,validation,,18,U0_D1_B0_X17,2.260227745083719,,,,humid_subtropical,regulated,02203603|02203655|02203831|02203863|02203900|02203950|02203960|02204037|02205865|02207120|02207135|02207160|02207185|02207385|02207400|02208150|02208450|02208493,False
huc8_03070103,02203900,validation,,18,,4.116164362754575,,,,humid_subtropical,regulated,02203603|02203655|02203831|02203863|02203873|02203950|02203960|02204037|02205865|02207120|02207135|02207160|02207185|02207385|02207400|02208150|02208450|02208493,False
huc8_03070103,02203950,validation,,18,,6.23050397431082,,,,humid_subtropical,regulated,02203603|02203655|02203831|02203863|02203873|02203900|02203960|02204037|02205865|02207120|02207135|02207160|02207185|02207385|02207400|02208150|02208450|02208493,False
huc8_03070103,02203960,validation,,18,,4.0105775802506844,,,,humid_subtropical,regulated,02203603|02203655|02203831|02203863|02203873|02203900|02203950|02204037|02205865|02207120|02207135|02207160|02207185|02207385|02207400|02208150|02208450|02208493,False
huc8_03070103,02204037,validation,,18,,5.412481859727166,,,,humid_subtropical,regulated,02203603|02203655|02203831|02203863|02203873|02203900|02203950|02203960|02205865|02207120|02207135|02207160|02207185|02207385|02207400|02208150|02208450|02208493,False
huc8_03070103,02205865,validation,,18,,12.648643246201354,,,,humid_subtropical,regulated,02203603|02203655|02203831|02203863|02203873|02203900|02203950|02203960|02204037|02207120|02207135|02207160|02207185|02207385|02207400|02208150|02208450|02208493,False
huc8_03070103,02207120,validation,True,18,,1.7557532538454637,418.4,SEPlains,50.3,humid_subtropical,regulated,02203603|02203655|02203831|02203863|02203873|02203900|02203950|02203960|02204037|02205865|02207135|02207160|02207185|02207385|02207400|02208150|02208450|02208493,False
huc8_03070103,02207135,validation,,18,,8.565225548605664,,,,humid_subtropical,regulated,02203603|02203655|02203831|02203863|02203873|02203900|02203950|02203960|02204037|02205865|02207120|02207160|02207185|02207385|02207400|02208150|02208450|02208493,False
huc8_03070103,02207160,validation,,18,,1.7557532538454637,,,,humid_subtropical,regulated,02203603|02203655|02203831|02203863|02203873|02203900|02203950|02203960|02204037|02205865|02207120|02207135|02207185|02207385|02207400|02208150|02208450|02208493,False
huc8_03070103,02207185,validation,False,18,,1.9672704627925823,26.2,SEPlains,50.0,humid_subtropical,regulated,02203603|02203655|02203831|02203863|02203873|02203900|02203950|02203960|02204037|02205865|02207120|02207135|02207160|02207385|02207400|02208150|02208450|02208493,False
huc8_03070103,02207385,validation,False,18,,4.453107946066117,44.7,SEPlains,50.6,humid_subtropical,regulated,02203603|02203655|02203831|02203863|02203873|02203900|02203950|02203960|02204037|02205865|02207120|02207135|02207160|02207185|02207400|02208150|02208450|02208493,False
huc8_03070103,02207400,validation,False,18,,4.453107946066117,21.3,SEPlains,52.3,humid_subtropical,regulated,02203603|02203655|02203831|02203863|02203873|02203900|02203950|02203960|02204037|02205865|02207120|02207135|02207160|02207185|02207385|02208150|02208450|02208493,False
huc8_03070103,02208150,validation,False,18,,11.754341077754033,79.5,SEPlains,53.9,humid_subtropical,regulated,02203603|02203655|02203831|02203863|02203873|02203900|02203950|02203960|02204037|02205865|02207120|02207135|02207160|02207185|02207385|02207400|02208450|02208493,False
huc8_03070103,02208450,validation,False,18,,2.246889015406065,480.7,SEPlains,54.0,humid_subtropical,regulated,02203603|02203655|02203831|02203863|02203873|02203900|02203950|02203960|02204037|02205865|02207120|02207135|02207160|02207185|02207385|02207400|02208150|02208493,False
huc8_03070103,02208493,validation,,18,,2.246889015406065,,,,humid_subtropical,regulated,02203603|02203655|02203831|02203863|02203873|02203900|02203950|02203960|02204037|02205865|02207120|02207135|02207160|02207185|02207385|02207400|02208150|02208450,False
huc8_03080103,02244040,validation,True,14,,59.61111637149989,17513.2,SECstPlain,53.8,humid_subtropical,regulated,022462002|02246459|02246500|02246518|02246751|02246804|300803081354500|301124081395901|301204081434900|301510081383500|301817081393600|302309081333001|302609081453300|302657081312400,False
huc8_03080103,02245340,validation,,12,,14.224485199306265,,,,humid_subtropical,regulated,02244040|022462002|02246459|02246518|02246751|02246804|300803081354500|301124081395901|301204081434900|302309081333001|302609081453300|302657081312400,False
huc8_03080103,022462002,validation,,14,,5.042531145435484,,,,humid_subtropical,regulated,02244040|02246459|02246500|02246518|02246751|02246804|300803081354500|301124081395901|301204081434900|301510081383500|301817081393600|302309081333001|302609081453300|302657081312400,False
huc8_03080103,02246459,validation,False,14,,8.10667352953594,55.9,SECstPlain,32.0,humid_subtropical,regulated,02244040|022462002|02246500|02246518|02246751|02246804|300803081354500|301124081395901|301204081434900|301510081383500|301817081393600|302309081333001|302609081453300|302657081312400,False
huc8_03080103,02246500,validation,,14,,2.030168470364109,,,,humid_subtropical,regulated,02244040|022462002|02246459|02246518|02246751|02246804|300803081354500|301124081395901|301204081434900|301510081383500|301817081393600|302309081333001|302609081453300|302657081312400,False
huc8_03080103,02246518,validation,,14,U0_D0_B0_X14,7.977679562372094,,,,humid_subtropical,regulated,02244040|022462002|02246459|02246500|02246751|02246804|300803081354500|301124081395901|301204081434900|301510081383500|301817081393600|302309081333001|302609081453300|302657081312400,False
huc8_03080103,02246751,validation,,14,,6.956496689835392,,,,humid_subtropical,regulated,02244040|022462002|02246459|02246500|02246518|02246804|300803081354500|301124081395901|301204081434900|301510081383500|301817081393600|302309081333001|302609081453300|302657081312400,False
huc8_03080103,02246804,validation,,14,,6.956496689835392,,,,humid_subtropical,regulated,02244040|022462002|02246459|02246500|02246518|02246751|300803081354500|301124081395901|301204081434900|301510081383500|301817081393600|302309081333001|302609081453300|302657081312400,False
huc8_03080103,300803081354500,validation,,14,,5.042531145435484,,,,humid_subtropical,regulated,02244040|022462002|02246459|02246500|02246518|02246751|02246804|301124081395901|301204081434900|301510081383500|301817081393600|302309081333001|302609081453300|302657081312400,False
huc8_03080103,301124081395901,validation,,14,,6.288411609071134,,,,humid_subtropical,regulated,02244040|022462002|02246459|02246500|02246518|02246751|02246804|300803081354500|301204081434900|301510081383500|301817081393600|302309081333001|302609081453300|302657081312400,False
huc8_03080103,301204081434900,validation,,14,,6.288411609071134,,,,humid_subtropical,regulated,02244040|022462002|02246459|02246500|02246518|02246751|02246804|300803081354500|301124081395901|301510081383500|301817081393600|302309081333001|302609081453300|302657081312400,False
huc8_03080103,301510081383500,validation,,14,,5.99657445606097,,,,humid_subtropical,regulated,02244040|022462002|02246459|02246500|02246518|02246751|02246804|300803081354500|301124081395901|301204081434900|301817081393600|302309081333001|302609081453300|302657081312400,False
huc8_03080103,301817081393600,validation,,14,,2.030168470364109,,,,humid_subtropical,regulated,02244040|022462002|02246459|02246500|02246518|02246751|02246804|300803081354500|301124081395901|301204081434900|301510081383500|302309081333001|302609081453300|302657081312400,False
huc8_03080103,302309081333001,validation,,14,,7.783138294379279,,,,humid_subtropical,regulated,02244040|022462002|02246459|02246500|02246518|02246751|02246804|300803081354500|301124081395901|301204081434900|301510081383500|301817081393600|302609081453300|302657081312400,False
huc8_03080103,302609081453300,validation,,14,,8.763674116649419,,,,humid_subtropical,regulated,02244040|022462002|02246459|02246500|02246518|02246751|02246804|300803081354500|301124081395901|301204081434900|301510081383500|301817081393600|302309081333001|302657081312400,False
huc8_03080103,302657081312400,validation,,14,,7.081890135699461,,,,humid_subtropical,regulated,02244040|022462002|02246459|02246500|02246518|02246751|02246804|300803081354500|301124081395901|301204081434900|301510081383500|301817081393600|302309081333001|302609081453300,False
huc8_03090101,02264000,validation,False,4,,7.259201404004181,74.5,SECstPlain,44.3,humid_subtropical,unregulated,02264100|02266200|02266300|02266495,False
huc8_03090101,02264100,validation,False,4,,5.8509393880044165,113.0,SECstPlain,43.9,humid_subtropical,unregulated,02264000|02266200|02266300|02266495,False
huc8_03090101,02266200,validation,False,4,,6.825678166176615,26.1,SECstPlain,45.3,humid_subtropical,unregulated,02264000|02264100|02266300|02266495,False
huc8_03090101,02266300,validation,False,4,U0_D1_B0_X3,5.8509393880044165,257.8,SECstPlain,45.4,humid_subtropical,unregulated,02264000|02264100|02266200|02266495,False
huc8_03090101,02266495,validation,,4,,5.95352442562752,,,,humid_subtropical,unregulated,02264000|02264100|02266200|02266300,False
huc8_03090204,02290928,validation,,6,,6.131397137419477,,,,humid_subtropical,unmatched_gages,02290930|255327081275900|255432081303900|255534081324000|255654081350200|255726081303700,False
huc8_03090204,02290930,validation,,6,,6.131397137419477,,,,humid_subtropical,unmatched_gages,02290928|255327081275900|255432081303900|255534081324000|255654081350200|255726081303700,False
huc8_03090204,255327081275900,validation,,6,,5.740287393248787,,,,humid_subtropical,unmatched_gages,02290928|02290930|255432081303900|255534081324000|255654081350200|255726081303700,False
huc8_03090204,255432081303900,validation,,6,U0_D0_B0_X6,3.8478936830007666,,,,humid_subtropical,unmatched_gages,02290928|02290930|255327081275900|255534081324000|255654081350200|255726081303700,False
huc8_03090204,255534081324000,validation,,6,,3.8478936830007666,,,,humid_subtropical,unmatched_gages,02290928|02290930|255327081275900|255432081303900|255654081350200|255726081303700,False
huc8_03090204,255654081350200,validation,,6,,4.968228295993194,,,,humid_subtropical,unmatched_gages,02290928|02290930|255327081275900|255432081303900|255534081324000|255726081303700,False
huc8_03090204,255726081303700,validation,,6,,4.799148022320049,,,,humid_subtropical,unmatched_gages,02290928|02290930|255327081275900|255432081303900|255534081324000|255654081350200,False
huc8_03100101,02297345,validation,,3,,1.2777839902589558,,,,humid_subtropical,unregulated,02297350|02297460|02298202,False
huc8_03100101,02297350,validation,,3,U1_D1_B0_X1,1.2777839902589558,,,,humid_subtropical,unregulated,02297345|02297460|02298202,False
huc8_03100101,02297460,validation,,3,,5.816011400022846,,,,humid_subtropical,unregulated,02297345|02297350|02298202,False
huc8_03100101,02298202,validation,False,3,,5.816011400022846,886.2,SECstPlain,41.4,humid_subtropical,unregulated,02297345|02297350|02297460,False
huc8_03100204,02301500,validation,True,2,,11.333522251644156,868.3,SECstPlain,42.1,humid_subtropical,regulated,02301718|02301721,False
huc8_03100204,02301718,validation,,2,U1_D1_B0_X0,5.781852374824037,,,,humid_subtropical,regulated,02301500|02301721,False
huc8_03100204,02301721,validation,,2,,5.781852374824037,,,,humid_subtropical,regulated,02301500|02301718,False
huc8_03100205,02304000,validation,,4,,7.876916657061386,,,,humid_subtropical,regulated,02304510|02304517|023060013|02306028,False
huc8_03100205,02304510,validation,True,4,,1.0496461457305002,1601.2,SECstPlain,38.5,humid_subtropical,regulated,02304000|02304517|023060013|02306028,False
huc8_03100205,02304517,validation,,4,,1.0496461457305002,,,,humid_subtropical,regulated,02304000|02304510|023060013|02306028,False
huc8_03100205,023060013,validation,,4,U3_D1_B0_X0,1.3454989929181707,,,,humid_subtropical,regulated,02304000|02304510|02304517|02306028,False
huc8_03100205,02306028,validation,,4,,8.295272966817429,,,,humid_subtropical,regulated,02304000|02304510|02304517|023060013,False
huc8_03100207,02310308,validation,,11,,50.08969801403214,,,,humid_subtropical,unregulated,02310650|02310673|02310674|02310689|02310690|02310700|02310740|02310742|02310752|02313272|285531082412600,False
huc8_03100207,02310650,validation,False,11,,4.879123152137833,16.9,SECstPlain,56.3,humid_subtropical,unregulated,02310308|02310673|02310674|02310689|02310690|02310700|02310740|02310742|02310752|02313272|285531082412600,False
huc8_03100207,02310673,validation,,11,,1.6505053375937409,,,,humid_subtropical,unregulated,02310308|02310650|02310674|02310689|02310690|02310700|02310740|02310742|02310752|02313272|285531082412600,False
huc8_03100207,02310674,validation,,11,,1.6505053375937409,,,,humid_subtropical,unregulated,02310308|02310650|02310673|02310689|02310690|02310700|02310740|02310742|02310752|02313272|285531082412600,False
huc8_03100207,02310689,validation,,11,U0_D1_B1_X9,1.3385362035345079,,,,humid_subtropical,unregulated,02310308|02310650|02310673|02310674|02310690|02310700|02310740|02310742|02310752|02313272|285531082412600,False
huc8_03100207,02310690,validation,,11,,1.3385362035345079,,,,humid_subtropical,unregulated,02310308|02310650|02310673|02310674|02310689|02310700|02310740|02310742|02310752|02313272|285531082412600,False
huc8_03100207,02310700,validation,False,11,,2.3309523005601593,401.8,SECstPlain,60.5,humid_subtropical,unregulated,02310308|02310650|02310673|02310674|02310689|02310690|02310740|02310742|02310752|02313272|285531082412600,False
huc8_03100207,02310740,validation,,11,,1.0087650801090116,,,,humid_subtropical,unregulated,02310308|02310650|02310673|02310674|02310689|02310690|02310700|02310742|02310752|02313272|285531082412600,False
huc8_03100207,02310742,validation,,11,,1.0087650801090116,,,,humid_subtropical,unregulated,02310308|02310650|02310673|02310674|02310689|02310690|02310700|02310740|02310752|02313272|285531082412600,False
huc8_03100207,02310752,validation,,11,,4.022876788577346,,,,humid_subtropical,unregulated,02310308|02310650|02310673|02310674|02310689|02310690|02310700|02310740|02310742|02313272|285531082412600,False
huc8_03100207,02313272,validation,,11,,11.164807990833049,,,,humid_subtropical,unregulated,02310308|02310650|02310673|02310674|02310689|02310690|02310700|02310740|02310742|02310752|285531082412600,False
huc8_03100207,285531082412600,validation,,11,,5.099124427123334,,,,humid_subtropical,unregulated,02310308|02310650|02310673|02310674|02310689|02310690|02310700|02310740|02310742|02310752|02313272,False
huc8_03150104,02388975,validation,True,4,,3.5766623962211312,251.3,SEPlains,68.6,humid_subtropical,regulated,02388985|02389150|02394000|02394682,False
huc8_03150104,02388985,validation,,4,,3.5766623962211312,,,,humid_subtropical,regulated,02388975|02389150|02394000|02394682,False
huc8_03150104,02389150,validation,True,4,U1_D1_B0_X2,6.93515563324499,340.4,SEPlains,68.2,humid_subtropical,regulated,02388975|02388985|02394000|02394682,False
huc8_03150104,02394000,validation,True,4,,14.004918760111197,2908.3,SEPlains,60.7,humid_subtropical,regulated,02388975|02388985|02389150|02394682,False
huc8_03150104,02394682,validation,,4,,14.004918760111197,,,,humid_subtropical,regulated,02388975|02388985|02389150|02394000,False
huc8_03160111,02455980,validation,False,3,,15.066677100047098,71.4,EastHghlnds,39.9,humid_subtropical,unregulated,02457595|02458148|02458450,False
huc8_03160111,02457595,validation,False,3,,8.888835127703986,133.2,EastHghlnds,39.2,humid_subtropical,unregulated,02455980|02458148|02458450,False
huc8_03160111,02458148,validation,,3,U0_D1_B0_X2,13.995594043987644,,,,humid_subtropical,unregulated,02455980|02457595|02458450,False
huc8_03160111,02458450,validation,False,3,,8.888835127703986,85.9,EastHghlnds,37.4,humid_subtropical,unregulated,02455980|02457595|02458148,False
huc8_04020105,04043097,development,,2,,43.40484811844092,,,,humid_continental,unregulated,04043238|04043244,False
huc8_04020105,04043238,development,False,2,U0_D0_B0_X2,1.9660993664152777,14.1,MxWdShld,61.9,humid_continental,unregulated,04043097|04043244,False
huc8_04020105,04043244,development,False,2,,1.9660993664152777,26.6,MxWdShld,61.3,humid_continental,unregulated,04043097|04043238,False
huc8_04040003,040871473,development,,2,,2.1271448205396197,,,,humid_continental,unregulated,040871475|040871488,False
huc8_04040003,040871475,development,,2,,2.1271448205396197,,,,humid_continental,unregulated,040871473|040871488,False
huc8_04040003,040871488,development,False,2,,5.202585476545767,28.9,CntlPlains,35.9,humid_continental,unregulated,040871473|040871475,False
huc8_04060102,04121650,development,,4,,8.995285756464007,,,,humid_continental,regulated,04121660|04121680|04121944|04121970,False
huc8_04060102,04121660,development,,4,,8.995285756464007,,,,humid_continental,regulated,04121650|04121680|04121944|04121970,False
huc8_04060102,04121680,development,,4,U1_D1_B0_X2,6.3367234616259305,,,,humid_continental,regulated,04121650|04121660|04121944|04121970,False
huc8_04060102,04121944,development,False,4,,5.646707736233129,953.6,CntlPlains,67.9,humid_continental,regulated,04121650|04121660|04121680|04121970,False
huc8_04060102,04121970,development,True,4,,5.646707736233129,6050.8,MxWdShld,75.1,humid_continental,regulated,04121650|04121660|04121680|04121944,False
huc8_04060103,04124000,development,False,3,,12.680027062399878,2243.6,MxWdShld,85.4,humid_continental,regulated,04124200|04125460|04125550,False
huc8_04060103,04124200,development,True,3,U1_D1_B0_X1,12.680027062399878,2553.9,MxWdShld,85.3,humid_continental,regulated,04124000|04125460|04125550,False
huc8_04060103,04125460,development,False,3,,15.540550954906166,637.0,CntlPlains,79.9,humid_continental,regulated,04124000|04124200|04125550,False
huc8_04060103,04125550,development,True,3,,15.000155894383779,3582.2,MxWdShld,84.2,humid_continental,regulated,04124000|04124200|04125460,False
huc8_04070007,04136000,development,True,7,,12.901745487914296,2882.1,MxWdShld,81.6,humid_continental,regulated,04136500|04136900|04137005|04137020|04137025|04137030|04137500,False
huc8_04070007,04136500,development,True,7,,12.901745487914296,3524.8,MxWdShld,80.3,humid_continental,regulated,04136000|04136900|04137005|04137020|04137025|04137030|04137500,False
huc8_04070007,04136900,development,True,7,,6.40140714684524,3916.2,MxWdShld,79.6,humid_continental,regulated,04136000|04136500|04137005|04137020|04137025|04137030|04137500,False
huc8_04070007,04137005,development,True,7,U3_D4_B0_X0,6.40140714684524,4144.1,MxWdShld,79.1,humid_continental,regulated,04136000|04136500|04136900|04137020|04137025|04137030|04137500,True
huc8_04070007,04137020,development,,7,,3.862820112699217,,,,humid_continental,regulated,04136000|04136500|04136900|04137005|04137025|04137030|04137500,False
huc8_04070007,04137025,development,,7,,3.862820112699217,,,,humid_continental,regulated,04136000|04136500|04136900|04137005|04137020|04137030|04137500,False
huc8_04070007,04137030,development,,7,,8.457863167634107,,,,humid_continental,regulated,04136000|04136500|04136900|04137005|04137020|04137025|04137500,False
huc8_04070007,04137500,development,True,7,,11.619263369996206,4529.2,MxWdShld,78.4,humid_continental,regulated,04136000|04136500|04136900|04137005|04137020|04137025|04137030,False
huc8_04140101,04232034,development,False,2,,11.811031970777902,100.1,NorthEast,53.3,humid_continental,unregulated,04232050|0423205010,False
huc8_04140101,04232050,development,False,2,U0_D1_B0_X1,2.231308210104368,77.4,NorthEast,52.9,humid_continental,unregulated,04232034|0423205010,False
huc8_04140101,0423205010,development,False,2,,2.231308210104368,379.7,NorthEast,52.9,humid_continental,unregulated,04232034|04232050,False
huc8_05010005,03026480,development,,3,,11.45362294103386,,,,humid_continental,regulated,03027500|03028000|03028500,False
huc8_05010005,03027500,development,True,3,,8.369560028132168,187.9,NorthEast,41.4,humid_continental,regulated,03026480|03028000|03028500,False
huc8_05010005,03028000,development,False,3,U0_D1_B0_X2,8.369560028132168,161.1,NorthEast,42.9,humid_continental,regulated,03026480|03027500|03028500,False
huc8_05010005,03028500,development,True,3,,9.982100413571056,527.4,NorthEast,42.3,humid_continental,regulated,03026480|03027500|03028000,False
huc8_05010006,03034000,development,False,4,,14.29536588972899,407.6,EastHghlnds,39.6,humid_continental,regulated,03034500|03036000|03038000|03039000,False
huc8_05010006,03034500,development,False,4,U0_D1_B0_X3,14.29536588972899,226.1,EastHghlnds,38.0,humid_continental,regulated,03034000|03036000|03038000|03039000,False
huc8_05010006,03036000,development,True,4,,18.306032428674566,890.8,EastHghlnds,38.4,humid_continental,regulated,03034000|03034500|03038000|03039000,False
huc8_05010006,03038000,development,True,4,,15.540798742108468,493.7,EastHghlnds,37.5,humid_continental,regulated,03034000|03034500|03036000|03039000,False
huc8_05010006,03039000,development,True,4,,15.540798742108468,720.6,EastHghlnds,37.0,humid_continental,regulated,03034000|03034500|03036000|03038000,False
huc8_05010007,03041500,development,True,3,,15.028723350529532,1863.6,EastHghlnds,41.6,humid_continental,regulated,03042000|03043810|03044000,False
huc8_05010007,03042000,development,True,3,,15.028723350529532,499.3,EastHghlnds,41.8,humid_continental,regulated,03041500|03043810|03044000,False
huc8_05010007,03043810,development,,3,U1_D1_B0_X1,2.4693764776869034,,,,humid_continental,regulated,03041500|03042000|03044000,False
huc8_05010007,03044000,development,True,3,,2.4693764776869034,3525.9,EastHghlnds,41.2,humid_continental,regulated,03041500|03042000|03043810,False
huc8_05020001,03054500,development,True,2,,18.877244116274703,2360.6,EastHghlnds,31.0,humid_continental,regulated,03056000|03057000,False
huc8_05020001,03056000,development,True,2,U1_D1_B0_X0,15.800916128895574,3053.8,EastHghlnds,31.3,humid_continental,regulated,03054500|03057000,True
huc8_05020001,03057000,development,True,2,,15.800916128895574,3514.2,EastHghlnds,31.3,humid_continental,regulated,03054500|03056000,False
huc8_05020005,03072000,development,True,3,,8.377353749486764,588.4,EastHghlnds,31.2,humid_continental,regulated,03072655|03073000|03075070,False
huc8_05020005,03072655,development,True,3,,8.377353749486764,11547.3,EastHghlnds,31.7,humid_continental,regulated,03072000|03073000|03075070,False
huc8_05020005,03073000,development,True,3,U0_D1_B0_X2,16.801152833983807,467.2,EastHghlnds,34.1,humid_continental,regulated,03072000|03072655|03075070,False
huc8_05020005,03075070,development,True,3,,40.42859096891393,13824.0,EastHghlnds,32.1,humid_continental,regulated,03072000|03072655|03073000,False
huc8_05020006,03076500,development,True,4,,17.289548872897626,761.8,EastHghlnds,39.4,humid_continental,regulated,03077500|03079000|03081000|03083500,False
huc8_05020006,03077500,development,True,4,,2.5714253327580203,1122.0,EastHghlnds,38.9,humid_continental,regulated,03076500|03079000|03081000|03083500,False
huc8_05020006,03079000,development,False,4,,12.784715176528099,990.8,EastHghlnds,39.3,humid_continental,regulated,03076500|03077500|03081000|03083500,False
huc8_05020006,03081000,development,True,4,U2_D1_B0_X1,2.5714253327580203,2659.9,EastHghlnds,38.8,humid_continental,regulated,03076500|03077500|03079000|03083500,False
huc8_05020006,03083500,development,True,4,,58.92055675336036,4429.5,EastHghlnds,37.3,humid_continental,regulated,03076500|03077500|03079000|03081000,False
huc8_05030102,03094704,development,,4,,13.903274448857456,,,,humid_continental,regulated,03102850|03102950|03103500|03104490,False
huc8_05030102,03102850,development,True,4,U0_D2_B0_X2,11.562664203999075,870.5,NorthEast,37.0,humid_continental,regulated,03094704|03102950|03103500|03104490,False
huc8_05030102,03102950,development,False,4,,13.903274448857456,250.8,NorthEast,34.3,humid_continental,regulated,03094704|03102850|03103500|03104490,False
huc8_05030102,03103500,development,True,4,,11.562664203999075,1523.4,NorthEast,36.9,humid_continental,regulated,03094704|03102850|03102950|03104490,False
huc8_05030102,03104490,development,,4,,29.05345005461255,,,,humid_continental,regulated,03094704|03102850|03102950|03103500,False
huc8_05040001,03119341,development,,10,U0_D0_B0_X10,5.845819053069067,,,,humid_continental,unmatched_gages,03119971|03119979|03120820|03120869|03120961|03125338|03126395|03127980|03127986|03127989,False
huc8_05040001,03119971,development,,10,,2.676678035580663,,,,humid_continental,unmatched_gages,03119341|03119979|03120820|03120869|03120961|03125338|03126395|03127980|03127986|03127989,False
huc8_05040001,03119979,development,,10,,2.676678035580663,,,,humid_continental,unmatched_gages,03119341|03119971|03120820|03120869|03120961|03125338|03126395|03127980|03127986|03127989,False
huc8_05040001,03120820,development,,10,,2.8019837267545604,,,,humid_continental,unmatched_gages,03119341|03119971|03119979|03120869|03120961|03125338|03126395|03127980|03127986|03127989,False
huc8_05040001,03120869,development,,10,,2.8019837267545604,,,,humid_continental,unmatched_gages,03119341|03119971|03119979|03120820|03120961|03125338|03126395|03127980|03127986|03127989,False
huc8_05040001,03120961,development,,10,,5.5554729263340406,,,,humid_continental,unmatched_gages,03119341|03119971|03119979|03120820|03120869|03125338|03126395|03127980|03127986|03127989,False
huc8_05040001,03125338,development,,10,,18.28097765231387,,,,humid_continental,unmatched_gages,03119341|03119971|03119979|03120820|03120869|03120961|03126395|03127980|03127986|03127989,False
huc8_05040001,03126395,development,,10,,7.637519668822506,,,,humid_continental,unmatched_gages,03119341|03119971|03119979|03120820|03120869|03120961|03125338|03127980|03127986|03127989,False
huc8_05040001,03127980,development,,10,,1.425266783728784,,,,humid_continental,unmatched_gages,03119341|03119971|03119979|03120820|03120869|03120961|03125338|03126395|03127986|03127989,False
huc8_05040001,03127986,development,,10,,2.998400734195433,,,,humid_continental,unmatched_gages,03119341|03119971|03119979|03120820|03120869|03120961|03125338|03126395|03127980|03127989,False
huc8_05040001,03127989,development,,10,,1.425266783728784,,,,humid_continental,unmatched_gages,03119341|03119971|03119979|03120820|03120869|03120961|03125338|03126395|03127980|03127986,False
huc8_05040005,03140853,development,,2,U0_D0_B0_X2,1.402572624880487,,,,humid_continental,unmatched_gages,03140900|03140950,False
huc8_05040005,03140900,development,,2,,1.402572624880487,,,,humid_continental,unmatched_gages,03140853|03140950,False
huc8_05040005,03140950,development,,2,,4.171499253568572,,,,humid_continental,unmatched_gages,03140853|03140900,False
huc8_05090203,03262001,development,False,2,U0_D0_B0_X2,8.58826707652098,62.7,SEPlains,19.0,humid_continental,unregulated,03277075|03277130,False
huc8_05090203,03277075,development,False,2,,8.58826707652098,95.5,SEPlains,17.0,humid_continental,unregulated,03262001|03277130,False
huc8_05090203,03277130,development,False,2,,16.58626673900968,94.2,SEPlains,15.0,humid_continental,unregulated,03262001|03277075,False
huc8_05110001,03306000,development,True,2,,13.873295872448237,1767.2,SEPlains,22.9,humid_continental,regulated,03306500|03311500,False
huc8_05110001,03306500,development,True,2,,13.873295872448237,1906.3,SEPlains,23.1,humid_continental,regulated,03306000|03311500,False
huc8_05110001,03311500,development,True,2,U2_D0_B0_X0,67.31524067501604,7158.0,SEPlains,27.6,humid_continental,regulated,03306000|03306500,True
huc8_05120201,03353200,development,False,2,,26.29017019970773,273.9,CntlPlains,27.9,humid_continental,regulated,03353611|03354000,False
huc8_05120201,03353611,development,True,2,,26.29017019970773,4857.2,CntlPlains,32.1,humid_continental,regulated,03353200|03354000,False
huc8_05120201,03354000,development,True,2,,29.588899457581576,6324.6,CntlPlains,30.1,humid_continental,regulated,03353200|03353611,False
huc8_05130202,03431083,development,,2,,2.0009031818889835,,,,humid_continental,unmatched_gages,03431091|03431514,False
huc8_05130202,03431091,development,,2,U0_D1_B0_X1,2.0009031818889835,,,,humid_continental,unmatched_gages,03431083|03431514,False
huc8_05130202,03431514,development,,2,,9.957884171966647,,,,humid_continental,unmatched_gages,03431083|03431091,False
huc8_05140101,03292470,development,False,7,,7.014435371433069,181.9,SEPlains,18.3,humid_continental,unregulated,03292474|03292475|03292480|03292500|03293000|03293500|03293530,False
huc8_05140101,03292474,development,False,7,U0_D0_B1_X6,3.6080645459907195,17.2,SEPlains,20.9,humid_continental,unregulated,03292470|03292475|03292480|03292500|03293000|03293500|03293530,False
huc8_05140101,03292475,development,False,7,,1.053465715722373,27.5,SEPlains,21.4,humid_continental,unregulated,03292470|03292474|03292480|03292500|03293000|03293500|03293530,False
huc8_05140101,03292480,development,False,7,,1.053465715722373,14.9,SEPlains,21.1,humid_continental,unregulated,03292470|03292474|03292475|03292500|03293000|03293500|03293530,False
huc8_05140101,03292500,development,False,7,,4.367450850172692,45.3,SEPlains,22.8,humid_continental,unregulated,03292470|03292474|03292475|03292480|03293000|03293500|03293530,False
huc8_05140101,03293000,development,False,7,,4.367450850172692,48.8,SEPlains,21.9,humid_continental,unregulated,03292470|03292474|03292475|03292480|03292500|03293500|03293530,False
huc8_05140101,03293500,development,False,7,,3.532874405995391,65.6,SEPlains,22.4,humid_continental,unregulated,03292470|03292474|03292475|03292480|03292500|03293000|03293530,False
huc8_05140101,03293530,development,False,7,,3.532874405995391,15.4,SEPlains,23.1,humid_continental,unregulated,03292470|03292474|03292475|03292480|03292500|03293000|03293500,False
huc8_05140102,03293510,development,False,12,,13.485700557303486,156.1,SEPlains,22.8,humid_continental,unregulated,03297800|03297900|03298000|03298135|03298150|03298200|03298250|03301900|03301940|03302000|03302030|03302050,False
huc8_05140102,03297800,development,False,12,,10.041086543489968,31.4,SEPlains,21.3,humid_continental,unregulated,03293510|03297900|03298000|03298135|03298150|03298200|03298250|03301900|03301940|03302000|03302030|03302050,False
huc8_05140102,03297900,development,False,12,,10.798378660732048,207.5,SEPlains,18.4,humid_continental,unregulated,03293510|03297800|03298000|03298135|03298150|03298200|03298250|03301900|03301940|03302000|03302030|03302050,False
huc8_05140102,03298000,development,False,12,,7.825416069296539,358.2,SEPlains,18.8,humid_continental,unregulated,03293510|03297800|03297900|03298135|03298150|03298200|03298250|03301900|03301940|03302000|03302030|03302050,False
huc8_05140102,03298135,development,False,12,,4.077701137842902,14.1,SEPlains,21.1,humid_continental,unregulated,03293510|03297800|03297900|03298000|03298150|03298200|03298250|03301900|03301940|03302000|03302030|03302050,False
huc8_05140102,03298150,development,False,12,,4.077701137842902,30.0,SEPlains,21.0,humid_continental,unregulated,03293510|03297800|03297900|03298000|03298135|03298200|03298250|03301900|03301940|03302000|03302030|03302050,False
huc8_05140102,03298200,development,False,12,,5.391835375732065,552.7,SEPlains,19.4,humid_continental,unregulated,03293510|03297800|03297900|03298000|03298135|03298150|03298250|03301900|03301940|03302000|03302030|03302050,False
huc8_05140102,03298250,development,False,12,,5.391835375732065,29.2,SEPlains,21.1,humid_continental,unregulated,03293510|03297800|03297900|03298000|03298135|03298150|03298200|03301900|03301940|03302000|03302030|03302050,False
huc8_05140102,03301900,development,False,12,,5.503581359697731,8.9,SEPlains,21.7,humid_continental,unregulated,03293510|03297800|03297900|03298000|03298135|03298150|03298200|03298250|03301940|03302000|03302030|03302050,False
huc8_05140102,03301940,development,,12,U1_D2_B0_X9,6.286170202101947,,,,humid_continental,unregulated,03293510|03297800|03297900|03298000|03298135|03298150|03298200|03298250|03301900|03302000|03302030|03302050,False
huc8_05140102,03302000,development,False,12,,9.725516417304432,166.7,SEPlains,22.9,humid_continental,unregulated,03293510|03297800|03297900|03298000|03298135|03298150|03298200|03298250|03301900|03301940|03302030|03302050,False
huc8_05140102,03302030,development,False,12,,1.4971045573021957,214.5,SEPlains,22.9,humid_continental,unregulated,03293510|03297800|03297900|03298000|03298135|03298150|03298200|03298250|03301900|03301940|03302000|03302050,False
huc8_05140102,03302050,development,False,12,,1.4971045573021957,10.7,SEPlains,23.0,humid_continental,unregulated,03293510|03297800|03297900|03298000|03298135|03298150|03298200|03298250|03301900|03301940|03302000|03302030,False
huc8_07040006,05382255,development,False,3,,2.049642725892812,9.6,CntlPlains,56.5,humid_continental,unregulated,05382257|05382267|05382284,False
huc8_07040006,05382257,development,False,3,,2.049642725892812,12.5,CntlPlains,56.8,humid_continental,unregulated,05382255|05382267|05382284,False
huc8_07040006,05382267,development,False,3,U0_D0_B0_X3,3.466215938791613,167.9,CntlPlains,55.9,humid_continental,unregulated,05382255|05382257|05382284,False
huc8_07040006,05382284,development,,3,,4.9029546070367385,,,,humid_continental,unregulated,05382255|05382257|05382267,False
huc8_07070005,05406460,development,,2,,1.048962646804374,,,,humid_continental,unregulated,05406470|05406491,False
huc8_07070005,05406470,development,,2,U0_D0_B0_X2,1.048962646804374,,,,humid_continental,unregulated,05406460|05406491,False
huc8_07070005,05406491,development,,2,,2.7511851562401413,,,,humid_continental,unregulated,05406460|05406470,False
huc8_07120001,05515500,development,True,8,,9.589686182005071,1371.5,CntlPlains,66.9,humid_continental,regulated,05516665|05517000|05517010|05517500|05518000|05527000|05527500|412320088154101,False
huc8_07120001,05516665,development,,8,,13.32240029518135,,,,humid_continental,regulated,05515500|05517000|05517010|05517500|05518000|05527000|05527500|412320088154101,False
huc8_07120001,05517000,development,False,8,U1_D5_B0_X2,9.779377723817769,1127.2,CntlPlains,60.4,humid_continental,regulated,05515500|05516665|05517010|05517500|05518000|05527000|05527500|412320088154101,False
huc8_07120001,05517010,development,,8,,9.589686182005071,,,,humid_continental,regulated,05515500|05516665|05517000|05517500|05518000|05527000|05527500|412320088154101,False
huc8_07120001,05517500,development,True,8,,21.5653530688801,3467.3,CntlPlains,63.6,humid_continental,regulated,05515500|05516665|05517000|05517010|05518000|05527000|05527500|412320088154101,False
huc8_07120001,05518000,development,True,8,,31.39489609686899,4587.0,CntlPlains,60.9,humid_continental,regulated,05515500|05516665|05517000|05517010|05517500|05527000|05527500|412320088154101,False
huc8_07120001,05527000,development,,8,,12.193092876514525,,,,humid_continental,regulated,05515500|05516665|05517000|05517010|05517500|05518000|05527500|412320088154101,False
huc8_07120001,05527500,development,True,8,,7.829562006176159,13289.2,CntlPlains,44.9,humid_continental,regulated,05515500|05516665|05517000|05517010|05517500|05518000|05527000|412320088154101,False
huc8_07120001,412320088154101,development,,8,,7.829562006176159,,,,humid_continental,regulated,05515500|05516665|05517000|05517010|05517500|05518000|05527000|05527500,False
huc8_07120004,05536995,development,True,2,,11.679616335219292,1913.6,CntlPlains,32.1,humid_continental,regulated,05537980|05539670,False
huc8_07120004,05537980,development,True,2,U0_D1_B0_X1,11.679616335219292,2925.8,CntlPlains,35.7,humid_continental,regulated,05536995|05539670,False
huc8_07120004,05539670,development,,2,,17.400350191573867,,,,humid_continental,regulated,05536995|05537980,False
huc8_10230006,06610000,development,,2,U1_D1_B0_X0,11.133564058463651,,,,cold_semiarid,unmatched_gages,410333095530101|412126095565201,False
huc8_10230006,410333095530101,development,,2,,22.451810269384467,,,,cold_semiarid,unmatched_gages,06610000|412126095565201,False
huc8_10230006,412126095565201,development,,2,,11.133564058463651,,,,cold_semiarid,unmatched_gages,06610000|410333095530101,False
huc8_10300101,06893060,development,,4,,4.804519995614997,,,,cold_semiarid,regulated,06893620|06893820|06893890|06894000,False
huc8_10300101,06893620,development,False,4,,4.804519995614997,24.4,CntlPlains,21.6,cold_semiarid,regulated,06893060|06893820|06893890|06894000,False
huc8_10300101,06893820,development,,4,,3.861860459345464,,,,cold_semiarid,regulated,06893060|06893620|06893890|06894000,False
huc8_10300101,06893890,development,True,4,,3.861860459345464,89.0,CntlPlains,21.2,cold_semiarid,regulated,06893060|06893620|06893820|06894000,False
huc8_10300101,06894000,development,True,4,U1_D0_B0_X3,9.1403547907528,480.4,CntlPlains,21.6,cold_semiarid,regulated,06893060|06893620|06893820|06893890,False
huc8_11010014,07075250,validation,,2,U0_D2_B0_X0,8.153936208302856,,,,humid_subtropical,regulated,07075270|07076000,False
huc8_11010014,07075270,validation,,2,,8.153936208302856,,,,humid_subtropical,regulated,07075250|07076000,False
huc8_11010014,07076000,validation,True,2,,56.82332022214617,2976.5,EastHghlnds,28.2,humid_subtropical,regulated,07075250|07075270,False
huc8_11020002,07096000,validation,True,4,,21.61036048094817,7940.4,WestMnts,66.6,humid_subtropical,regulated,07097000|07099400|07099969|07109500,False
huc8_11020002,07097000,validation,True,4,,21.61036048094817,10246.7,WestMnts,62.7,humid_subtropical,regulated,07096000|07099400|07099969|07109500,False
huc8_11020002,07099400,validation,True,4,U1_D2_B0_X1,9.978010528745427,11952.3,WestMnts,60.2,humid_subtropical,regulated,07096000|07097000|07099969|07109500,False
huc8_11020002,07099969,validation,,4,,9.978010528745427,,,,humid_subtropical,regulated,07096000|07097000|07099400|07109500,False
huc8_11020002,07109500,validation,True,4,,18.127691674370986,16200.6,WestMnts,57.0,humid_subtropical,regulated,07096000|07097000|07099400|07099969,False
huc8_11020003,07105530,validation,True,2,,24.9029067790548,1072.0,WestMnts,50.0,humid_subtropical,regulated,07106000|07106500,False
huc8_11020003,07106000,validation,True,2,,24.9029067790548,1768.5,WestPlains,49.7,humid_subtropical,regulated,07105530|07106500,False
huc8_11020003,07106500,validation,True,2,,35.41838392300005,2404.4,WestPlains,48.8,humid_subtropical,regulated,07105530|07106000,False
huc8_11030012,07143672,validation,False,1,,19.109132261083026,2003.4,WestPlains,24.6,humid_subtropical,regulated,07144100,False
huc8_11030012,07144100,validation,True,1,,19.109132261083026,3200.4,WestPlains,25.3,humid_subtropical,regulated,07143672,False
huc8_11030012,375350097262800,validation,,1,U0_D0_B1_X0,2.1392928412406924,,,,humid_subtropical,regulated,07144100,False
huc8_11130206,07311900,validation,True,3,,23.684638089922075,4771.7,WestPlains,19.6,humid_subtropical,regulated,07312100|07312500|07312700,False
huc8_11130206,07312100,validation,True,3,,23.684638089922075,5275.7,WestPlains,19.1,humid_subtropical,regulated,07311900|07312500|07312700,False
huc8_11130206,07312500,validation,True,3,U2_D1_B0_X0,27.06147342161707,8146.3,WestPlains,16.8,humid_subtropical,regulated,07311900|07312100|07312700,True
huc8_11130206,07312700,validation,True,3,,27.06147342161707,8852.9,WestPlains,16.0,humid_subtropical,regulated,07311900|07312100|07312500,False
huc8_13060011,08405200,development,,2,,28.735368023382673,,,,cold_arid_highland,unmatched_gages,08406500|08407500,False
huc8_13060011,08406500,development,,2,U1_D1_B0_X0,14.789419674962419,,,,cold_arid_highland,unmatched_gages,08405200|08407500,False
huc8_13060011,08407500,development,,2,,14.789419674962419,,,,cold_arid_highland,unmatched_gages,08405200|08406500,False
huc8_15030108,09522005,development,,2,,25.765364599450233,,,,hot_arid,unmatched_gages,09534000|09534550,False
huc8_15030108,09534000,development,,2,,0.2400338128976489,,,,hot_arid,unmatched_gages,09522005|09534550,False
huc8_15030108,09534550,development,,2,,0.2400338128976489,,,,hot_arid,unmatched_gages,09522005|09534000,False
huc8_16020102,10133650,development,False,2,,5.467840730588596,89.6,WestMnts,68.5,cold_semiarid,unregulated,10133800|10133980,False
huc8_16020102,10133800,development,False,2,U1_D1_B0_X0,5.467840730588596,147.8,WestMnts,69.0,cold_semiarid,unregulated,10133650|10133980,True
huc8_16020102,10133980,development,False,2,,12.368356735769934,285.2,WestMnts,69.7,cold_semiarid,unregulated,10133650|10133800,False
huc8_16050102,10348200,development,True,2,,22.541997864846525,2762.5,WestMnts,67.1,cold_semiarid,regulated,10350500|10351600,False
huc8_16050102,10350500,development,,2,U1_D1_B0_X0,4.399749031228017,,,,cold_semiarid,regulated,10348200|10351600,False
huc8_16050102,10351600,development,True,2,,4.399749031228017,4132.7,WestMnts,67.6,cold_semiarid,regulated,10348200|10350500,False
