network_id,station_id,gap_length,placement,gap_start,lstm_mae_deg_c,xgboost_mae_deg_c,empirical_transfer_prediction,provider,domain,source_panel
arso_drava,2005,7,0,2022-01-01,6.840168476104736,0.259302432196481,0.2076534708908625,arso,slovenia,first_confirmation
arso_drava,2005,7,1,2022-02-27,4.955827236175537,0.0497678756713868,0.2076534708908625,arso,slovenia,first_confirmation
arso_drava,2005,7,2,2022-04-25,0.9772953391075134,0.2952132633754186,0.3560937459128243,arso,slovenia,first_confirmation
arso_drava,2005,30,0,2022-01-01,7.059812068939209,0.1530220254262288,0.549995528737704,arso,slovenia,first_confirmation
arso_drava,2005,30,1,2022-02-26,4.253034591674805,0.737801160812378,0.549995528737704,arso,slovenia,first_confirmation
arso_drava,2005,30,2,2022-04-23,1.9525465965270996,0.4292744509379069,0.8076498366991679,arso,slovenia,first_confirmation
arso_drava,2005,90,0,2022-01-01,5.720559120178223,1.758158949746026,1.03528434545464,arso,slovenia,first_confirmation
arso_drava,2005,90,1,2022-02-22,2.5718722343444824,0.6435433578491212,1.03528434545464,arso,slovenia,first_confirmation
arso_drava,2005,90,2,2022-04-16,3.6373846530914307,1.0938783179389104,1.1032416537602745,arso,slovenia,first_confirmation
arso_drava,2150,7,0,2022-01-01,6.4096174240112305,0.7264012609209333,0.2809221914836338,arso,slovenia,first_confirmation
arso_drava,2150,7,1,2022-02-27,6.436733245849609,0.2177990640912739,0.2809221914836338,arso,slovenia,first_confirmation
arso_drava,2150,7,2,2022-04-25,0.4606971740722656,0.1784402574811659,0.3121052748816354,arso,slovenia,first_confirmation
arso_drava,2150,30,0,2022-01-01,7.915030002593994,0.6790043592453004,0.4281301401456197,arso,slovenia,first_confirmation
arso_drava,2150,30,1,2022-02-26,5.3907270431518555,1.073526627222697,0.4281301401456197,arso,slovenia,first_confirmation
arso_drava,2150,30,2,2022-04-23,2.2258822917938232,0.2897401809692381,0.4835219529469808,arso,slovenia,first_confirmation
arso_drava,2150,90,0,2022-01-01,6.516804218292236,1.8372746054331464,0.6753660389052497,arso,slovenia,first_confirmation
arso_drava,2150,90,1,2022-02-22,3.3882150650024414,1.371698693169488,0.6753660389052497,arso,slovenia,first_confirmation
arso_drava,2150,90,2,2022-04-16,4.540823459625244,0.7992159144083658,0.4241224809222751,arso,slovenia,first_confirmation
arso_drava,2160,7,0,2022-01-01,6.02071475982666,0.8030914919716972,0.4209876605442592,arso,slovenia,first_confirmation
arso_drava,2160,7,1,2022-02-27,5.9017133712768555,0.276760414668492,0.4209876605442592,arso,slovenia,first_confirmation
arso_drava,2160,7,2,2022-04-25,1.0683343410491943,0.2921549660818918,0.541719867161342,arso,slovenia,first_confirmation
arso_drava,2160,30,0,2022-01-01,7.217109680175781,0.6215157206853231,0.7709491831461588,arso,slovenia,first_confirmation
arso_drava,2160,30,1,2022-02-26,4.652266502380371,1.2191207154591877,0.7709491831461588,arso,slovenia,first_confirmation
arso_drava,2160,30,2,2022-04-23,3.075267791748047,0.6117044512430826,0.771414315700531,arso,slovenia,first_confirmation
arso_drava,2160,90,0,2022-01-01,5.691925048828125,1.6446714591979978,0.9035126544104684,arso,slovenia,first_confirmation
arso_drava,2160,90,1,2022-02-22,3.1500301361083984,1.4872265169355603,0.9035126544104684,arso,slovenia,first_confirmation
arso_drava,2160,90,2,2022-04-16,5.418400287628174,1.1203066613939074,0.8716660267512003,arso,slovenia,first_confirmation
arso_kamniska_bistrica,4400,7,0,2022-01-01,1.8850926160812378,0.6810791015625001,0.336437805720738,arso,slovenia,first_confirmation
arso_kamniska_bistrica,4400,7,1,2022-02-27,2.891603708267212,0.5260780334472656,0.336437805720738,arso,slovenia,first_confirmation
arso_kamniska_bistrica,4400,7,2,2022-04-25,0.26042476296424866,0.2543219157627648,0.3962281887871878,arso,slovenia,first_confirmation
arso_kamniska_bistrica,4400,30,0,2022-01-01,2.8239800930023193,0.3474335384368896,0.5242196782430013,arso,slovenia,first_confirmation
arso_kamniska_bistrica,4400,30,1,2022-02-26,2.1063857078552246,0.7758919302622476,0.5242196782430013,arso,slovenia,first_confirmation
arso_kamniska_bistrica,4400,30,2,2022-04-23,0.2522317171096802,0.2185613123575845,0.4235695861180623,arso,slovenia,first_confirmation
arso_kamniska_bistrica,4400,90,0,2022-01-01,2.3517706394195557,0.7401665602789985,0.4781339468426174,arso,slovenia,first_confirmation
arso_kamniska_bistrica,4400,90,1,2022-02-22,1.1048424243927002,0.428780919180976,0.4781339468426174,arso,slovenia,first_confirmation
arso_kamniska_bistrica,4400,90,2,2022-04-16,1.4119946956634521,0.5814163250393337,0.4750121965408325,arso,slovenia,first_confirmation
arso_kamniska_bistrica,4430,7,0,2022-01-01,3.6413509845733643,0.9247350420270648,0.4262925263813564,arso,slovenia,first_confirmation
arso_kamniska_bistrica,4430,7,1,2022-02-27,4.151144504547119,0.066256318773542,0.4262925263813564,arso,slovenia,first_confirmation
arso_kamniska_bistrica,4430,7,2,2022-04-25,0.9061069488525391,0.471934917994908,0.351603421483721,arso,slovenia,first_confirmation
arso_kamniska_bistrica,4430,30,0,2022-01-01,5.392365455627441,0.670025666554769,0.5070258598327636,arso,slovenia,first_confirmation
arso_kamniska_bistrica,4430,30,1,2022-02-26,2.8869502544403076,0.8858375040690103,0.5070258598327636,arso,slovenia,first_confirmation
arso_kamniska_bistrica,4430,30,2,2022-04-23,1.1361004114151,0.3463005956013996,0.4256384704907734,arso,slovenia,first_confirmation
arso_kamniska_bistrica,4430,90,0,2022-01-01,3.956472396850586,1.1964838494194878,0.5202830949889289,arso,slovenia,first_confirmation
arso_kamniska_bistrica,4430,90,1,2022-02-22,1.7436599731445312,0.5573847505781385,0.5202830949889289,arso,slovenia,first_confirmation
arso_kamniska_bistrica,4430,90,2,2022-04-16,3.4982316493988037,1.0765572039286295,0.7046736889415317,arso,slovenia,first_confirmation
arso_kamniska_bistrica,4445,7,0,2022-01-01,2.761479616165161,0.7569777079990931,0.4013747051783969,arso,slovenia,first_confirmation
arso_kamniska_bistrica,4445,7,1,2022-02-27,2.0718398094177246,0.5502124650137766,0.4013747051783969,arso,slovenia,first_confirmation
arso_kamniska_bistrica,4445,7,2,2022-04-25,0.5928167700767517,0.3765846524919785,0.4641630670002529,arso,slovenia,first_confirmation
arso_kamniska_bistrica,4445,30,0,2022-01-01,3.447089433670044,0.8439124997456867,0.639638454914093,arso,slovenia,first_confirmation
arso_kamniska_bistrica,4445,30,1,2022-02-26,1.159281611442566,0.23524840037028,0.639638454914093,arso,slovenia,first_confirmation
arso_kamniska_bistrica,4445,30,2,2022-04-23,1.405461072921753,0.2318275896708171,0.5419218827883403,arso,slovenia,first_confirmation
arso_kamniska_bistrica,4445,90,0,2022-01-01,2.084369659423828,0.7606960709889729,0.6506375688976711,arso,slovenia,first_confirmation
arso_kamniska_bistrica,4445,90,1,2022-02-22,1.125535488128662,0.4638071971469456,0.6506375688976711,arso,slovenia,first_confirmation
arso_kamniska_bistrica,4445,90,2,2022-04-16,3.135399341583252,0.9569774606492786,0.7259307734701369,arso,slovenia,first_confirmation
chmi_kamenice,0-203-1-087930,7,0,2023-01-01,2.320671796798706,0.2290311124589705,0.5146387375443356,chmi,czechia,second_confirmation
chmi_kamenice,0-203-1-087930,7,1,2023-02-27,4.487373352050781,0.2347128305003311,0.5146387375443356,chmi,czechia,second_confirmation
chmi_kamenice,0-203-1-087930,7,2,2023-04-25,2.1470534801483154,1.1719651873149568,0.5146387375443356,chmi,czechia,second_confirmation
chmi_kamenice,0-203-1-087930,30,0,2023-01-01,3.469233512878418,0.4569629790753464,0.8388397666402316,chmi,czechia,second_confirmation
chmi_kamenice,0-203-1-087930,30,1,2023-02-26,4.27174186706543,0.5504170833472287,0.8388397666402316,chmi,czechia,second_confirmation
chmi_kamenice,0-203-1-087930,30,2,2023-04-23,1.262136459350586,1.0242400709788002,0.8388397666402316,chmi,czechia,second_confirmation
chmi_kamenice,0-203-1-087930,90,0,2023-01-01,4.173721790313721,1.2012179253328277,1.1520643098484782,chmi,czechia,second_confirmation
chmi_kamenice,0-203-1-087930,90,1,2023-02-22,3.063692569732666,2.036942769974325,1.1520643098484782,chmi,czechia,second_confirmation
chmi_kamenice,0-203-1-087930,90,2,2023-04-16,2.3578438758850098,0.8179477049625894,1.1520643098484782,chmi,czechia,second_confirmation
chmi_kamenice,0-203-1-088000,7,0,2023-01-01,1.4449307918548584,0.1804111034151108,0.1516146650100878,chmi,czechia,second_confirmation
chmi_kamenice,0-203-1-088000,7,1,2023-02-27,2.633971929550171,0.0626283516959537,0.1516146650100878,chmi,czechia,second_confirmation
chmi_kamenice,0-203-1-088000,7,2,2023-04-25,0.597922682762146,0.2601437129671614,0.1516146650100878,chmi,czechia,second_confirmation
chmi_kamenice,0-203-1-088000,30,0,2023-01-01,1.8641550540924072,0.5554063957708854,0.2800496365648218,chmi,czechia,second_confirmation
chmi_kamenice,0-203-1-088000,30,1,2023-02-26,2.535308361053467,0.2299075500515924,0.2800496365648218,chmi,czechia,second_confirmation
chmi_kamenice,0-203-1-088000,30,2,2023-04-23,0.484494149684906,0.1986491305739792,0.2800496365648218,chmi,czechia,second_confirmation
chmi_kamenice,0-203-1-088000,90,0,2023-01-01,2.385897159576416,0.6259862672725929,0.5507775028005673,chmi,czechia,second_confirmation
chmi_kamenice,0-203-1-088000,90,1,2023-02-22,1.654780387878418,1.0563049927643404,0.5507775028005673,chmi,czechia,second_confirmation
chmi_kamenice,0-203-1-088000,90,2,2023-04-16,1.3754243850708008,0.4705802969873688,0.5507775028005673,chmi,czechia,second_confirmation
chmi_kamenice,0-203-1-090000,7,0,2023-01-01,2.9601194858551025,0.2398902923341781,0.6528367588757563,chmi,czechia,second_confirmation
chmi_kamenice,0-203-1-090000,7,1,2023-02-27,4.491816520690918,0.3538950261615572,0.6528367588757563,chmi,czechia,second_confirmation
chmi_kamenice,0-203-1-090000,7,2,2023-04-25,0.8314295411109924,0.7947309811909994,0.6528367588757563,chmi,czechia,second_confirmation
chmi_kamenice,0-203-1-090000,30,0,2023-01-01,3.613844156265259,0.6761092701664677,1.0188211959765543,chmi,czechia,second_confirmation
chmi_kamenice,0-203-1-090000,30,1,2023-02-26,3.3800177574157715,0.9328443550871576,1.0188211959765543,chmi,czechia,second_confirmation
chmi_kamenice,0-203-1-090000,30,2,2023-04-23,1.4166605472564697,0.8599416104069459,1.0188211959765543,chmi,czechia,second_confirmation
chmi_kamenice,0-203-1-090000,90,0,2023-01-01,3.8228704929351807,1.4194443214445172,1.355387515804567,chmi,czechia,second_confirmation
chmi_kamenice,0-203-1-090000,90,1,2023-02-22,2.3311970233917236,2.3500620837628814,1.355387515804567,chmi,czechia,second_confirmation
chmi_kamenice,0-203-1-090000,90,2,2023-04-16,3.4968678951263428,0.8260308331619075,1.355387515804567,chmi,czechia,second_confirmation
chmi_luznice,0-203-1-119000,7,0,2021-01-01,2.4146406650543213,0.3073512319534541,0.4243053256111612,chmi,czechia,second_confirmation
chmi_luznice,0-203-1-119000,7,1,2021-04-06,2.8813986778259277,0.5940757298181077,0.4243053256111612,chmi,czechia,second_confirmation
chmi_luznice,0-203-1-119000,7,2,2021-07-11,3.102695941925049,0.3865970581296886,0.4243053256111612,chmi,czechia,second_confirmation
chmi_luznice,0-203-1-119000,30,0,2021-01-01,3.312875986099243,1.852980789255213,0.8637421197240162,chmi,czechia,second_confirmation
chmi_luznice,0-203-1-119000,30,1,2021-04-05,2.295555830001831,0.97245817151103,0.8637421197240162,chmi,czechia,second_confirmation
chmi_luznice,0-203-1-119000,30,2,2021-07-09,4.2554030418396,0.9393746489065664,0.8637421197240162,chmi,czechia,second_confirmation
chmi_luznice,0-203-1-119000,90,0,2021-01-01,4.550380706787109,2.4917923314348847,1.4190160761590025,chmi,czechia,second_confirmation
chmi_luznice,0-203-1-119000,90,1,2021-04-02,2.0567212104797363,1.8614483002151616,1.4190160761590025,chmi,czechia,second_confirmation
chmi_luznice,0-203-1-119000,90,2,2021-07-02,4.138750076293945,0.8693952555359546,1.4190160761590025,chmi,czechia,second_confirmation
chmi_luznice,0-203-1-131000,7,0,2021-01-01,6.569966793060303,0.5564213862494817,0.4320438578300989,chmi,czechia,second_confirmation
chmi_luznice,0-203-1-131000,7,1,2021-04-06,1.474268913269043,1.1193739482334686,0.4320438578300989,chmi,czechia,second_confirmation
chmi_luznice,0-203-1-131000,7,2,2021-07-11,9.553109169006348,0.4130365038674962,0.4320438578300989,chmi,czechia,second_confirmation
chmi_luznice,0-203-1-131000,30,0,2021-01-01,6.68153715133667,0.4100590397693493,0.9727166184714364,chmi,czechia,second_confirmation
chmi_luznice,0-203-1-131000,30,1,2021-04-05,1.7671129703521729,1.6904454782274032,0.9727166184714364,chmi,czechia,second_confirmation
chmi_luznice,0-203-1-131000,30,2,2021-07-09,9.035887718200684,0.8860344978615089,0.9727166184714364,chmi,czechia,second_confirmation
chmi_luznice,0-203-1-131000,90,0,2021-01-01,5.6274895668029785,2.618857482854103,1.8152777646445808,chmi,czechia,second_confirmation
chmi_luznice,0-203-1-131000,90,1,2021-04-02,4.379239082336426,2.2164440091451008,1.8152777646445808,chmi,czechia,second_confirmation
chmi_luznice,0-203-1-131000,90,2,2021-07-02,7.087556838989258,1.1770465995844952,1.8152777646445808,chmi,czechia,second_confirmation
chmi_luznice,0-203-1-133000,7,0,2021-01-01,6.071584224700928,0.3568735588164556,0.4647722082713773,chmi,czechia,second_confirmation
chmi_luznice,0-203-1-133000,7,1,2021-04-06,0.5808972716331482,1.0316643382088866,0.4647722082713773,chmi,czechia,second_confirmation
chmi_luznice,0-203-1-133000,7,2,2021-07-11,10.666046142578125,0.2962420872279579,0.4647722082713773,chmi,czechia,second_confirmation
chmi_luznice,0-203-1-133000,30,0,2021-01-01,5.728481769561768,0.4097956092269332,1.0724388820076234,chmi,czechia,second_confirmation
chmi_luznice,0-203-1-133000,30,1,2021-04-05,1.3264881372451782,1.692943232152757,1.0724388820076234,chmi,czechia,second_confirmation
chmi_luznice,0-203-1-133000,30,2,2021-07-09,10.730866432189941,0.7596036303484887,1.0724388820076234,chmi,czechia,second_confirmation
chmi_luznice,0-203-1-133000,90,0,2021-01-01,4.293498516082764,2.052261432636916,1.93304520265414,chmi,czechia,second_confirmation
chmi_luznice,0-203-1-133000,90,1,2021-04-02,4.9082841873168945,1.7451067169554806,1.93304520265414,chmi,czechia,second_confirmation
chmi_luznice,0-203-1-133000,90,2,2021-07-02,8.838447570800781,1.1331014964554915,1.93304520265414,chmi,czechia,second_confirmation
foen_aare_aaregebiet,2016,7,0,2019-01-01,5.251036167144775,0.1754478754316059,0.1450461579050336,foen,switzerland,first_confirmation
foen_aare_aaregebiet,2016,7,1,2019-05-14,0.9596556425094604,0.430237246922084,0.3238720844813755,foen,switzerland,first_confirmation
foen_aare_aaregebiet,2016,7,2,2019-09-25,3.68652606010437,0.4750284358433317,0.2194998012270245,foen,switzerland,first_confirmation
foen_aare_aaregebiet,2016,30,0,2019-01-01,5.6697916984558105,0.1766210301717122,0.2866532860596975,foen,switzerland,first_confirmation
foen_aare_aaregebiet,2016,30,1,2019-05-12,1.312645673751831,0.755744358062744,0.5858759854634603,foen,switzerland,first_confirmation
foen_aare_aaregebiet,2016,30,2,2019-09-20,2.3643577098846436,0.3414174435933431,0.4477023681322733,foen,switzerland,first_confirmation
foen_aare_aaregebiet,2016,90,0,2019-01-01,5.178573131561279,1.2218638072543675,0.6932231530454424,foen,switzerland,first_confirmation
foen_aare_aaregebiet,2016,90,1,2019-05-05,4.06943941116333,0.936534848107232,0.8710706913842096,foen,switzerland,first_confirmation
foen_aare_aaregebiet,2016,90,2,2019-09-07,2.3712263107299805,0.6403715638054741,0.7246909069485135,foen,switzerland,first_confirmation
foen_aare_aaregebiet,2019,7,0,2019-01-01,1.290069341659546,0.5324754251752581,0.3624558336394173,foen,switzerland,first_confirmation
foen_aare_aaregebiet,2019,7,1,2019-05-14,0.28573116660118103,0.5883396366664343,0.5223154751913887,foen,switzerland,first_confirmation
foen_aare_aaregebiet,2019,7,2,2019-09-25,1.9026423692703247,0.5349068205697195,0.2851486449241637,foen,switzerland,first_confirmation
foen_aare_aaregebiet,2019,30,0,2019-01-01,1.599199652671814,1.0270158907572429,0.4769644671916961,foen,switzerland,first_confirmation
foen_aare_aaregebiet,2019,30,1,2019-05-12,0.8166949152946472,1.1462393964131674,0.6938037102381388,foen,switzerland,first_confirmation
foen_aare_aaregebiet,2019,30,2,2019-09-20,1.5382391214370728,0.4328056882222492,0.5249244165102641,foen,switzerland,first_confirmation
foen_aare_aaregebiet,2019,90,0,2019-01-01,1.0234227180480957,0.8110194731818304,0.7937335362752279,foen,switzerland,first_confirmation
foen_aare_aaregebiet,2019,90,1,2019-05-05,1.1672334671020508,1.1172806180318196,0.7769842984994253,foen,switzerland,first_confirmation
foen_aare_aaregebiet,2019,90,2,2019-09-07,1.3418984413146973,0.9739774350060356,0.85131091404491,foen,switzerland,first_confirmation
foen_aare_aaregebiet,2029,7,0,2019-01-01,4.9300217628479,0.0922401755196707,0.1246519981792994,foen,switzerland,first_confirmation
foen_aare_aaregebiet,2029,7,1,2019-05-14,1.2961266040802002,0.6260834339686802,0.6992787160873413,foen,switzerland,first_confirmation
foen_aare_aaregebiet,2029,7,2,2019-09-25,3.3784937858581543,0.0899247741699222,0.2322664718627928,foen,switzerland,first_confirmation
foen_aare_aaregebiet,2029,30,0,2019-01-01,5.7508955001831055,0.1255236288706461,0.2454591796239216,foen,switzerland,first_confirmation
foen_aare_aaregebiet,2029,30,1,2019-05-12,1.3260866403579712,0.9206440175374346,0.960226114845276,foen,switzerland,first_confirmation
foen_aare_aaregebiet,2029,30,2,2019-09-20,2.6219279766082764,0.6657848752339679,0.4697945804913838,foen,switzerland,first_confirmation
foen_aare_aaregebiet,2029,90,0,2019-01-01,5.8860554695129395,1.547434074825711,1.2390441997422112,foen,switzerland,first_confirmation
foen_aare_aaregebiet,2029,90,1,2019-05-05,3.417078971862793,1.2354112192789717,1.2551880352232192,foen,switzerland,first_confirmation
foen_aare_aaregebiet,2029,90,2,2019-09-07,2.143677234649658,0.7169423548380532,0.9408775894641876,foen,switzerland,first_confirmation
foen_aare_aaregebiet,2030,7,0,2019-01-01,2.2627973556518555,0.0784677124023437,0.1059449860709054,foen,switzerland,first_confirmation
foen_aare_aaregebiet,2030,7,1,2019-05-14,1.0935567617416382,0.167897698538644,0.2645259447097777,foen,switzerland,first_confirmation
foen_aare_aaregebiet,2030,7,2,2019-09-25,2.389356851577759,0.1518122100830078,0.1576744247164044,foen,switzerland,first_confirmation
foen_aare_aaregebiet,2030,30,0,2019-01-01,2.807971954345703,0.1670960915883382,0.1596668985366821,foen,switzerland,first_confirmation
foen_aare_aaregebiet,2030,30,1,2019-05-12,0.8494583368301392,0.6134757461547852,0.4512702655474344,foen,switzerland,first_confirmation
foen_aare_aaregebiet,2030,30,2,2019-09-20,1.6615790128707886,0.1313510093688965,0.2414906666119892,foen,switzerland,first_confirmation
foen_aare_aaregebiet,2030,90,0,2019-01-01,3.0588440895080566,1.1290787720150417,0.6500467235459222,foen,switzerland,first_confirmation
foen_aare_aaregebiet,2030,90,1,2019-05-05,2.1854965686798096,0.7400461029476588,0.5161286146799723,foen,switzerland,first_confirmation
foen_aare_aaregebiet,2030,90,2,2019-09-07,1.0990939140319824,0.4304797435336642,0.4951381152258979,foen,switzerland,first_confirmation
foen_aare_aaregebiet,2085,7,0,2019-01-01,6.4360222816467285,0.2112010574340821,0.3965995844432285,foen,switzerland,first_confirmation
foen_aare_aaregebiet,2085,7,1,2019-05-14,2.928211212158203,0.4615615354265485,0.4734148862021309,foen,switzerland,first_confirmation
foen_aare_aaregebiet,2085,7,2,2019-09-25,2.831145763397217,0.3847825622558594,0.2946451403754098,foen,switzerland,first_confirmation
foen_aare_aaregebiet,2085,30,0,2019-01-01,7.190056324005127,0.3592724577585856,0.58342856464386,foen,switzerland,first_confirmation
foen_aare_aaregebiet,2085,30,1,2019-05-12,1.79786217212677,0.8197688191731771,0.8592732424418132,foen,switzerland,first_confirmation
foen_aare_aaregebiet,2085,30,2,2019-09-20,1.5699307918548584,0.5329273974100748,0.818355271434784,foen,switzerland,first_confirmation
foen_aare_aaregebiet,2085,90,0,2019-01-01,6.916045665740967,1.531434582604302,1.0860079378975762,foen,switzerland,first_confirmation
foen_aare_aaregebiet,2085,90,1,2019-05-05,2.6650991439819336,1.0388694089253745,1.4027337901221382,foen,switzerland,first_confirmation
foen_aare_aaregebiet,2085,90,2,2019-09-07,2.4392213821411133,1.17784406153361,1.140762815231747,foen,switzerland,first_confirmation
foen_aare_aaregebiet,2113,7,0,2019-01-01,5.016510963439941,0.2890698950631277,0.2681114612306866,foen,switzerland,first_confirmation
foen_aare_aaregebiet,2113,7,1,2019-05-14,0.6652183532714844,0.2917808369227815,0.3728311792101179,foen,switzerland,first_confirmation
foen_aare_aaregebiet,2113,7,2,2019-09-24,5.111872673034668,0.1424279458182198,0.2622545354025703,foen,switzerland,first_confirmation
foen_aare_aaregebiet,2113,30,0,2019-01-01,5.754913330078125,0.3757981122334797,0.4837719577471414,foen,switzerland,first_confirmation
foen_aare_aaregebiet,2113,30,1,2019-05-12,1.9086004495620728,0.5088177185058592,0.6159721522331238,foen,switzerland,first_confirmation
foen_aare_aaregebiet,2113,30,2,2019-09-20,3.5592424869537354,0.4395347162882487,0.5515550995826721,foen,switzerland,first_confirmation
foen_aare_aaregebiet,2113,90,0,2019-01-01,5.225180625915527,1.953963375515408,1.0361273634380763,foen,switzerland,first_confirmation
foen_aare_aaregebiet,2113,90,1,2019-05-05,5.11485481262207,0.8153369636535643,0.8484429334958394,foen,switzerland,first_confirmation
foen_aare_aaregebiet,2113,90,2,2019-09-07,2.8858957290649414,0.5536666374206543,0.9794488725026448,foen,switzerland,first_confirmation
foen_aare_aaregebiet,2135,7,0,2019-01-01,0.7044691443443298,0.2889622143336704,0.2470923516409737,foen,switzerland,first_confirmation
foen_aare_aaregebiet,2135,7,1,2019-05-14,1.1861191987991333,0.2813372039794922,0.2860197215761457,foen,switzerland,first_confirmation
foen_aare_aaregebiet,2135,7,2,2019-09-25,4.071049213409424,0.1796100180489683,0.1899101675578526,foen,switzerland,first_confirmation
foen_aare_aaregebiet,2135,30,0,2019-01-01,1.1984837055206299,0.2779159641265869,0.2848636523246765,foen,switzerland,first_confirmation
foen_aare_aaregebiet,2135,30,1,2019-05-12,1.906331181526184,0.3855710194905598,0.4052718906402588,foen,switzerland,first_confirmation
foen_aare_aaregebiet,2135,30,2,2019-09-20,3.362060070037842,0.1775657513936362,0.2268561692555744,foen,switzerland,first_confirmation
foen_aare_aaregebiet,2135,90,0,2019-01-01,1.0459438562393188,1.151162347793579,0.5955295528411865,foen,switzerland,first_confirmation
foen_aare_aaregebiet,2135,90,1,2019-05-05,3.487379550933838,0.3918780511220294,0.3711987609969245,foen,switzerland,first_confirmation
foen_aare_aaregebiet,2135,90,2,2019-09-07,2.59940767288208,0.1822135649787055,0.5751963769170974,foen,switzerland,first_confirmation
foen_aare_aaregebiet,2205,7,0,2019-01-01,4.738600730895996,0.1398203223092215,0.1248861339432852,foen,switzerland,first_confirmation
foen_aare_aaregebiet,2205,7,1,2019-05-14,0.5892009735107422,0.2745157895769394,0.2421531422478811,foen,switzerland,first_confirmation
foen_aare_aaregebiet,2205,7,2,2019-09-25,5.6351189613342285,0.247561383928571,0.1799401305062429,foen,switzerland,first_confirmation
foen_aare_aaregebiet,2205,30,0,2019-01-01,5.176172256469727,0.1730928109486898,0.1964257049560546,foen,switzerland,first_confirmation
foen_aare_aaregebiet,2205,30,1,2019-05-12,2.2445051670074463,0.4612576052347818,0.4515657140096028,foen,switzerland,first_confirmation
foen_aare_aaregebiet,2205,30,2,2019-09-20,4.335226535797119,0.2496432291666665,0.3385876125017801,foen,switzerland,first_confirmation
foen_aare_aaregebiet,2205,90,0,2019-01-01,4.567831993103027,0.9827650174034966,0.5187516419198778,foen,switzerland,first_confirmation
foen_aare_aaregebiet,2205,90,1,2019-05-05,5.534606456756592,0.7238464842902289,0.6043252158376905,foen,switzerland,first_confirmation
foen_aare_aaregebiet,2205,90,2,2019-09-07,3.3881866931915283,0.4139951608445907,0.5641859484672546,foen,switzerland,first_confirmation
foen_aare_aaregebiet,2457,7,0,2019-01-01,3.264002561569214,0.1219590323311942,0.0799550989695957,foen,switzerland,first_confirmation
foen_aare_aaregebiet,2457,7,1,2019-05-14,1.9746392965316772,0.8721808024815153,0.5837992493765695,foen,switzerland,first_confirmation
foen_aare_aaregebiet,2457,7,2,2019-09-25,1.9542045593261719,0.6516687502179825,0.4270353931699479,foen,switzerland,first_confirmation
foen_aare_aaregebiet,2457,30,0,2019-01-01,3.742926597595215,0.1698642781575521,0.1600087360064188,foen,switzerland,first_confirmation
foen_aare_aaregebiet,2457,30,1,2019-05-12,1.1722959280014038,0.7880082054138181,0.7609033177693685,foen,switzerland,first_confirmation
foen_aare_aaregebiet,2457,30,2,2019-09-20,1.6178596019744873,0.4436770299275717,0.4292802359263102,foen,switzerland,first_confirmation
foen_aare_aaregebiet,2457,90,0,2019-01-01,3.879835605621338,0.9546791623433432,0.7260250631226433,foen,switzerland,first_confirmation
foen_aare_aaregebiet,2457,90,1,2019-05-05,1.620992660522461,0.9404052880605064,1.0437189370155333,foen,switzerland,first_confirmation
foen_aare_aaregebiet,2457,90,2,2019-09-07,1.320302963256836,0.5065166202121312,0.6389156790415446,foen,switzerland,first_confirmation
gkd_bayern_alz,18403002,7,0,2012-01-01,8.707636833190918,0.7158962181636266,0.4607136825152805,gkd_bayern,germany,first_confirmation
gkd_bayern_alz,18403002,7,1,2012-07-30,7.767353057861328,1.0478878021240234,0.9501442555018836,gkd_bayern,germany,first_confirmation
gkd_bayern_alz,18403002,7,2,2013-03-14,8.95601749420166,0.4506374631609237,0.8092183317456927,gkd_bayern,germany,first_confirmation
gkd_bayern_alz,18403002,30,0,2012-01-01,9.616880416870117,0.598854611714681,0.8024994039138159,gkd_bayern,germany,first_confirmation
gkd_bayern_alz,18403002,30,1,2012-07-19,6.6325531005859375,0.9594728088378908,1.363893004099528,gkd_bayern,germany,first_confirmation
gkd_bayern_alz,18403002,30,2,2013-03-15,9.039432525634766,0.8805997260411579,1.3722717104752855,gkd_bayern,germany,first_confirmation
gkd_bayern_alz,18403002,90,0,2012-01-01,9.290230751037598,1.1254049258761936,1.3788391268518236,gkd_bayern,germany,first_confirmation
gkd_bayern_alz,18403002,90,1,2012-09-29,4.3842315673828125,1.1842583062913683,1.488143419186274,gkd_bayern,germany,first_confirmation
gkd_bayern_alz,18403002,90,2,2013-11-28,7.892440319061279,0.6056331782870822,1.488143419186274,gkd_bayern,germany,first_confirmation
gkd_bayern_alz,18405008,7,0,2012-01-01,3.810380220413208,0.7621393135615756,0.6938562346356256,gkd_bayern,germany,first_confirmation
gkd_bayern_alz,18405008,7,1,2012-07-30,14.994755744934082,0.384694126674107,0.6938562346356256,gkd_bayern,germany,first_confirmation
gkd_bayern_alz,18405008,7,2,2013-03-12,4.253445625305176,0.2720933505467006,0.6938562346356256,gkd_bayern,germany,first_confirmation
gkd_bayern_alz,18405008,30,0,2012-01-01,4.444808006286621,0.6178000211715698,1.1046496295034884,gkd_bayern,germany,first_confirmation
gkd_bayern_alz,18405008,30,1,2012-07-19,13.670317649841309,0.5926621373494463,1.1046496295034884,gkd_bayern,germany,first_confirmation
gkd_bayern_alz,18405008,30,2,2013-03-13,4.123589992523193,0.5818861738840739,1.1046496295034884,gkd_bayern,germany,first_confirmation
gkd_bayern_alz,18405008,90,0,2012-01-01,4.6201066970825195,1.2970356803470189,1.797492680291335,gkd_bayern,germany,first_confirmation
gkd_bayern_alz,18405008,90,1,2012-09-27,3.599614143371582,0.7366087447272408,1.797492680291335,gkd_bayern,germany,first_confirmation
gkd_bayern_alz,18405008,90,2,2013-11-26,2.4968063831329346,0.7212661329905193,1.797492680291335,gkd_bayern,germany,first_confirmation
gkd_bayern_alz,18408200,7,0,2012-01-01,2.4870333671569824,0.4845126560756138,0.6938562346356256,gkd_bayern,germany,first_confirmation
gkd_bayern_alz,18408200,7,1,2012-07-30,8.17711353302002,0.2576079777308874,0.6938562346356256,gkd_bayern,germany,first_confirmation
gkd_bayern_alz,18408200,7,2,2013-03-11,2.5762596130371094,0.5218699727739606,0.6938562346356256,gkd_bayern,germany,first_confirmation
gkd_bayern_alz,18408200,30,0,2012-01-01,3.080476999282837,0.469213778177897,1.1046496295034884,gkd_bayern,germany,first_confirmation
gkd_bayern_alz,18408200,30,1,2012-07-19,7.593302249908447,0.6110645294189453,1.1046496295034884,gkd_bayern,germany,first_confirmation
gkd_bayern_alz,18408200,30,2,2013-03-12,2.621443271636963,0.8088035202026369,1.1046496295034884,gkd_bayern,germany,first_confirmation
gkd_bayern_alz,18408200,90,0,2012-01-01,3.005686044692993,0.972641512552897,1.797492680291335,gkd_bayern,germany,first_confirmation
gkd_bayern_alz,18408200,90,1,2012-06-22,7.40725040435791,0.7293962033589683,1.797492680291335,gkd_bayern,germany,first_confirmation
gkd_bayern_alz,18408200,90,2,2013-11-29,2.20687198638916,0.6554168309105767,1.797492680291335,gkd_bayern,germany,first_confirmation
gkd_bayern_fraenkische_saale,24405002,7,0,2013-01-01,3.3057425022125244,0.4848281451633998,0.7645810913188117,gkd_bayern,germany,first_confirmation
gkd_bayern_fraenkische_saale,24405002,7,1,2013-08-15,4.0010986328125,0.1448286056518549,0.6020836571284703,gkd_bayern,germany,first_confirmation
gkd_bayern_fraenkische_saale,24405002,7,2,2014-03-29,1.1400340795516968,0.1602719443184987,0.7268668791225978,gkd_bayern,germany,first_confirmation
gkd_bayern_fraenkische_saale,24405002,30,0,2013-01-01,5.481282711029053,1.9307787195841468,1.1669134439329305,gkd_bayern,germany,first_confirmation
gkd_bayern_fraenkische_saale,24405002,30,1,2013-07-30,5.195313453674316,0.4739756838480631,1.1017826919555664,gkd_bayern,germany,first_confirmation
gkd_bayern_fraenkische_saale,24405002,30,2,2014-02-25,3.1233716011047363,0.7278008015950521,1.1669134439329305,gkd_bayern,germany,first_confirmation
gkd_bayern_fraenkische_saale,24405002,90,0,2013-01-01,5.534749507904053,1.6172770245869954,1.6596262729134823,gkd_bayern,germany,first_confirmation
gkd_bayern_fraenkische_saale,24405002,90,1,2013-06-27,4.327288627624512,2.639847263760037,1.802571221033732,gkd_bayern,germany,first_confirmation
gkd_bayern_fraenkische_saale,24405002,90,2,2013-12-21,4.667834281921387,1.3142175330056085,1.6596262729134823,gkd_bayern,germany,first_confirmation
gkd_bayern_fraenkische_saale,24409003,7,0,2013-01-01,4.089409351348877,0.258988298688616,0.6537388123571872,gkd_bayern,germany,first_confirmation
gkd_bayern_fraenkische_saale,24409003,7,1,2013-08-15,4.882275104522705,0.2071193695068355,0.6537388123571872,gkd_bayern,germany,first_confirmation
gkd_bayern_fraenkische_saale,24409003,7,2,2014-03-29,1.1298619508743286,0.0607629776000978,0.6537388123571872,gkd_bayern,germany,first_confirmation
gkd_bayern_fraenkische_saale,24409003,30,0,2013-01-01,6.405425548553467,1.4114787832895912,1.184131567629675,gkd_bayern,germany,first_confirmation
gkd_bayern_fraenkische_saale,24409003,30,1,2013-07-30,6.097338676452637,0.3856877390543621,1.184131567629675,gkd_bayern,germany,first_confirmation
gkd_bayern_fraenkische_saale,24409003,30,2,2014-02-25,3.4438300132751465,0.4721503321329753,1.184131567629675,gkd_bayern,germany,first_confirmation
gkd_bayern_fraenkische_saale,24409003,90,0,2013-01-01,6.404177665710449,1.145059757232666,1.7342243072075978,gkd_bayern,germany,first_confirmation
gkd_bayern_fraenkische_saale,24409003,90,1,2013-06-27,5.180617809295654,2.5829819276597767,1.7342243072075978,gkd_bayern,germany,first_confirmation
gkd_bayern_fraenkische_saale,24409003,90,2,2013-12-21,5.1400837898254395,0.7825024880303277,1.7342243072075978,gkd_bayern,germany,first_confirmation
lubw_rhein,CXX147,7,0,2015-01-10,2.9097275733947754,0.4437923840114048,0.2970362676892961,lubw,germany,first_confirmation
lubw_rhein,CXX147,7,1,2015-11-12,2.0754733085632324,0.3452334267752511,0.4543162134715488,lubw,germany,first_confirmation
lubw_rhein,CXX147,7,2,2016-07-16,9.920052528381348,0.576102556501116,0.6157937213352749,lubw,germany,first_confirmation
lubw_rhein,CXX147,30,0,2015-01-27,4.767596244812012,0.6472574234008787,0.6335809099674224,lubw,germany,first_confirmation
lubw_rhein,CXX147,30,1,2016-03-03,2.474015235900879,0.4928106403350831,0.9373414457639058,lubw,germany,first_confirmation
lubw_rhein,CXX147,30,2,2016-11-06,0.8550172448158264,0.5157284609476724,0.70113982629776,lubw,germany,first_confirmation
lubw_rhein,CXX147,90,0,2015-07-08,10.529632568359375,1.094990389082167,1.2688260957929822,lubw,germany,first_confirmation
lubw_rhein,CXX147,90,1,2016-09-01,5.421473026275635,0.6786472903357612,0.7531071564886304,lubw,germany,first_confirmation
lubw_rhein,CXX147,90,2,2016-11-29,4.262888431549072,2.221029968261719,0.7531071564886304,lubw,germany,first_confirmation
lubw_rhein,CXX334,7,0,2015-01-09,1.599243402481079,0.6383140291486468,0.2604975739547184,lubw,germany,first_confirmation
lubw_rhein,CXX334,7,1,2015-11-10,3.4134457111358643,0.1009793145315985,0.2286352539062498,lubw,germany,first_confirmation
lubw_rhein,CXX334,7,2,2016-07-09,9.850367546081543,0.8646889822823657,0.3649060521806989,lubw,germany,first_confirmation
lubw_rhein,CXX334,30,0,2015-01-27,3.316943407058716,0.7147201220194498,0.6103131920099258,lubw,germany,first_confirmation
lubw_rhein,CXX334,30,1,2016-03-03,1.473388433456421,0.3930319786071777,0.7483429820537568,lubw,germany,first_confirmation
lubw_rhein,CXX334,30,2,2016-11-03,0.9786690473556519,0.3976417922973633,0.5659143850008646,lubw,germany,first_confirmation
lubw_rhein,CXX334,90,0,2015-07-08,10.348418235778809,0.9703458616468642,1.1116979329850938,lubw,germany,first_confirmation
lubw_rhein,CXX334,90,1,2016-08-31,5.3667473793029785,0.4815947511461047,1.1116979329850938,lubw,germany,first_confirmation
lubw_rhein,CXX334,90,2,2016-11-29,3.3813390731811523,2.2638290511237256,0.5892941323916118,lubw,germany,first_confirmation
lubw_rhein,CXX340,7,0,2015-01-09,3.227024555206299,0.4081060000828336,0.372791102187974,lubw,germany,first_confirmation
lubw_rhein,CXX340,7,1,2015-11-10,3.1333580017089844,0.3020380020141601,0.372791102187974,lubw,germany,first_confirmation
lubw_rhein,CXX340,7,2,2016-07-07,9.882458686828613,0.3342014857700895,0.372791102187974,lubw,germany,first_confirmation
lubw_rhein,CXX340,30,0,2015-01-28,4.768895149230957,0.3993246905008952,0.7489113078448508,lubw,germany,first_confirmation
lubw_rhein,CXX340,30,1,2016-03-03,2.5082690715789795,0.1554431915283203,0.7489113078448508,lubw,germany,first_confirmation
lubw_rhein,CXX340,30,2,2016-11-04,0.9444714784622192,0.2172085062662759,0.7489113078448508,lubw,germany,first_confirmation
lubw_rhein,CXX340,90,0,2015-07-09,9.896208763122559,0.3929223420884875,0.9658100627263386,lubw,germany,first_confirmation
lubw_rhein,CXX340,90,1,2016-09-01,4.857523441314697,0.2719655969407823,0.9658100627263386,lubw,germany,first_confirmation
lubw_rhein,CXX340,90,2,2016-11-29,4.798896789550781,1.2127341185675726,0.9658100627263386,lubw,germany,first_confirmation
lubw_rhein,CXX359,7,0,2015-01-09,3.939844846725464,0.5649264880589077,0.2848350604942866,lubw,germany,first_confirmation
lubw_rhein,CXX359,7,1,2015-11-11,1.4562246799468994,0.8066641671316968,0.3135228197915213,lubw,germany,first_confirmation
lubw_rhein,CXX359,7,2,2016-07-08,8.705443382263184,1.0754467010498046,0.4477471378871372,lubw,germany,first_confirmation
lubw_rhein,CXX359,30,0,2015-01-27,5.564201354980469,0.7664296944936119,0.7938519488573075,lubw,germany,first_confirmation
lubw_rhein,CXX359,30,1,2016-03-02,3.497745990753174,0.3132677650451661,0.9381879975001018,lubw,germany,first_confirmation
lubw_rhein,CXX359,30,2,2016-11-02,1.500177264213562,0.567053902943929,0.6700203137397767,lubw,germany,first_confirmation
lubw_rhein,CXX359,90,0,2015-07-08,8.776201248168945,0.9713498009575738,1.1695064268112183,lubw,germany,first_confirmation
lubw_rhein,CXX359,90,1,2016-08-30,4.252490520477295,0.7057874658372668,1.1695064268112183,lubw,germany,first_confirmation
lubw_rhein,CXX359,90,2,2016-11-28,5.7003655433654785,2.828200357225206,0.724753095097012,lubw,germany,first_confirmation
lubw_neckar,CYY003,7,0,2011-01-01,8.15666675567627,0.2868477548871723,0.3456612808363777,lubw,germany,first_confirmation
lubw_neckar,CYY003,7,1,2011-09-19,3.064882516860962,0.3698066166469027,0.344342974935259,lubw,germany,first_confirmation
lubw_neckar,CYY003,7,2,2012-04-24,0.7092493772506714,0.1909559522356307,0.5696883344650269,lubw,germany,first_confirmation
lubw_neckar,CYY003,30,0,2011-04-16,1.4893302917480469,0.5405514907836915,0.8909000468254089,lubw,germany,first_confirmation
lubw_neckar,CYY003,30,1,2011-09-20,2.3123366832733154,1.20988894144694,0.7284153467814127,lubw,germany,first_confirmation
lubw_neckar,CYY003,30,2,2012-02-19,6.642450332641602,0.5116037289301553,0.853108346303304,lubw,germany,first_confirmation
lubw_neckar,CYY003,90,0,2011-04-16,3.8057711124420166,1.3673554611206054,1.104855362680223,lubw,germany,first_confirmation
lubw_neckar,CYY003,90,1,2011-05-25,4.954267978668213,0.9237049484252928,1.104855362680223,lubw,germany,first_confirmation
lubw_neckar,CYY003,90,2,2011-12-19,8.174568176269531,2.453411853578355,0.6932509183126784,lubw,germany,first_confirmation
lubw_neckar,CYY031,7,0,2011-01-01,4.448788642883301,0.7327152388436454,0.3191963737351553,lubw,germany,first_confirmation
lubw_neckar,CYY031,7,1,2011-09-20,3.142301321029663,0.1943747384207585,0.254236110959734,lubw,germany,first_confirmation
lubw_neckar,CYY031,7,2,2012-04-28,0.7650413513183594,0.4666141782488139,0.4605014773777552,lubw,germany,first_confirmation
lubw_neckar,CYY031,30,0,2011-04-16,1.9050761461257935,0.4960339864095053,0.7143221009572347,lubw,germany,first_confirmation
lubw_neckar,CYY031,30,1,2011-09-20,2.6471455097198486,1.0022848892211915,0.6833280506134033,lubw,germany,first_confirmation
lubw_neckar,CYY031,30,2,2012-03-22,0.3368412256240845,0.4014346567789714,0.7143221009572347,lubw,germany,first_confirmation
lubw_neckar,CYY031,90,0,2011-04-16,3.9678969383239746,1.3561340819464789,0.9902071714401244,lubw,germany,first_confirmation
lubw_neckar,CYY031,90,1,2011-05-24,4.892276287078857,0.7895370780097115,0.9902071714401244,lubw,germany,first_confirmation
lubw_neckar,CYY031,90,2,2011-12-19,4.768155097961426,2.031249681048924,0.577990832682009,lubw,germany,first_confirmation
lubw_neckar,CYY061,7,0,2011-01-01,6.55165958404541,1.067202322823661,0.4781407529967171,lubw,germany,first_confirmation
lubw_neckar,CYY061,7,1,2011-09-20,1.9648560285568237,0.430571419852121,0.3206401096071515,lubw,germany,first_confirmation
lubw_neckar,CYY061,7,2,2012-04-26,1.1321545839309692,0.1841548919677735,0.6640559462138584,lubw,germany,first_confirmation
lubw_neckar,CYY061,30,0,2011-04-16,0.9452693462371826,0.4338561820983887,1.0290165737469992,lubw,germany,first_confirmation
lubw_neckar,CYY061,30,1,2011-09-20,2.0931477546691895,0.7524651654561363,0.8773627746899922,lubw,germany,first_confirmation
lubw_neckar,CYY061,30,2,2012-03-21,1.3124462366104126,0.6642343393961588,1.0290165737469992,lubw,germany,first_confirmation
lubw_neckar,CYY061,90,0,2011-04-16,3.2886743545532227,1.4932473606533472,1.0890746207237243,lubw,germany,first_confirmation
lubw_neckar,CYY061,90,1,2011-05-25,4.171940326690674,1.0482356686062286,1.0890746207237243,lubw,germany,first_confirmation
lubw_neckar,CYY061,90,2,2011-12-19,7.013885021209717,2.205000273386637,0.8361022737291124,lubw,germany,first_confirmation
lubw_neckar,CYY072,7,0,2011-01-01,6.496762752532959,0.8869264466421944,0.4950560876301357,lubw,germany,first_confirmation
lubw_neckar,CYY072,7,1,2011-09-20,0.3327680230140686,0.4312790461948945,0.3374501296452114,lubw,germany,first_confirmation
lubw_neckar,CYY072,7,2,2012-04-25,2.754606008529663,0.3973228182111469,0.4848843411036899,lubw,germany,first_confirmation
lubw_neckar,CYY072,30,0,2011-04-16,1.525567650794983,0.3637295977274575,0.7550969236691794,lubw,germany,first_confirmation
lubw_neckar,CYY072,30,1,2011-09-20,0.6137136816978455,0.5673953755696615,0.847543871720632,lubw,germany,first_confirmation
lubw_neckar,CYY072,30,2,2012-02-19,5.563126564025879,0.655679081281026,0.956667172273,lubw,germany,first_confirmation
lubw_neckar,CYY072,90,0,2011-04-16,2.2987148761749268,0.8724392233954537,0.5466224218474495,lubw,germany,first_confirmation
lubw_neckar,CYY072,90,1,2011-05-24,2.474689483642578,0.7160821787516277,0.5466224218474495,lubw,germany,first_confirmation
lubw_neckar,CYY072,90,2,2011-12-18,7.018787384033203,2.076773585213556,0.5987661378345793,lubw,germany,first_confirmation
lubw_neckar,CYY094,7,0,2011-01-01,4.360371112823486,0.796698352268764,0.5493317893573215,lubw,germany,first_confirmation
lubw_neckar,CYY094,7,1,2011-09-20,4.285619735717773,0.4460556030273435,0.4955835015433175,lubw,germany,first_confirmation
lubw_neckar,CYY094,7,2,2012-04-26,2.6759965419769287,0.2460556030273437,0.6533915826252529,lubw,germany,first_confirmation
lubw_neckar,CYY094,30,0,2011-04-16,3.18933367729187,0.5831244341532389,0.9250631238619488,lubw,germany,first_confirmation
lubw_neckar,CYY094,30,1,2011-09-20,4.113757610321045,1.1209234237670904,1.0370678675969442,lubw,germany,first_confirmation
lubw_neckar,CYY094,30,2,2012-02-19,2.895782709121704,0.9273488442103068,0.8499842369556427,lubw,germany,first_confirmation
lubw_neckar,CYY094,90,0,2011-04-16,5.584963798522949,1.6500455919901529,1.1322164096832277,lubw,germany,first_confirmation
lubw_neckar,CYY094,90,1,2011-05-25,6.585562705993652,1.2457751803927952,1.1322164096832277,lubw,germany,first_confirmation
lubw_neckar,CYY094,90,2,2011-12-19,4.717483043670654,2.285235964457194,0.7341004062834239,lubw,germany,first_confirmation
lubw_neckar,CYY137,7,0,2011-01-01,0.7622506022453308,0.650054032461984,0.3834177381651741,lubw,germany,first_confirmation
lubw_neckar,CYY137,7,1,2011-09-20,0.726502001285553,0.0905889783586774,0.2727706847872052,lubw,germany,first_confirmation
lubw_neckar,CYY137,7,2,2012-04-25,1.216554045677185,0.4914359773908341,0.6558644642148698,lubw,germany,first_confirmation
lubw_neckar,CYY137,30,0,2011-04-16,0.7466281056404114,0.4000028038024902,1.0203691922823588,lubw,germany,first_confirmation
lubw_neckar,CYY137,30,1,2011-09-20,1.5589526891708374,0.9584331194559732,0.9322797211011252,lubw,germany,first_confirmation
lubw_neckar,CYY137,30,2,2012-02-19,1.8696626424789429,1.0470581324895225,0.9382977741559346,lubw,germany,first_confirmation
lubw_neckar,CYY137,90,0,2011-04-16,1.0820685625076294,1.434948353237576,1.3652599336306253,lubw,germany,first_confirmation
lubw_neckar,CYY137,90,1,2011-05-25,1.1320399045944214,1.5193094804551863,1.3652599336306253,lubw,germany,first_confirmation
lubw_neckar,CYY137,90,2,2011-12-19,1.778383493423462,2.152152253256904,0.9025233434495472,lubw,germany,first_confirmation
lubw_neckar,CYY165,7,0,2011-01-01,5.838706016540527,0.7469720704214914,0.3982160374096461,lubw,germany,first_confirmation
lubw_neckar,CYY165,7,1,2011-09-20,2.089137554168701,0.2660794939313606,0.3762698725291661,lubw,germany,first_confirmation
lubw_neckar,CYY165,7,2,2012-04-26,1.1251720190048218,0.2164662769862586,0.6585725164413454,lubw,germany,first_confirmation
lubw_neckar,CYY165,30,0,2011-04-16,1.2183784246444702,0.7141489346822104,1.029418339729309,lubw,germany,first_confirmation
lubw_neckar,CYY165,30,1,2011-09-20,1.7315720319747925,1.026646099090576,0.919143438021342,lubw,germany,first_confirmation
lubw_neckar,CYY165,30,2,2012-02-19,3.229442834854126,0.9055263153711954,0.8549411225318909,lubw,germany,first_confirmation
lubw_neckar,CYY165,90,0,2011-04-16,3.301530361175537,1.855797468821208,1.1235697457525466,lubw,germany,first_confirmation
lubw_neckar,CYY165,90,1,2011-05-25,4.063012599945068,1.8925315475463869,1.1235697457525466,lubw,germany,first_confirmation
lubw_neckar,CYY165,90,2,2011-12-19,4.983823299407959,2.091252869500054,0.6968845318991042,lubw,germany,first_confirmation
lubw_neckar,CYY172,7,0,2011-01-01,3.883378267288208,0.5631919043404714,0.2841468521526881,lubw,germany,first_confirmation
lubw_neckar,CYY172,7,1,2011-09-22,2.1473004817962646,0.2362380436488561,0.3646733161381313,lubw,germany,first_confirmation
lubw_neckar,CYY172,7,2,2012-04-27,1.0965858697891235,0.1816318511962892,0.4217735474450247,lubw,germany,first_confirmation
lubw_neckar,CYY172,30,0,2011-04-17,1.7357208728790283,0.5467423248291013,0.562837819258372,lubw,germany,first_confirmation
lubw_neckar,CYY172,30,1,2011-09-21,2.4526638984680176,0.7478323427836098,0.6966607953707378,lubw,germany,first_confirmation
lubw_neckar,CYY172,30,2,2012-03-21,0.9257177114486694,0.4464460055033366,0.562837819258372,lubw,germany,first_confirmation
lubw_neckar,CYY172,90,0,2011-04-17,3.538276195526123,1.2617985683017303,0.6248092578252157,lubw,germany,first_confirmation
lubw_neckar,CYY172,90,1,2011-05-26,3.912214756011963,1.2117171393500434,0.6248092578252157,lubw,germany,first_confirmation
lubw_neckar,CYY172,90,2,2011-12-20,3.216470718383789,1.484582042694092,0.4453685575061374,lubw,germany,first_confirmation
lubw_neckar,CYY176,7,0,2011-01-01,7.526158809661865,0.7179020881652832,0.3464302788461957,lubw,germany,first_confirmation
lubw_neckar,CYY176,7,1,2011-09-20,4.150984764099121,0.3842414855957032,0.4001269102096557,lubw,germany,first_confirmation
lubw_neckar,CYY176,7,2,2012-04-26,1.123950719833374,0.1441654477800644,0.6090020101411002,lubw,germany,first_confirmation
lubw_neckar,CYY176,30,0,2011-04-16,2.902202844619751,0.9008831087748208,0.9351193385124208,lubw,germany,first_confirmation
lubw_neckar,CYY176,30,1,2011-09-20,3.872115135192871,1.4122293027242026,0.8593465598424276,lubw,germany,first_confirmation
lubw_neckar,CYY176,30,2,2012-02-19,4.520667552947998,0.7305104144414263,0.8294383122920991,lubw,germany,first_confirmation
lubw_neckar,CYY176,90,0,2011-04-16,5.085965633392334,2.268816627926297,0.962597649521298,lubw,germany,first_confirmation
lubw_neckar,CYY176,90,1,2011-05-25,5.656633377075195,2.312957933213976,0.962597649521298,lubw,germany,first_confirmation
lubw_neckar,CYY176,90,2,2011-12-19,6.368264198303223,1.824884883032905,0.6967115323505704,lubw,germany,first_confirmation
lubw_neckar,CYY208,7,0,2011-01-01,9.562472343444824,1.517145538330078,0.6357649741853987,lubw,germany,first_confirmation
lubw_neckar,CYY208,7,1,2011-09-18,1.6259791851043701,0.8228964396885468,0.6713222694396972,lubw,germany,first_confirmation
lubw_neckar,CYY208,7,2,2012-04-22,2.1187851428985596,1.16314571925572,0.6903777810505458,lubw,germany,first_confirmation
lubw_neckar,CYY208,30,0,2011-04-16,1.3647956848144531,1.187464803059896,1.1260052801767988,lubw,germany,first_confirmation
lubw_neckar,CYY208,30,1,2011-09-20,1.556994080543518,1.160507933298747,1.117186249812444,lubw,germany,first_confirmation
lubw_neckar,CYY208,30,2,2012-02-19,6.122344493865967,0.6474505360921224,1.0941176851590475,lubw,germany,first_confirmation
lubw_neckar,CYY208,90,0,2011-04-16,3.193560838699341,2.521811765034993,1.2237809726927016,lubw,germany,first_confirmation
lubw_neckar,CYY208,90,1,2011-05-24,4.00064754486084,1.6443079249064128,1.2237809726927016,lubw,germany,first_confirmation
lubw_neckar,CYY208,90,2,2011-12-18,7.941446781158447,1.9998396544986297,0.907522273442102,lubw,germany,first_confirmation
nve_basin_212,212.65.0,7,0,2005-01-01,3.95892596244812,0.0021083727030059,0.1597209810933672,nve_hydapi,norway,second_confirmation
nve_basin_212,212.65.0,7,1,2005-02-21,3.964449644088745,0.0048960681267356,0.1597209810933672,nve_hydapi,norway,second_confirmation
nve_basin_212,212.65.0,7,2,2005-04-13,3.947617769241333,0.0068767141223743,0.1597209810933672,nve_hydapi,norway,second_confirmation
nve_basin_212,212.65.0,30,0,2005-01-01,4.0389323234558105,0.0040277169827292,0.3683365619751363,nve_hydapi,norway,second_confirmation
nve_basin_212,212.65.0,30,1,2005-02-20,4.042595386505127,0.0028804373001499,0.3683365619751363,nve_hydapi,norway,second_confirmation
nve_basin_212,212.65.0,30,2,2005-04-11,4.065939903259277,0.0126943963352511,0.3683365619751363,nve_hydapi,norway,second_confirmation
nve_basin_212,212.65.0,90,0,2005-01-01,4.055497169494629,0.0113066638815,1.6033350038733154,nve_hydapi,norway,second_confirmation
nve_basin_212,212.65.0,90,1,2005-02-16,4.07170295715332,0.0147662332195283,1.6033350038733154,nve_hydapi,norway,second_confirmation
nve_basin_212,212.65.0,90,2,2005-04-04,3.7458605766296387,3.9427725345513314,1.6033350038733154,nve_hydapi,norway,second_confirmation
nve_basin_212,212.68.0,7,0,2005-01-01,2.274049997329712,0.0040609217347714,0.1991233727133731,nve_hydapi,norway,second_confirmation
nve_basin_212,212.68.0,7,1,2005-02-21,2.2733154296875,0.007043655092567,0.1991233727133731,nve_hydapi,norway,second_confirmation
nve_basin_212,212.68.0,7,2,2005-04-13,2.1866023540496826,0.0507696890983968,0.1991233727133731,nve_hydapi,norway,second_confirmation
nve_basin_212,212.68.0,30,0,2005-01-01,2.327511787414551,0.0074584516854073,0.3378129635047152,nve_hydapi,norway,second_confirmation
nve_basin_212,212.68.0,30,1,2005-02-20,2.3219778537750244,0.0065098763427997,0.3378129635047152,nve_hydapi,norway,second_confirmation
nve_basin_212,212.68.0,30,2,2005-04-11,1.695656657218933,0.2486754947733735,0.3378129635047152,nve_hydapi,norway,second_confirmation
nve_basin_212,212.68.0,90,0,2005-01-01,2.3349151611328125,0.0073435753660783,1.2310316708999005,nve_hydapi,norway,second_confirmation
nve_basin_212,212.68.0,90,1,2005-02-16,2.00266170501709,0.4878277823501259,1.2310316708999005,nve_hydapi,norway,second_confirmation
nve_basin_212,212.68.0,90,2,2005-04-04,2.124384641647339,2.737887185147134,1.2310316708999005,nve_hydapi,norway,second_confirmation
nve_basin_212,212.74.0,7,0,2005-01-01,2.6480770111083984,0.0093790431405405,0.1574465684202899,nve_hydapi,norway,second_confirmation
nve_basin_212,212.74.0,7,1,2005-02-21,2.654630184173584,0.0104541590777118,0.1574465684202899,nve_hydapi,norway,second_confirmation
nve_basin_212,212.74.0,7,2,2005-04-13,2.647702932357788,0.0167585379952297,0.1574465684202899,nve_hydapi,norway,second_confirmation
nve_basin_212,212.74.0,30,0,2005-01-01,2.51755428314209,0.0144830086236953,0.3113020789640018,nve_hydapi,norway,second_confirmation
nve_basin_212,212.74.0,30,1,2005-02-20,2.537936210632324,0.0255636535651142,0.3113020789640018,nve_hydapi,norway,second_confirmation
nve_basin_212,212.74.0,30,2,2005-04-11,2.4905524253845215,0.0700814179969386,0.3113020789640018,nve_hydapi,norway,second_confirmation
nve_basin_212,212.74.0,90,0,2005-01-01,2.5097389221191406,0.0316370213399433,1.126095497074331,nve_hydapi,norway,second_confirmation
nve_basin_212,212.74.0,90,1,2005-02-16,2.4855525493621826,0.1788674325398792,1.126095497074331,nve_hydapi,norway,second_confirmation
nve_basin_212,212.74.0,90,2,2005-04-04,2.865797281265259,2.728124836500031,1.126095497074331,nve_hydapi,norway,second_confirmation
nve_basin_311,311.18.0,7,0,2021-01-01,4.298720359802246,0.3712134400514875,0.4811854167976651,nve_hydapi,norway,second_confirmation
nve_basin_311,311.18.0,7,1,2021-01-31,4.638671875,0.0416785173677717,0.4811854167976651,nve_hydapi,norway,second_confirmation
nve_basin_311,311.18.0,7,2,2021-03-02,4.153561115264893,0.0421472118661063,0.4811854167976651,nve_hydapi,norway,second_confirmation
nve_basin_311,311.18.0,30,0,2021-01-01,4.458655834197998,0.3299293592465719,0.5393089977474659,nve_hydapi,norway,second_confirmation
nve_basin_311,311.18.0,30,1,2021-01-28,4.755033016204834,0.1652489686843872,0.5393089977474659,nve_hydapi,norway,second_confirmation
nve_basin_311,311.18.0,30,2,2021-02-25,4.1724982261657715,0.1489701460655212,0.5393089977474659,nve_hydapi,norway,second_confirmation
nve_basin_311,311.18.0,90,0,2021-01-01,4.429103374481201,0.8922914239944458,1.0148224684897449,nve_hydapi,norway,second_confirmation
nve_basin_311,311.18.0,90,1,2021-01-22,4.220940589904785,0.2635469924457974,1.0148224684897449,nve_hydapi,norway,second_confirmation
nve_basin_311,311.18.0,90,2,2021-02-13,3.8246562480926514,0.1940274698115031,1.0148224684897449,nve_hydapi,norway,second_confirmation
nve_basin_311,311.21.0,7,0,2021-01-01,4.233670234680176,0.0053567937880795,0.4155662963610044,nve_hydapi,norway,second_confirmation
nve_basin_311,311.21.0,7,1,2021-01-31,4.152320861816406,0.0032785995732335,0.4155662963610044,nve_hydapi,norway,second_confirmation
nve_basin_311,311.21.0,7,2,2021-03-02,4.1684088706970215,0.0211400400565808,0.4155662963610044,nve_hydapi,norway,second_confirmation
nve_basin_311,311.21.0,30,0,2021-01-01,4.243474960327148,0.0044905539791699,0.8044948159211545,nve_hydapi,norway,second_confirmation
nve_basin_311,311.21.0,30,1,2021-01-28,4.227768898010254,0.0054973165165451,0.8044948159211545,nve_hydapi,norway,second_confirmation
nve_basin_311,311.21.0,30,2,2021-02-25,4.285706996917725,0.0153573590949868,0.8044948159211545,nve_hydapi,norway,second_confirmation
nve_basin_311,311.21.0,90,0,2021-01-01,4.275125980377197,0.017122920009047,1.7335578106084717,nve_hydapi,norway,second_confirmation
nve_basin_311,311.21.0,90,1,2021-01-22,4.284933567047119,0.2860407338290596,1.7335578106084717,nve_hydapi,norway,second_confirmation
nve_basin_311,311.21.0,90,2,2021-02-13,3.5636403560638428,1.5775141775906456,1.7335578106084717,nve_hydapi,norway,second_confirmation
nve_basin_311,311.461.0,7,0,2021-01-01,2.8619117736816406,0.1295528587618146,0.3638728188794499,nve_hydapi,norway,second_confirmation
nve_basin_311,311.461.0,7,1,2021-01-31,3.3131842613220215,0.0248021388208389,0.3638728188794499,nve_hydapi,norway,second_confirmation
nve_basin_311,311.461.0,7,2,2021-03-02,2.899111270904541,0.13308083816779,0.3638728188794499,nve_hydapi,norway,second_confirmation
nve_basin_311,311.461.0,30,0,2021-01-01,3.1014750003814697,0.2625578463392766,0.5177559807348097,nve_hydapi,norway,second_confirmation
nve_basin_311,311.461.0,30,1,2021-01-28,3.107262372970581,0.1361851718777847,0.5177559807348097,nve_hydapi,norway,second_confirmation
nve_basin_311,311.461.0,30,2,2021-02-25,2.5686120986938477,0.2413756200381978,0.5177559807348097,nve_hydapi,norway,second_confirmation
nve_basin_311,311.461.0,90,0,2021-01-01,2.8333046436309814,0.8266026461244033,0.9665098778140434,nve_hydapi,norway,second_confirmation
nve_basin_311,311.461.0,90,1,2021-01-22,2.5167031288146973,0.3772859471918997,0.9665098778140434,nve_hydapi,norway,second_confirmation
nve_basin_311,311.461.0,90,2,2021-02-12,2.028038263320923,0.2326209036951276,0.9665098778140434,nve_hydapi,norway,second_confirmation
rws_rijn_lek_nederrijn,amerongen.boven,7,0,2023-01-01,5.1677985191345215,0.0688536749945749,0.3138935636857624,rws_waterwebservices,netherlands,first_confirmation
rws_rijn_lek_nederrijn,amerongen.boven,7,1,2023-02-07,7.803265571594238,0.4363964156498984,0.3138935636857624,rws_waterwebservices,netherlands,first_confirmation
rws_rijn_lek_nederrijn,amerongen.boven,7,2,2023-03-17,5.0138840675354,0.1433592392689303,0.335127828768898,rws_waterwebservices,netherlands,first_confirmation
rws_rijn_lek_nederrijn,amerongen.boven,30,0,2023-01-01,6.632052421569824,0.7794321565101937,0.9190333255675538,rws_waterwebservices,netherlands,first_confirmation
rws_rijn_lek_nederrijn,amerongen.boven,30,1,2023-02-05,7.346447944641113,0.4115196833529468,0.9190333255675538,rws_waterwebservices,netherlands,first_confirmation
rws_rijn_lek_nederrijn,amerongen.boven,30,2,2023-03-12,4.784103870391846,0.9597686471595752,0.8125922988239573,rws_waterwebservices,netherlands,first_confirmation
rws_rijn_lek_nederrijn,amerongen.boven,90,0,2023-01-01,6.718836784362793,1.91754199023589,1.014430397035612,rws_waterwebservices,netherlands,first_confirmation
rws_rijn_lek_nederrijn,amerongen.boven,90,1,2023-01-29,5.7783589363098145,0.5590999541653306,1.014430397035612,rws_waterwebservices,netherlands,first_confirmation
rws_rijn_lek_nederrijn,amerongen.boven,90,2,2023-02-27,3.563079833984375,0.7785315658130005,1.014430397035612,rws_waterwebservices,netherlands,first_confirmation
rws_rijn_lek_nederrijn,driel.boven,7,0,2023-01-01,4.302285194396973,0.1120878401256741,0.3288206606581658,rws_waterwebservices,netherlands,first_confirmation
rws_rijn_lek_nederrijn,driel.boven,7,1,2023-02-07,7.192445278167725,0.4687842732384091,0.3288206606581658,rws_waterwebservices,netherlands,first_confirmation
rws_rijn_lek_nederrijn,driel.boven,7,2,2023-03-17,4.0809454917907715,0.0915385793880056,0.3407985132373323,rws_waterwebservices,netherlands,first_confirmation
rws_rijn_lek_nederrijn,driel.boven,30,0,2023-01-01,5.797593116760254,0.8171404970856225,0.8772639935996679,rws_waterwebservices,netherlands,first_confirmation
rws_rijn_lek_nederrijn,driel.boven,30,1,2023-02-05,6.336906433105469,0.6135924072487597,0.8772639935996679,rws_waterwebservices,netherlands,first_confirmation
rws_rijn_lek_nederrijn,driel.boven,30,2,2023-03-12,3.879093647003174,1.01739501172846,0.7856426964358711,rws_waterwebservices,netherlands,first_confirmation
rws_rijn_lek_nederrijn,driel.boven,90,0,2023-01-01,5.767108917236328,2.5269661947573554,1.152823316176161,rws_waterwebservices,netherlands,first_confirmation
rws_rijn_lek_nederrijn,driel.boven,90,1,2023-01-29,4.835884094238281,0.6845351223641285,1.152823316176161,rws_waterwebservices,netherlands,first_confirmation
rws_rijn_lek_nederrijn,driel.boven,90,2,2023-02-27,3.0495052337646484,0.9066189357431976,1.152823316176161,rws_waterwebservices,netherlands,first_confirmation
rws_rijn_lek_nederrijn,hagestein.boven,7,0,2023-01-01,4.096217155456543,0.2479488796657986,0.2907570589666039,rws_waterwebservices,netherlands,first_confirmation
rws_rijn_lek_nederrijn,hagestein.boven,7,1,2023-02-07,6.8060479164123535,0.2592954747829549,0.2907570589666039,rws_waterwebservices,netherlands,first_confirmation
rws_rijn_lek_nederrijn,hagestein.boven,7,2,2023-03-17,3.9103434085845947,0.1717191153644971,0.3303274489803482,rws_waterwebservices,netherlands,first_confirmation
rws_rijn_lek_nederrijn,hagestein.boven,30,0,2023-01-01,5.365649223327637,0.8556921903644316,0.8200018206774816,rws_waterwebservices,netherlands,first_confirmation
rws_rijn_lek_nederrijn,hagestein.boven,30,1,2023-02-05,6.168219089508057,0.5328650518916934,0.8200018206774816,rws_waterwebservices,netherlands,first_confirmation
rws_rijn_lek_nederrijn,hagestein.boven,30,2,2023-03-12,3.3759336471557617,1.4060881903356175,0.9053125196644796,rws_waterwebservices,netherlands,first_confirmation
rws_rijn_lek_nederrijn,hagestein.boven,90,0,2023-01-01,5.451319694519043,1.7200230236161445,1.0327214855763398,rws_waterwebservices,netherlands,first_confirmation
rws_rijn_lek_nederrijn,hagestein.boven,90,1,2023-01-29,4.406896591186523,0.5426154867941066,1.0327214855763398,rws_waterwebservices,netherlands,first_confirmation
rws_rijn_lek_nederrijn,hagestein.boven,90,2,2023-02-27,3.061723232269287,0.7997876865269389,1.0327214855763398,rws_waterwebservices,netherlands,first_confirmation
huc8_02040102,01417500,7,0,2019-01-01,3.673220157623291,0.2152948651994976,0.4548724468691008,usgs,united_states,first_confirmation
huc8_02040102,01417500,7,1,2019-04-29,1.0555070638656616,0.2679276602608816,0.7772389967100961,usgs,united_states,first_confirmation
huc8_02040102,01417500,7,2,2019-08-26,4.100559234619141,0.2882466179983959,0.8617773614610945,usgs,united_states,first_confirmation
huc8_02040102,01417500,30,0,2019-01-01,5.211501121520996,0.3377371168136597,1.079800717577338,usgs,united_states,first_confirmation
huc8_02040102,01417500,30,1,2019-04-24,1.0789276361465454,0.5321628157297771,0.9924368729194004,usgs,united_states,first_confirmation
huc8_02040102,01417500,30,2,2019-08-16,4.428857803344727,0.6889300537109373,1.414986263593038,usgs,united_states,first_confirmation
huc8_02040102,01417500,90,0,2019-01-01,5.374276161193848,1.1764559968312582,1.4364487745960557,usgs,united_states,first_confirmation
huc8_02040102,01417500,90,1,2019-04-12,2.5693094730377197,0.8707172976599801,1.4973540590471692,usgs,united_states,first_confirmation
huc8_02040102,01417500,90,2,2019-11-07,4.778332710266113,1.5438432158364188,1.2634418048726188,usgs,united_states,first_confirmation
huc8_02040102,01420500,7,0,2019-01-01,3.815805673599243,0.33075875214168,0.5066942007274233,usgs,united_states,first_confirmation
huc8_02040102,01420500,7,1,2019-04-29,2.3183815479278564,0.5761882918221611,0.8889297372954232,usgs,united_states,first_confirmation
huc8_02040102,01420500,7,2,2019-08-26,9.439017295837402,0.4747259412493027,0.9235774162837436,usgs,united_states,first_confirmation
huc8_02040102,01420500,30,0,2019-01-01,5.290970802307129,0.4380765887598196,0.9224317250657672,usgs,united_states,first_confirmation
huc8_02040102,01420500,30,1,2019-04-24,3.1137149333953857,1.247471523284912,1.3299364139238992,usgs,united_states,first_confirmation
huc8_02040102,01420500,30,2,2019-08-16,9.658868789672852,0.8325397618611654,1.4706617403030395,usgs,united_states,first_confirmation
huc8_02040102,01420500,90,0,2019-01-01,4.869383335113525,0.8807731819152832,1.4633958164896272,usgs,united_states,first_confirmation
huc8_02040102,01420500,90,1,2019-04-12,5.329198360443115,1.1850999355316163,1.855092978689406,usgs,united_states,first_confirmation
huc8_02040102,01420500,90,2,2019-11-06,4.247115612030029,1.891609587404463,1.6510823570609925,usgs,united_states,first_confirmation
huc8_02040102,01421000,7,0,2019-01-01,4.646230220794678,0.4256009851183209,0.3218506286027175,usgs,united_states,first_confirmation
huc8_02040102,01421000,7,1,2019-04-29,0.9004760384559631,0.3443258285522462,0.5824422327109745,usgs,united_states,first_confirmation
huc8_02040102,01421000,7,2,2019-08-26,7.842673301696777,0.3596478053501672,0.7203313105446953,usgs,united_states,first_confirmation
huc8_02040102,01421000,30,0,2019-01-01,6.103740215301514,0.3362048723300298,0.7194612574403484,usgs,united_states,first_confirmation
huc8_02040102,01421000,30,1,2019-04-24,1.4266489744186401,0.4553896109263102,0.8438432890574138,usgs,united_states,first_confirmation
huc8_02040102,01421000,30,2,2019-08-16,8.610876083374023,0.6237657674153646,1.1611816018422445,usgs,united_states,first_confirmation
huc8_02040102,01421000,90,0,2019-01-01,5.787550926208496,0.4598138976097106,0.997186686700417,usgs,united_states,first_confirmation
huc8_02040102,01421000,90,1,2019-04-11,4.027661323547363,0.9654125383165147,1.3969659900400373,usgs,united_states,first_confirmation
huc8_02040102,01421000,90,2,2019-11-06,5.26625919342041,0.8862301831775241,1.0162678271184364,usgs,united_states,first_confirmation
huc8_03010107,0208062765,7,0,2019-01-01,9.18269157409668,0.0833376203264512,0.4600038150378635,usgs,united_states,first_confirmation
huc8_03010107,0208062765,7,1,2019-06-18,5.153926372528076,0.2150642395019529,0.4176598794119696,usgs,united_states,first_confirmation
huc8_03010107,0208062765,7,2,2019-12-10,7.021376609802246,0.3761975969587051,0.4600038150378635,usgs,united_states,first_confirmation
huc8_03010107,0208062765,30,0,2019-01-01,9.99940013885498,0.4465329233805338,0.7101041887601216,usgs,united_states,first_confirmation
huc8_03010107,0208062765,30,1,2019-09-21,4.507262229919434,1.8658585611979168,0.657243260860443,usgs,united_states,first_confirmation
huc8_03010107,0208062765,30,2,2020-02-22,7.254072666168213,0.5126087697347006,0.7101041887601216,usgs,united_states,first_confirmation
huc8_03010107,0208062765,90,0,2019-01-01,9.385007858276367,1.432717038260566,1.8471902227931556,usgs,united_states,first_confirmation
huc8_03010107,0208062765,90,1,2020-01-21,6.54377555847168,1.3155691697862415,1.8471902227931556,usgs,united_states,first_confirmation
huc8_03010107,0208062765,90,2,2020-04-29,3.2775588035583496,1.1833004887898764,1.280257358868917,usgs,united_states,first_confirmation
huc8_03010107,02081094,7,0,2019-01-01,6.91217565536499,0.5600640978131975,0.5825393104553223,usgs,united_states,first_confirmation
huc8_03010107,02081094,7,1,2019-06-19,4.6207451820373535,0.5334467751639228,0.3624811472211566,usgs,united_states,first_confirmation
huc8_03010107,02081094,7,2,2019-12-04,6.825528621673584,0.4811818259102957,0.5825393104553223,usgs,united_states,first_confirmation
huc8_03010107,02081094,30,0,2019-01-01,9.316141128540039,0.7595167191823324,0.9551969339847564,usgs,united_states,first_confirmation
huc8_03010107,02081094,30,1,2019-08-19,6.161093235015869,0.7875499343872071,0.8131379419962566,usgs,united_states,first_confirmation
huc8_03010107,02081094,30,2,2020-02-17,6.689445495605469,0.9289770062764486,0.9551969339847564,usgs,united_states,first_confirmation
huc8_03010107,02081094,90,0,2019-01-01,8.126392364501953,1.431545675065782,1.913872702333662,usgs,united_states,first_confirmation
huc8_03010107,02081094,90,1,2020-01-20,5.6733856201171875,1.3463979487948947,1.913872702333662,usgs,united_states,first_confirmation
huc8_03010107,02081094,90,2,2020-04-28,2.883230209350586,1.0734599431355794,1.448685167206658,usgs,united_states,first_confirmation
huc8_03010107,0208114150,7,0,2019-01-01,6.015837669372559,0.5480751582554407,0.5497774989264352,usgs,united_states,first_confirmation
huc8_03010107,0208114150,7,1,2019-06-18,6.2410888671875,0.3357163565499443,0.4104670933314732,usgs,united_states,first_confirmation
huc8_03010107,0208114150,7,2,2019-12-03,6.238571643829346,0.5776174817766463,0.5497774989264352,usgs,united_states,first_confirmation
huc8_03010107,0208114150,30,0,2019-01-01,8.38998031616211,0.7671704514821369,1.0527189791997271,usgs,united_states,first_confirmation
huc8_03010107,0208114150,30,1,2019-08-18,7.568435192108154,0.9008045069376626,0.753225134531657,usgs,united_states,first_confirmation
huc8_03010107,0208114150,30,2,2020-02-16,6.063875198364258,1.5864534950256348,1.0527189791997271,usgs,united_states,first_confirmation
huc8_03010107,0208114150,90,0,2019-01-01,7.134294509887695,1.935926825205485,2.0297195524639555,usgs,united_states,first_confirmation
huc8_03010107,0208114150,90,1,2020-01-20,4.619388580322266,1.4667014863755967,2.0297195524639555,usgs,united_states,first_confirmation
huc8_03010107,0208114150,90,2,2020-04-28,4.049387454986572,0.8048485480414495,1.3165067496829563,usgs,united_states,first_confirmation
