network_id,policy,k,protected_fraction,selected,worst_target_mae,oracle_mae,regret,independent_realized_outcomes
huc8_01090001,simple_risk_minimax,1,0.14285714285714285,01104460,1.7463017568057981,1.7463017568057981,0.0,True
huc8_01090001,greedy_mutual_information,1,0.14285714285714285,01104370,2.1909655269995563,1.7463017568057981,0.44466377019375813,True
huc8_01090001,qr_pivot,1,0.14285714285714285,01104370,2.1909655269995563,1.7463017568057981,0.44466377019375813,True
huc8_01090001,distance_even,1,0.14285714285714285,01104370,2.1909655269995563,1.7463017568057981,0.44466377019375813,True
huc8_01090001,oracle,1,0.14285714285714285,01104460,1.7463017568057981,1.7463017568057981,0.0,True
huc8_01090001,random,1,0.14285714285714285,random_ensemble,2.1423095820270905,1.7463017568057981,0.3960078252212924,True
huc8_01090001,simple_risk_minimax,2,0.2857142857142857,01104460|01104455,1.7463017568057981,1.6351578696420042,0.11114388716379398,True
huc8_01090001,greedy_mutual_information,2,0.2857142857142857,01104370|01104455,2.1909655269995563,1.6351578696420042,0.5558076573575521,True
huc8_01090001,qr_pivot,2,0.2857142857142857,01104370|01104455,2.1909655269995563,1.6351578696420042,0.5558076573575521,True
huc8_01090001,distance_even,2,0.2857142857142857,01104370|01104475,2.1909655269995563,1.6351578696420042,0.5558076573575521,True
huc8_01090001,oracle,2,0.2857142857142857,01104460|01104475,1.6351578696420042,1.6351578696420042,0.0,True
huc8_01090001,random,2,0.2857142857142857,random_ensemble,2.050913848910779,1.6351578696420042,0.41575597926877483,True
huc8_01090001,simple_risk_minimax,3,0.42857142857142855,01104460|01104455|01104430,1.7463017568057981,1.493357753920534,0.2529440028852641,True
huc8_01090001,greedy_mutual_information,3,0.42857142857142855,01104370|01104455|01104430,2.1909655269995563,1.493357753920534,0.6976077730790222,True
huc8_01090001,qr_pivot,3,0.42857142857142855,01104370|01104455|01104430,2.1909655269995563,1.493357753920534,0.6976077730790222,True
huc8_01090001,distance_even,3,0.42857142857142855,01104370|01104430|01104475,2.1909655269995563,1.493357753920534,0.6976077730790222,True
huc8_01090001,oracle,3,0.42857142857142855,01104430|01104460|01104475,1.493357753920534,1.493357753920534,0.0,True
huc8_01090001,random,3,0.42857142857142855,random_ensemble,2.0829248810064884,1.493357753920534,0.5895671270859544,True
huc8_01090001,simple_risk_minimax,4,0.5714285714285714,01104460|01104455|01104430|01104370,1.919311604497145,1.4111505164570923,0.5081610880400527,True
huc8_01090001,greedy_mutual_information,4,0.5714285714285714,01104370|01104455|01104430|01104420,2.1909655269995563,1.4111505164570923,0.7798150105424639,True
huc8_01090001,qr_pivot,4,0.5714285714285714,01104370|01104455|01104430|01104420,2.1909655269995563,1.4111505164570923,0.7798150105424639,True
huc8_01090001,distance_even,4,0.5714285714285714,01104370|01104420|01104455|01104475,2.1909655269995563,1.4111505164570923,0.7798150105424639,True
huc8_01090001,oracle,4,0.5714285714285714,01104415|01104430|01104460|01104475,1.4111505164570923,1.4111505164570923,0.0,True
huc8_01090001,random,4,0.5714285714285714,random_ensemble,1.9662750609305788,1.4111505164570923,0.5551245444734865,True
huc8_01090001,simple_risk_minimax,5,0.7142857142857143,01104460|01104455|01104430|01104370|01104420,1.919311604497145,1.21862018272021,0.7006914217769349,True
huc8_01090001,greedy_mutual_information,5,0.7142857142857143,01104370|01104455|01104430|01104420|01104415,2.1909655269995563,1.21862018272021,0.9723453442793462,True
huc8_01090001,qr_pivot,5,0.7142857142857143,01104370|01104455|01104430|01104420|01104475,2.1909655269995563,1.21862018272021,0.9723453442793462,True
huc8_01090001,distance_even,5,0.7142857142857143,01104370|01104420|01104430|01104455|01104475,2.1909655269995563,1.21862018272021,0.9723453442793462,True
huc8_01090001,oracle,5,0.7142857142857143,01104370|01104415|01104430|01104460|01104475,1.21862018272021,1.21862018272021,0.0,True
huc8_01090001,random,5,0.7142857142857143,random_ensemble,1.800141309959328,1.21862018272021,0.5815211272391179,True
huc8_01090001,simple_risk_minimax,6,0.8571428571428571,01104460|01104455|01104430|01104370|01104420|01104415,1.919311604497145,1.0513493228840338,0.8679622816131112,True
huc8_01090001,greedy_mutual_information,6,0.8571428571428571,01104370|01104455|01104430|01104420|01104415|01104475,2.1909655269995563,1.0513493228840338,1.1396162041155224,True
huc8_01090001,qr_pivot,6,0.8571428571428571,01104370|01104455|01104430|01104420|01104475|01104415,2.1909655269995563,1.0513493228840338,1.1396162041155224,True
huc8_01090001,distance_even,6,0.8571428571428571,01104370|01104415|01104420|01104455|01104460|01104475,1.6351578696420042,1.0513493228840338,0.5838085467579703,True
huc8_01090001,oracle,6,0.8571428571428571,01104370|01104415|01104430|01104455|01104460|01104475,1.0513493228840338,1.0513493228840338,0.0,True
huc8_01090001,random,6,0.8571428571428571,random_ensemble,1.5785973075815902,1.0513493228840338,0.5272479846975564,True
huc8_01090004,simple_risk_minimax,1,0.125,01115190,2.006847412236172,1.9750896389853108,0.031757773250861154,True
huc8_01090004,greedy_mutual_information,1,0.125,01115098,2.186739231843646,1.9750896389853108,0.21164959285833507,True
huc8_01090004,qr_pivot,1,0.125,01115190,2.006847412236172,1.9750896389853108,0.031757773250861154,True
huc8_01090004,distance_even,1,0.125,01115098,2.186739231843646,1.9750896389853108,0.21164959285833507,True
huc8_01090004,oracle,1,0.125,01115183,1.9750896389853108,1.9750896389853108,0.0,True
huc8_01090004,random,1,0.125,random_ensemble,2.1403378999042477,1.9750896389853108,0.16524826091893696,True
huc8_01090004,simple_risk_minimax,2,0.25,01115190|01115170,2.006847412236172,1.725794992321104,0.2810524199150679,True
huc8_01090004,greedy_mutual_information,2,0.25,01115098|01115170,2.186739231843646,1.725794992321104,0.4609442395225418,True
huc8_01090004,qr_pivot,2,0.25,01115190|01115170,2.006847412236172,1.725794992321104,0.2810524199150679,True
huc8_01090004,distance_even,2,0.25,01115098|01115276,2.239974422730851,1.725794992321104,0.5141794304097469,True
huc8_01090004,oracle,2,0.25,01115098|01115183,1.725794992321104,1.725794992321104,0.0,True
huc8_01090004,random,2,0.25,random_ensemble,2.0862069430845995,1.725794992321104,0.3604119507634955,True
huc8_01090004,simple_risk_minimax,3,0.375,01115190|01115170|01115098,1.8749873449125467,1.725794992321104,0.1491923525914427,True
huc8_01090004,greedy_mutual_information,3,0.375,01115098|01115170|01115183,1.725794992321104,1.725794992321104,0.0,True
huc8_01090004,qr_pivot,3,0.375,01115190|01115170|01115098,1.8749873449125467,1.725794992321104,0.1491923525914427,True
huc8_01090004,distance_even,3,0.375,01115098|01115184|01115276,2.280741436663915,1.725794992321104,0.5549464443428112,True
huc8_01090004,oracle,3,0.375,01115098|01115170|01115183,1.725794992321104,1.725794992321104,0.0,True
huc8_01090004,random,3,0.375,random_ensemble,2.040460382138472,1.725794992321104,0.3146653898173679,True
huc8_01090004,simple_risk_minimax,4,0.5,01115190|01115170|01115098|01115110,1.9172171617391083,1.5698017413285732,0.3474154204105351,True
huc8_01090004,greedy_mutual_information,4,0.5,01115098|01115170|01115183|01115276,1.725794992321104,1.5698017413285732,0.1559932509925308,True
huc8_01090004,qr_pivot,4,0.5,01115190|01115170|01115098|01115276,1.8749873449125467,1.5698017413285732,0.3051856035839735,True
huc8_01090004,distance_even,4,0.5,01115098|01115170|01115190|01115276,1.8749873449125467,1.5698017413285732,0.3051856035839735,True
huc8_01090004,oracle,4,0.5,01115098|01115190|01115265|01115276,1.5698017413285732,1.5698017413285732,0.0,True
huc8_01090004,random,4,0.5,random_ensemble,2.0032585351072165,1.5698017413285732,0.4334567937786433,True
huc8_01090004,simple_risk_minimax,5,0.625,01115190|01115170|01115098|01115110|01115276,1.9172171617391083,1.357731675625867,0.5594854861132412,True
huc8_01090004,greedy_mutual_information,5,0.625,01115098|01115170|01115183|01115276|01115184,1.725794992321104,1.357731675625867,0.36806331669523695,True
huc8_01090004,qr_pivot,5,0.625,01115190|01115170|01115098|01115276|01115184,1.8749873449125467,1.357731675625867,0.5172556692866797,True
huc8_01090004,distance_even,5,0.625,01115098|01115170|01115184|01115190|01115276,1.8749873449125467,1.357731675625867,0.5172556692866797,True
huc8_01090004,oracle,5,0.625,01115098|01115183|01115190|01115265|01115276,1.357731675625867,1.357731675625867,0.0,True
huc8_01090004,random,5,0.625,random_ensemble,1.9601664226662285,1.357731675625867,0.6024347470403615,True
huc8_01090004,simple_risk_minimax,6,0.75,01115190|01115170|01115098|01115110|01115276|01115184,1.9172171617391083,1.1143898292555325,0.8028273324835757,True
huc8_01090004,greedy_mutual_information,6,0.75,01115098|01115170|01115183|01115276|01115184|01115265,1.8939588100420117,1.1143898292555325,0.7795689807864792,True
huc8_01090004,qr_pivot,6,0.75,01115190|01115170|01115098|01115276|01115184|01115183,1.8749873449125467,1.1143898292555325,0.7605975156570142,True
huc8_01090004,distance_even,6,0.75,01115098|01115110|01115183|01115184|01115265|01115276,1.8939588100420117,1.1143898292555325,0.7795689807864792,True
huc8_01090004,oracle,6,0.75,01115098|01115170|01115183|01115190|01115265|01115276,1.1143898292555325,1.1143898292555325,0.0,True
huc8_01090004,random,6,0.75,random_ensemble,1.859050378927618,1.1143898292555325,0.7446605496720855,True
huc8_01090004,simple_risk_minimax,7,0.875,01115190|01115170|01115098|01115110|01115276|01115184|01115183,1.8749873449125467,1.1026186655727233,0.7723686793398234,True
huc8_01090004,greedy_mutual_information,7,0.875,01115098|01115170|01115183|01115276|01115184|01115265|01115110,1.8939588100420117,1.1026186655727233,0.7913401444692885,True
huc8_01090004,qr_pivot,7,0.875,01115190|01115170|01115098|01115276|01115184|01115183|01115110,1.8749873449125467,1.1026186655727233,0.7723686793398234,True
huc8_01090004,distance_even,7,0.875,01115098|01115110|01115170|01115184|01115190|01115265|01115276,1.9172171617391083,1.1026186655727233,0.814598496166385,True
huc8_01090004,oracle,7,0.875,01115098|01115170|01115183|01115184|01115190|01115265|01115276,1.1026186655727233,1.1026186655727233,0.0,True
huc8_01090004,random,7,0.875,random_ensemble,1.6551935203214865,1.1026186655727233,0.5525748547487632,True
huc8_02040205,simple_risk_minimax,1,0.14285714285714285,01481500,2.199534315949662,2.0296906563409287,0.16984365960873316,True
huc8_02040205,greedy_mutual_information,1,0.14285714285714285,01480065,2.21997871915298,2.0296906563409287,0.19028806281205135,True
huc8_02040205,qr_pivot,1,0.14285714285714285,01480500,2.0296906563409287,2.0296906563409287,0.0,True
huc8_02040205,distance_even,1,0.14285714285714285,01480065,2.21997871915298,2.0296906563409287,0.19028806281205135,True
huc8_02040205,oracle,1,0.14285714285714285,01480500,2.0296906563409287,2.0296906563409287,0.0,True
huc8_02040205,random,1,0.14285714285714285,random_ensemble,2.144742368755562,2.0296906563409287,0.1150517124146333,True
huc8_02040205,simple_risk_minimax,2,0.2857142857142857,01481500|01480400,2.199534315949662,1.9058837526470858,0.2936505633025761,True
huc8_02040205,greedy_mutual_information,2,0.2857142857142857,01480065|01480400,2.21997871915298,1.9058837526470858,0.3140949665058943,True
huc8_02040205,qr_pivot,2,0.2857142857142857,01480500|01480400,1.9058837526470858,1.9058837526470858,0.0,True
huc8_02040205,distance_even,2,0.2857142857142857,01480065|01481500,2.199534315949662,1.9058837526470858,0.2936505633025761,True
huc8_02040205,oracle,2,0.2857142857142857,01480400|01480500,1.9058837526470858,1.9058837526470858,0.0,True
huc8_02040205,random,2,0.2857142857142857,random_ensemble,2.111401746323734,1.9058837526470858,0.20551799367664803,True
huc8_02040205,simple_risk_minimax,3,0.42857142857142855,01481500|01480400|01480500,1.9058837526470858,1.9058837526470858,0.0,True
huc8_02040205,greedy_mutual_information,3,0.42857142857142855,01480065|01480400|01480617,2.0198520028608007,1.9058837526470858,0.11396825021371493,True
huc8_02040205,qr_pivot,3,0.42857142857142855,01480500|01480400|01480065,1.9058837526470858,1.9058837526470858,0.0,True
huc8_02040205,distance_even,3,0.42857142857142855,01480065|01480617|01481500,2.1132481805141072,1.9058837526470858,0.20736442786702147,True
huc8_02040205,oracle,3,0.42857142857142855,01480065|01480400|01480500,1.9058837526470858,1.9058837526470858,0.0,True
huc8_02040205,random,3,0.42857142857142855,random_ensemble,2.0734101259789584,1.9058837526470858,0.1675263733318726,True
huc8_02040205,simple_risk_minimax,4,0.5714285714285714,01481500|01480400|01480500|01480870,1.9058837526470858,1.5984481651059972,0.3074355875410886,True
huc8_02040205,greedy_mutual_information,4,0.5714285714285714,01480065|01480400|01480617|01480870,1.9746872424854882,1.5984481651059972,0.376239077379491,True
huc8_02040205,qr_pivot,4,0.5714285714285714,01480500|01480400|01480065|01480870,1.9058837526470858,1.5984481651059972,0.3074355875410886,True
huc8_02040205,distance_even,4,0.5714285714285714,01480065|01480500|01480870|01481500,2.1132481805141072,1.5984481651059972,0.51480001540811,True
huc8_02040205,oracle,4,0.5714285714285714,01480400|01480500|01481000|01481500,1.5984481651059972,1.5984481651059972,0.0,True
huc8_02040205,random,4,0.5714285714285714,random_ensemble,2.017692693399497,1.5984481651059972,0.4192445282935,True
huc8_02040205,simple_risk_minimax,5,0.7142857142857143,01481500|01480400|01480500|01480870|01481000,1.5806120576311624,1.5806120576311624,0.0,True
huc8_02040205,greedy_mutual_information,5,0.7142857142857143,01480065|01480400|01480617|01480870|01481000,1.9746872424854882,1.5806120576311624,0.3940751848543258,True
huc8_02040205,qr_pivot,5,0.7142857142857143,01480500|01480400|01480065|01480870|01480617,1.9058837526470858,1.5806120576311624,0.32527169501592335,True
huc8_02040205,distance_even,5,0.7142857142857143,01480065|01480500|01480617|01480870|01481500,2.1132481805141072,1.5806120576311624,0.5326361228829448,True
huc8_02040205,oracle,5,0.7142857142857143,01480400|01480500|01480870|01481000|01481500,1.5806120576311624,1.5806120576311624,0.0,True
huc8_02040205,random,5,0.7142857142857143,random_ensemble,1.9563424841530637,1.5806120576311624,0.37573042652190125,True
huc8_02040205,simple_risk_minimax,6,0.8571428571428571,01481500|01480400|01480500|01480870|01481000|01480065,1.5806120576311624,1.089376790003684,0.4912352676274785,True
huc8_02040205,greedy_mutual_information,6,0.8571428571428571,01480065|01480400|01480617|01480870|01481000|01481500,1.9746872424854882,1.089376790003684,0.8853104524818043,True
huc8_02040205,qr_pivot,6,0.8571428571428571,01480500|01480400|01480065|01480870|01480617|01481500,1.9058837526470858,1.089376790003684,0.8165069626434018,True
huc8_02040205,distance_even,6,0.8571428571428571,01480065|01480400|01480500|01480870|01481000|01481500,1.5806120576311624,1.089376790003684,0.4912352676274785,True
huc8_02040205,oracle,6,0.8571428571428571,01480400|01480500|01480617|01480870|01481000|01481500,1.089376790003684,1.089376790003684,0.0,True
huc8_02040205,random,6,0.8571428571428571,random_ensemble,1.7120226149402098,1.089376790003684,0.6226458249365259,True
huc8_03070103,simple_risk_minimax,1,0.05555555555555555,02208450,2.5096604766940422,1.6959817086772841,0.8136787680167581,True
huc8_03070103,greedy_mutual_information,1,0.05555555555555555,02203655,2.180771390180631,1.6959817086772841,0.4847896815033468,True
huc8_03070103,qr_pivot,1,0.05555555555555555,02203950,2.3912086396178163,1.6959817086772841,0.6952269309405321,True
huc8_03070103,distance_even,1,0.05555555555555555,02203655,2.180771390180631,1.6959817086772841,0.4847896815033468,True
huc8_03070103,oracle,1,0.05555555555555555,02207185,1.6959817086772841,1.6959817086772841,0.0,True
huc8_03070103,random,1,0.05555555555555555,random_ensemble,2.2130349214645437,1.6959817086772841,0.5170532127872596,True
huc8_03070103,simple_risk_minimax,2,0.1111111111111111,02208450|02203655,2.3254436724508922,1.6933455813226128,0.6320980911282794,True
huc8_03070103,greedy_mutual_information,2,0.1111111111111111,02203655|02207160,2.180771390180631,1.6933455813226128,0.4874258088580181,True
huc8_03070103,qr_pivot,2,0.1111111111111111,02203950|02207160,2.3912086396178163,1.6933455813226128,0.6978630582952035,True
huc8_03070103,distance_even,2,0.1111111111111111,02203655|02208493,2.180771390180631,1.6933455813226128,0.4874258088580181,True
huc8_03070103,oracle,2,0.1111111111111111,02207120|02207385,1.6933455813226128,1.6933455813226128,0.0,True
huc8_03070103,random,2,0.1111111111111111,random_ensemble,2.2686179456174216,1.6933455813226128,0.5752723642948088,True
huc8_03070103,simple_risk_minimax,3,0.16666666666666666,02208450|02203655|02207160,2.3254436724508922,1.6878515068923403,0.6375921655585519,True
huc8_03070103,greedy_mutual_information,3,0.16666666666666666,02203655|02207160|02208493,2.180771390180631,1.6878515068923403,0.4929198832882906,True
huc8_03070103,qr_pivot,3,0.16666666666666666,02203950|02207160|02207400,2.3912086396178163,1.6878515068923403,0.703357132725476,True
huc8_03070103,distance_even,3,0.16666666666666666,02203655|02205865|02208493,2.180771390180631,1.6878515068923403,0.4929198832882906,True
huc8_03070103,oracle,3,0.16666666666666666,02205865|02207120|02207385,1.6878515068923403,1.6878515068923403,0.0,True
huc8_03070103,random,3,0.16666666666666666,random_ensemble,2.3235788565063915,1.6878515068923403,0.6357273496140512,True
huc8_03070103,simple_risk_minimax,4,0.2222222222222222,02208450|02203655|02207160|02208493,2.3254436724508922,1.6164803830174292,0.708963289433463,True
huc8_03070103,greedy_mutual_information,4,0.2222222222222222,02203655|02207160|02208493|02203831,2.363196380414379,1.6164803830174292,0.7467159973969497,True
huc8_03070103,qr_pivot,4,0.2222222222222222,02203950|02207160|02207400|02208493,2.3912086396178163,1.6164803830174292,0.774728256600387,True
huc8_03070103,distance_even,4,0.2222222222222222,02203655|02203960|02207160|02208493,2.280099735129043,1.6164803830174292,0.6636193521116136,True
huc8_03070103,oracle,4,0.2222222222222222,02205865|02207120|02207185|02207385,1.6164803830174292,1.6164803830174292,0.0,True
huc8_03070103,random,4,0.2222222222222222,random_ensemble,2.3231458229703406,1.6164803830174292,0.7066654399529113,True
huc8_03070103,simple_risk_minimax,5,0.2777777777777778,02208450|02203655|02207160|02208493|02203831,2.363196380414379,1.2651350955614762,1.0980612848529028,True
huc8_03070103,greedy_mutual_information,5,0.2777777777777778,02203655|02207160|02208493|02203831|02207400,2.363196380414379,1.2651350955614762,1.0980612848529028,True
huc8_03070103,qr_pivot,5,0.2777777777777778,02203950|02207160|02207400|02208493|02207120,2.3912086396178163,1.2651350955614762,1.12607354405634,True
huc8_03070103,distance_even,5,0.2777777777777778,02203655|02203900|02205865|02207385|02208493,1.935403723980831,1.2651350955614762,0.6702686284193549,True
huc8_03070103,oracle,5,0.2777777777777778,02203655|02205865|02207120|02207400|02208150,1.2651350955614762,1.2651350955614762,0.0,True
huc8_03070103,random,5,0.2777777777777778,random_ensemble,2.2742896925871623,1.2651350955614762,1.009154597025686,True
huc8_03070103,simple_risk_minimax,6,0.3333333333333333,02208450|02203655|02207160|02208493|02203831|02207185,2.363196380414379,1.2651350955614762,1.0980612848529028,True
huc8_03070103,greedy_mutual_information,6,0.3333333333333333,02203655|02207160|02208493|02203831|02207400|02208450,2.363196380414379,1.2651350955614762,1.0980612848529028,True
huc8_03070103,qr_pivot,6,0.3333333333333333,02203950|02207160|02207400|02208493|02207120|02208450,2.3912086396178163,1.2651350955614762,1.12607354405634,True
huc8_03070103,distance_even,6,0.3333333333333333,02203655|02203873|02204037|02207135|02207400|02208493,2.2243216276377,1.2651350955614762,0.9591865320762236,True
huc8_03070103,oracle,6,0.3333333333333333,02203655|02205865|02207120|02207160|02207400|02208150,1.2651350955614762,1.2651350955614762,0.0,True
huc8_03070103,random,6,0.3333333333333333,random_ensemble,2.2370081060640503,1.2651350955614762,0.9718730105025741,True
huc8_03070103,simple_risk_minimax,7,0.3888888888888889,02208450|02203655|02207160|02208493|02203831|02207185|02203863,1.935403723980831,1.2085436255186315,0.7268600984621996,True
huc8_03070103,greedy_mutual_information,7,0.3888888888888889,02203655|02207160|02208493|02203831|02207400|02208450|02207120,2.363196380414379,1.2085436255186315,1.1546527548957475,True
huc8_03070103,qr_pivot,7,0.3888888888888889,02203950|02207160|02207400|02208493|02207120|02208450|02203831,2.3912086396178163,1.2085436255186315,1.1826650140991848,True
huc8_03070103,distance_even,7,0.3888888888888889,02203655|02203873|02203960|02205865|02207160|02207400|02208493,2.280099735129043,1.2085436255186315,1.0715561096104114,True
huc8_03070103,oracle,7,0.3888888888888889,02203655|02205865|02207120|02207160|02207400|02208150|02208493,1.2085436255186315,1.2085436255186315,0.0,True
huc8_03070103,random,7,0.3888888888888889,random_ensemble,2.2470257361387804,1.2085436255186315,1.038482110620149,True
huc8_03070103,simple_risk_minimax,8,0.4444444444444444,02208450|02203655|02207160|02208493|02203831|02207185|02203863|02207120,1.9247159466734511,1.0553248751696755,0.8693910715037756,True
huc8_03070103,greedy_mutual_information,8,0.4444444444444444,02203655|02207160|02208493|02203831|02207400|02208450|02207120|02203900,1.9247159466734511,1.0553248751696755,0.8693910715037756,True
huc8_03070103,qr_pivot,8,0.4444444444444444,02203950|02207160|02207400|02208493|02207120|02208450|02203831|02205865,2.3115132794910718,1.0553248751696755,1.2561884043213962,True
huc8_03070103,distance_even,8,0.4444444444444444,02203655|02203863|02203950|02204037|02207135|02207185|02208150|02208493,2.3912086396178163,1.0553248751696755,1.3358837644481407,True
huc8_03070103,oracle,8,0.4444444444444444,02203655|02205865|02207120|02207160|02207185|02207400|02208150|02208493,1.0553248751696755,1.0553248751696755,0.0,True
huc8_03070103,random,8,0.4444444444444444,random_ensemble,2.191613691757809,1.0553248751696755,1.1362888165881335,True
huc8_03070103,simple_risk_minimax,9,0.5,02208450|02203655|02207160|02208493|02203831|02207185|02203863|02207120|02205865,1.9247159466734511,0.9091179570073307,1.0155979896661205,True
huc8_03070103,greedy_mutual_information,9,0.5,02203655|02207160|02208493|02203831|02207400|02208450|02207120|02203900|02205865,1.9247159466734511,0.9091179570073307,1.0155979896661205,True
huc8_03070103,qr_pivot,9,0.5,02203950|02207160|02207400|02208493|02207120|02208450|02203831|02205865|02207185,2.3115132794910718,0.9091179570073307,1.402395322483741,True
huc8_03070103,distance_even,9,0.5,02203655|02203863|02203900|02203960|02205865|02207160|02207385|02208150|02208493,1.935403723980831,0.9091179570073307,1.0262857669735004,True
huc8_03070103,oracle,9,0.5,02203655|02205865|02207120|02207160|02207185|02207400|02208150|02208450|02208493,0.9091179570073307,0.9091179570073307,0.0,True
huc8_03070103,random,9,0.5,random_ensemble,2.113139312305252,0.9091179570073307,1.2040213552979215,True
huc8_03070103,simple_risk_minimax,10,0.5555555555555556,02208450|02203655|02207160|02208493|02203831|02207185|02203863|02207120|02205865|02207385,1.6164803830174292,0.8318237834431661,0.7846565995742631,True
huc8_03070103,greedy_mutual_information,10,0.5555555555555556,02203655|02207160|02208493|02203831|02207400|02208450|02207120|02203900|02205865|02207185,1.9247159466734511,0.8318237834431661,1.092892163230285,True
huc8_03070103,qr_pivot,10,0.5555555555555556,02203950|02207160|02207400|02208493|02207120|02208450|02203831|02205865|02207185|02208150,1.710722861888539,0.8318237834431661,0.878899078445373,True
huc8_03070103,distance_even,10,0.5555555555555556,02203655|02203863|02203900|02203960|02205865|02207120|02207160|02207385|02208150|02208493,1.849742014188811,0.8318237834431661,1.017918230745645,True
huc8_03070103,oracle,10,0.5555555555555556,02203655|02205865|02207120|02207160|02207185|02207385|02207400|02208150|02208450|02208493,0.8318237834431661,0.8318237834431661,0.0,True
huc8_03070103,random,10,0.5555555555555556,random_ensemble,2.1413925113483336,0.8318237834431661,1.3095687279051675,True
huc8_03070103,simple_risk_minimax,11,0.6111111111111112,02208450|02203655|02207160|02208493|02203831|02207185|02203863|02207120|02205865|02207385|02208150,1.6164803830174292,0.9802103534584166,0.6362700295590127,True
huc8_03070103,greedy_mutual_information,11,0.6111111111111112,02203655|02207160|02208493|02203831|02207400|02208450|02207120|02203900|02205865|02207185|02208150,1.7327632523237537,0.9802103534584166,0.7525528988653372,True
huc8_03070103,qr_pivot,11,0.6111111111111112,02203950|02207160|02207400|02208493|02207120|02208450|02203831|02205865|02207185|02208150|02203655,1.0036474314012631,0.9802103534584166,0.02343707794284655,True
huc8_03070103,distance_even,11,0.6111111111111112,02203655|02203863|02203873|02203950|02204037|02205865|02207135|02207185|02207400|02208150|02208493,1.935403723980831,0.9802103534584166,0.9551933705224145,True
huc8_03070103,oracle,11,0.6111111111111112,02203655|02203950|02204037|02205865|02207120|02207160|02207185|02207400|02208150|02208450|02208493,0.9802103534584166,0.9802103534584166,0.0,True
huc8_03070103,random,11,0.6111111111111112,random_ensemble,2.1188988545050322,0.9802103534584166,1.1386885010466157,True
huc8_03070103,simple_risk_minimax,12,0.6666666666666666,02208450|02203655|02207160|02208493|02203831|02207185|02203863|02207120|02205865|02207385|02208150|02203873,1.6164803830174292,0.9091179570073307,0.7073624260100986,True
huc8_03070103,greedy_mutual_information,12,0.6666666666666666,02203655|02207160|02208493|02203831|02207400|02208450|02207120|02203900|02205865|02207185|02208150|02204037,1.7327632523237537,0.9091179570073307,0.823645295316423,True
huc8_03070103,qr_pivot,12,0.6666666666666666,02203950|02207160|02207400|02208493|02207120|02208450|02203831|02205865|02207185|02208150|02203655|02204037,1.0036474314012631,0.9091179570073307,0.09452947439393244,True
huc8_03070103,distance_even,12,0.6666666666666666,02203655|02203863|02203873|02203950|02203960|02205865|02207120|02207160|02207185|02207400|02208150|02208493,2.091169140851865,0.9091179570073307,1.1820511838445344,True
huc8_03070103,oracle,12,0.6666666666666666,02203655|02203831|02203950|02205865|02207120|02207135|02207160|02207185|02207400|02208150|02208450|02208493,0.9091179570073307,0.9091179570073307,0.0,True
huc8_03070103,random,12,0.6666666666666666,random_ensemble,2.047517053740712,0.9091179570073307,1.1383990967333812,True
huc8_03070103,simple_risk_minimax,13,0.7222222222222222,02208450|02203655|02207160|02208493|02203831|02207185|02203863|02207120|02205865|02207385|02208150|02203873|02207400,1.291145129634733,0.871220001142907,0.41992512849182595,True
huc8_03070103,greedy_mutual_information,13,0.7222222222222222,02203655|02207160|02208493|02203831|02207400|02208450|02207120|02203900|02205865|02207185|02208150|02204037|02207135,1.7327632523237537,0.871220001142907,0.8615432511808467,True
huc8_03070103,qr_pivot,13,0.7222222222222222,02203950|02207160|02207400|02208493|02207120|02208450|02203831|02205865|02207185|02208150|02203655|02204037|02203900,1.079726753560842,0.871220001142907,0.20850675241793493,True
huc8_03070103,distance_even,13,0.7222222222222222,02203655|02203831|02203873|02203900|02203960|02204037|02205865|02207135|02207160|02207385|02207400|02208450|02208493,2.280099735129043,0.871220001142907,1.4088797339861359,True
huc8_03070103,oracle,13,0.7222222222222222,02203655|02203831|02203950|02205865|02207120|02207135|02207160|02207185|02207385|02207400|02208150|02208450|02208493,0.871220001142907,0.871220001142907,0.0,True
huc8_03070103,random,13,0.7222222222222222,random_ensemble,1.9563534883771994,0.871220001142907,1.0851334872342924,True
huc8_03070103,simple_risk_minimax,14,0.7777777777777778,02208450|02203655|02207160|02208493|02203831|02207185|02203863|02207120|02205865|02207385|02208150|02203873|02207400|02203960,2.091169140851865,0.582982776817097,1.5081863640347681,True
huc8_03070103,greedy_mutual_information,14,0.7777777777777778,02203655|02207160|02208493|02203831|02207400|02208450|02207120|02203900|02205865|02207185|02208150|02204037|02207135|02203863,1.1048231319389328,0.582982776817097,0.5218403551218358,True
huc8_03070103,qr_pivot,14,0.7777777777777778,02203950|02207160|02207400|02208493|02207120|02208450|02203831|02205865|02207185|02208150|02203655|02204037|02203900|02203873,1.291145129634733,0.582982776817097,0.708162352817636,True
huc8_03070103,distance_even,14,0.7777777777777778,02203655|02203831|02203873|02203900|02203950|02204037|02205865|02207120|02207135|02207185|02207385|02207400|02208450|02208493,1.4365324665860628,0.582982776817097,0.8535496897689658,True
huc8_03070103,oracle,14,0.7777777777777778,02203655|02203831|02203950|02204037|02205865|02207120|02207135|02207160|02207185|02207385|02207400|02208150|02208450|02208493,0.582982776817097,0.582982776817097,0.0,True
huc8_03070103,random,14,0.7777777777777778,random_ensemble,1.9754015540887198,0.582982776817097,1.3924187772716228,True
huc8_03070103,simple_risk_minimax,15,0.8333333333333334,02208450|02203655|02207160|02208493|02203831|02207185|02203863|02207120|02205865|02207385|02208150|02203873|02207400|02203960|02204037,2.091169140851865,0.582982776817097,1.5081863640347681,True
huc8_03070103,greedy_mutual_information,15,0.8333333333333334,02203655|02207160|02208493|02203831|02207400|02208450|02207120|02203900|02205865|02207185|02208150|02204037|02207135|02203863|02207385,1.1048231319389328,0.582982776817097,0.5218403551218358,True
huc8_03070103,qr_pivot,15,0.8333333333333334,02203950|02207160|02207400|02208493|02207120|02208450|02203831|02205865|02207185|02208150|02203655|02204037|02203900|02203873|02207385,1.291145129634733,0.582982776817097,0.708162352817636,True
huc8_03070103,distance_even,15,0.8333333333333334,02203655|02203831|02203863|02203900|02203950|02203960|02204037|02205865|02207135|02207160|02207185|02207385|02208150|02208450|02208493,1.935403723980831,0.582982776817097,1.352420947163734,True
huc8_03070103,oracle,15,0.8333333333333334,02203655|02203831|02203863|02203950|02204037|02205865|02207120|02207135|02207160|02207185|02207385|02207400|02208150|02208450|02208493,0.582982776817097,0.582982776817097,0.0,True
huc8_03070103,random,15,0.8333333333333334,random_ensemble,1.825684627362409,0.582982776817097,1.242701850545312,True
huc8_03070103,simple_risk_minimax,16,0.8888888888888888,02208450|02203655|02207160|02208493|02203831|02207185|02203863|02207120|02205865|02207385|02208150|02203873|02207400|02203960|02204037|02203900,1.291145129634733,0.5556632249832275,0.7354819046515054,True
huc8_03070103,greedy_mutual_information,16,0.8888888888888888,02203655|02207160|02208493|02203831|02207400|02208450|02207120|02203900|02205865|02207185|02208150|02204037|02207135|02203863|02207385|02203960,1.1048231319389328,0.5556632249832275,0.5491599069557053,True
huc8_03070103,qr_pivot,16,0.8888888888888888,02203950|02207160|02207400|02208493|02207120|02208450|02203831|02205865|02207185|02208150|02203655|02204037|02203900|02203873|02207385|02203960,1.291145129634733,0.5556632249832275,0.7354819046515054,True
huc8_03070103,distance_even,16,0.8888888888888888,02203655|02203831|02203863|02203873|02203950|02203960|02204037|02205865|02207120|02207135|02207160|02207185|02207400|02208150|02208450|02208493,2.091169140851865,0.5556632249832275,1.5355059158686375,True
huc8_03070103,oracle,16,0.8888888888888888,02203655|02203831|02203900|02203950|02203960|02204037|02205865|02207120|02207135|02207160|02207185|02207385|02207400|02208150|02208450|02208493,0.5556632249832275,0.5556632249832275,0.0,True
huc8_03070103,random,16,0.8888888888888888,random_ensemble,1.7311142498269887,0.5556632249832275,1.175451024843761,True
huc8_03070103,simple_risk_minimax,17,0.9444444444444444,02208450|02203655|02207160|02208493|02203831|02207185|02203863|02207120|02205865|02207385|02208150|02203873|02207400|02203960|02204037|02203900|02207135,1.1048231319389328,0.4065286470927257,0.6982944848462072,True
huc8_03070103,greedy_mutual_information,17,0.9444444444444444,02203655|02207160|02208493|02203831|02207400|02208450|02207120|02203900|02205865|02207185|02208150|02204037|02207135|02203863|02207385|02203960|02203873,1.1048231319389328,0.4065286470927257,0.6982944848462072,True
huc8_03070103,qr_pivot,17,0.9444444444444444,02203950|02207160|02207400|02208493|02207120|02208450|02203831|02205865|02207185|02208150|02203655|02204037|02203900|02203873|02207385|02203960|02203863,1.291145129634733,0.4065286470927257,0.8846164825420073,True
huc8_03070103,distance_even,17,0.9444444444444444,02203655|02203831|02203863|02203873|02203900|02203950|02203960|02204037|02205865|02207135|02207160|02207185|02207385|02207400|02208150|02208450|02208493,1.935403723980831,0.4065286470927257,1.5288750768881054,True
huc8_03070103,oracle,17,0.9444444444444444,02203655|02203831|02203863|02203900|02203950|02203960|02204037|02205865|02207120|02207135|02207160|02207185|02207385|02207400|02208150|02208450|02208493,0.4065286470927257,0.4065286470927257,0.0,True
huc8_03070103,random,17,0.9444444444444444,random_ensemble,1.3866380133004361,0.4065286470927257,0.9801093662077105,True
huc8_03080103,simple_risk_minimax,1,0.2,02246751,1.9719518800899896,1.9374994837920672,0.034452396297922405,True
huc8_03080103,greedy_mutual_information,1,0.2,022462002,1.9374994837920672,1.9374994837920672,0.0,True
huc8_03080103,qr_pivot,1,0.2,301204081434900,2.508219575354299,1.9374994837920672,0.5707200915622317,True
huc8_03080103,distance_even,1,0.2,022462002,1.9374994837920672,1.9374994837920672,0.0,True
huc8_03080103,oracle,1,0.2,022462002,1.9374994837920672,1.9374994837920672,0.0,True
huc8_03080103,random,1,0.2,random_ensemble,2.3998251779419313,1.9374994837920672,0.46232569414986413,True
huc8_03080103,simple_risk_minimax,2,0.4,02246751|302309081333001,1.9719518800899896,1.8930188606226312,0.07893301946735831,True
huc8_03080103,greedy_mutual_information,2,0.4,022462002|302309081333001,1.9374994837920672,1.8930188606226312,0.04448062316943591,True
huc8_03080103,qr_pivot,2,0.4,301204081434900|302309081333001,2.508219575354299,1.8930188606226312,0.6152007147316676,True
huc8_03080103,distance_even,2,0.4,022462002|302309081333001,1.9374994837920672,1.8930188606226312,0.04448062316943591,True
huc8_03080103,oracle,2,0.4,022462002|02246751,1.8930188606226312,1.8930188606226312,0.0,True
huc8_03080103,random,2,0.4,random_ensemble,2.153319103221335,1.8930188606226312,0.26030024259870355,True
huc8_03080103,simple_risk_minimax,3,0.6,02246751|302309081333001|02246518,1.9719518800899896,0.852538296316815,1.1194135837731745,True
huc8_03080103,greedy_mutual_information,3,0.6,022462002|302309081333001|02246518,1.9374994837920672,0.852538296316815,1.084961187475252,True
huc8_03080103,qr_pivot,3,0.6,301204081434900|302309081333001|02246751,1.9719518800899896,0.852538296316815,1.1194135837731745,True
huc8_03080103,distance_even,3,0.6,022462002|02246751|302309081333001,0.852538296316815,0.852538296316815,0.0,True
huc8_03080103,oracle,3,0.6,022462002|02246751|302309081333001,0.852538296316815,0.852538296316815,0.0,True
huc8_03080103,random,3,0.6,random_ensemble,1.8736166724257342,0.852538296316815,1.0210783761089193,True
huc8_03080103,simple_risk_minimax,4,0.8,02246751|302309081333001|02246518|022462002,1.2593526201511092,1.2593526201511092,0.0,True
huc8_03080103,greedy_mutual_information,4,0.8,022462002|302309081333001|02246518|02246751,1.2593526201511092,1.2593526201511092,0.0,True
huc8_03080103,qr_pivot,4,0.8,301204081434900|302309081333001|02246751|022462002,1.5446087141319385,1.2593526201511092,0.2852560939808293,True
huc8_03080103,distance_even,4,0.8,022462002|02246518|301204081434900|302309081333001,1.9374994837920672,1.2593526201511092,0.678146863640958,True
huc8_03080103,oracle,4,0.8,022462002|02246518|02246751|302309081333001,1.2593526201511092,1.2593526201511092,0.0,True
huc8_03080103,random,4,0.8,random_ensemble,1.6695961940112185,1.2593526201511092,0.41024357386010935,True
huc8_03090101,simple_risk_minimax,1,0.2,02266200,1.7635255568814407,1.5626118819441368,0.20091367493730394,True
huc8_03090101,greedy_mutual_information,1,0.2,02264000,1.7759502802916312,1.5626118819441368,0.21333839834749435,True
huc8_03090101,qr_pivot,1,0.2,02266200,1.7635255568814407,1.5626118819441368,0.20091367493730394,True
huc8_03090101,distance_even,1,0.2,02264000,1.7759502802916312,1.5626118819441368,0.21333839834749435,True
huc8_03090101,oracle,1,0.2,02266495,1.5626118819441368,1.5626118819441368,0.0,True
huc8_03090101,random,1,0.2,random_ensemble,1.7016737733689564,1.5626118819441368,0.13906189142481962,True
huc8_03090101,simple_risk_minimax,2,0.4,02266200|02266300,1.6474649421533598,1.012977303711806,0.6344876384415539,True
huc8_03090101,greedy_mutual_information,2,0.4,02264000|02264100,1.7759502802916312,1.012977303711806,0.7629729765798252,True
huc8_03090101,qr_pivot,2,0.4,02266200|02266300,1.6474649421533598,1.012977303711806,0.6344876384415539,True
huc8_03090101,distance_even,2,0.4,02264000|02266495,1.5626118819441368,1.012977303711806,0.5496345782323309,True
huc8_03090101,oracle,2,0.4,02266300|02266495,1.012977303711806,1.012977303711806,0.0,True
huc8_03090101,random,2,0.4,random_ensemble,1.5414371881570081,1.012977303711806,0.5284598844452022,True
huc8_03090101,simple_risk_minimax,3,0.6,02266200|02266300|02264100,1.6474649421533598,1.4257080238872626,0.22175691826609722,True
huc8_03090101,greedy_mutual_information,3,0.6,02264000|02264100|02266300,1.6474649421533598,1.4257080238872626,0.22175691826609722,True
huc8_03090101,qr_pivot,3,0.6,02266200|02266300|02264100,1.6474649421533598,1.4257080238872626,0.22175691826609722,True
huc8_03090101,distance_even,3,0.6,02264000|02266200|02266495,1.5626118819441368,1.4257080238872626,0.13690385805687422,True
huc8_03090101,oracle,3,0.6,02264100|02266300|02266495,1.4257080238872626,1.4257080238872626,0.0,True
huc8_03090101,random,3,0.6,random_ensemble,1.5748223131305517,1.4257080238872626,0.14911428924328907,True
huc8_03090101,simple_risk_minimax,4,0.8,02266200|02266300|02264100|02264000,1.6474649421533598,1.1711643195408026,0.47630062261255723,True
huc8_03090101,greedy_mutual_information,4,0.8,02264000|02264100|02266300|02266495,1.449242573519824,1.1711643195408026,0.2780782539790214,True
huc8_03090101,qr_pivot,4,0.8,02266200|02266300|02264100|02264000,1.6474649421533598,1.1711643195408026,0.47630062261255723,True
huc8_03090101,distance_even,4,0.8,02264000|02264100|02266300|02266495,1.449242573519824,1.1711643195408026,0.2780782539790214,True
huc8_03090101,oracle,4,0.8,02264000|02266200|02266300|02266495,1.1711643195408026,1.1711643195408026,0.0,True
huc8_03090101,random,4,0.8,random_ensemble,1.4487726331495139,1.1711643195408026,0.2776083136087113,True
huc8_03150104,simple_risk_minimax,1,0.2,02394682,2.289300470836287,1.3197071982474204,0.9695932725888667,True
huc8_03150104,greedy_mutual_information,1,0.2,02388975,1.3197071982474204,1.3197071982474204,0.0,True
huc8_03150104,qr_pivot,1,0.2,02388975,1.3197071982474204,1.3197071982474204,0.0,True
huc8_03150104,distance_even,1,0.2,02388975,1.3197071982474204,1.3197071982474204,0.0,True
huc8_03150104,oracle,1,0.2,02388975,1.3197071982474204,1.3197071982474204,0.0,True
huc8_03150104,random,1,0.2,random_ensemble,1.8733497757950943,1.3197071982474204,0.5536425775476739,True
huc8_03150104,simple_risk_minimax,2,0.4,02394682|02388975,1.2501234221340263,1.2501234221340263,0.0,True
huc8_03150104,greedy_mutual_information,2,0.4,02388975|02394000,1.3197071982474204,1.2501234221340263,0.06958377611339417,True
huc8_03150104,qr_pivot,2,0.4,02388975|02394000,1.3197071982474204,1.2501234221340263,0.06958377611339417,True
huc8_03150104,distance_even,2,0.4,02388975|02394682,1.2501234221340263,1.2501234221340263,0.0,True
huc8_03150104,oracle,2,0.4,02388975|02394682,1.2501234221340263,1.2501234221340263,0.0,True
huc8_03150104,random,2,0.4,random_ensemble,1.6825129054225676,1.2501234221340263,0.4323894832885413,True
huc8_03150104,simple_risk_minimax,3,0.6,02394682|02388975|02394000,1.1890167032122276,1.1890167032122276,0.0,True
huc8_03150104,greedy_mutual_information,3,0.6,02388975|02394000|02394682,1.1890167032122276,1.1890167032122276,0.0,True
huc8_03150104,qr_pivot,3,0.6,02388975|02394000|02394682,1.1890167032122276,1.1890167032122276,0.0,True
huc8_03150104,distance_even,3,0.6,02388975|02389150|02394682,1.2501234221340263,1.1890167032122276,0.06110671892179864,True
huc8_03150104,oracle,3,0.6,02388975|02394000|02394682,1.1890167032122276,1.1890167032122276,0.0,True
huc8_03150104,random,3,0.6,random_ensemble,1.4670165358264746,1.1890167032122276,0.277999832614247,True
huc8_03150104,simple_risk_minimax,4,0.8,02394682|02388975|02394000|02388985,1.1298498709354128,1.1298498709354128,0.0,True
huc8_03150104,greedy_mutual_information,4,0.8,02388975|02394000|02394682|02388985,1.1298498709354128,1.1298498709354128,0.0,True
huc8_03150104,qr_pivot,4,0.8,02388975|02394000|02394682|02388985,1.1298498709354128,1.1298498709354128,0.0,True
huc8_03150104,distance_even,4,0.8,02388975|02388985|02394000|02394682,1.1298498709354128,1.1298498709354128,0.0,True
huc8_03150104,oracle,4,0.8,02388975|02388985|02394000|02394682,1.1298498709354128,1.1298498709354128,0.0,True
huc8_03150104,random,4,0.8,random_ensemble,1.2911659422723025,1.1298498709354128,0.16131607133688974,True
huc8_04070007,simple_risk_minimax,1,0.125,04136500,1.6774797888402666,1.6774797888402666,0.0,True
huc8_04070007,greedy_mutual_information,1,0.125,04136000,1.8397823802826132,1.6774797888402666,0.1623025914423466,True
huc8_04070007,qr_pivot,1,0.125,04137020,1.716787108003604,1.6774797888402666,0.039307319163337295,True
huc8_04070007,distance_even,1,0.125,04136000,1.8397823802826132,1.6774797888402666,0.1623025914423466,True
huc8_04070007,oracle,1,0.125,04136500,1.6774797888402666,1.6774797888402666,0.0,True
huc8_04070007,random,1,0.125,random_ensemble,1.8417682918793161,1.6774797888402666,0.16428850303904952,True
huc8_04070007,simple_risk_minimax,2,0.25,04136500|04137005,1.775552497786609,1.5319439682924945,0.2436085294941146,True
huc8_04070007,greedy_mutual_information,2,0.25,04136000|04137030,1.8652584427728567,1.5319439682924945,0.3333144744803622,True
huc8_04070007,qr_pivot,2,0.25,04137020|04136000,1.5901338774243032,1.5319439682924945,0.05818990913180877,True
huc8_04070007,distance_even,2,0.25,04136000|04137500,1.8844422388113002,1.5319439682924945,0.3524982705188058,True
huc8_04070007,oracle,2,0.25,04136000|04136500,1.5319439682924945,1.5319439682924945,0.0,True
huc8_04070007,random,2,0.25,random_ensemble,1.798597484475982,1.5319439682924945,0.26665351618348754,True
huc8_04070007,simple_risk_minimax,3,0.375,04136500|04137005|04136000,1.775552497786609,1.32758624598945,0.447966251797159,True
huc8_04070007,greedy_mutual_information,3,0.375,04136000|04137030|04136500,1.4978270717619366,1.32758624598945,0.17024082577248656,True
huc8_04070007,qr_pivot,3,0.375,04137020|04136000|04137500,1.5901338774243032,1.32758624598945,0.26254763143485316,True
huc8_04070007,distance_even,3,0.375,04136000|04137020|04137500,1.5901338774243032,1.32758624598945,0.26254763143485316,True
huc8_04070007,oracle,3,0.375,04136000|04136500|04137020,1.32758624598945,1.32758624598945,0.0,True
huc8_04070007,random,3,0.375,random_ensemble,1.761012209986071,1.32758624598945,0.4334259639966209,True
huc8_04070007,simple_risk_minimax,4,0.5,04136500|04137005|04136000|04137030,1.775552497786609,1.262060943897547,0.5134915538890621,True
huc8_04070007,greedy_mutual_information,4,0.5,04136000|04137030|04136500|04137500,1.4978270717619366,1.262060943897547,0.23576612786438966,True
huc8_04070007,qr_pivot,4,0.5,04137020|04136000|04137500|04136500,1.3560302311504742,1.262060943897547,0.09396928725292719,True
huc8_04070007,distance_even,4,0.5,04136000|04136900|04137025|04137500,1.8398375478611189,1.262060943897547,0.5777766039635719,True
huc8_04070007,oracle,4,0.5,04136000|04136500|04136900|04137020,1.262060943897547,1.262060943897547,0.0,True
huc8_04070007,random,4,0.5,random_ensemble,1.7066527449608015,1.262060943897547,0.4445918010632546,True
huc8_04070007,simple_risk_minimax,5,0.625,04136500|04137005|04136000|04137030|04136900,1.775552497786609,1.262060943897547,0.5134915538890621,True
huc8_04070007,greedy_mutual_information,5,0.625,04136000|04137030|04136500|04137500|04137005,1.775552497786609,1.262060943897547,0.5134915538890621,True
huc8_04070007,qr_pivot,5,0.625,04137020|04136000|04137500|04136500|04136900,1.3560302311504742,1.262060943897547,0.09396928725292719,True
huc8_04070007,distance_even,5,0.625,04136000|04136900|04137020|04137025|04137500,1.8398375478611189,1.262060943897547,0.5777766039635719,True
huc8_04070007,oracle,5,0.625,04136000|04136500|04136900|04137005|04137020,1.262060943897547,1.262060943897547,0.0,True
huc8_04070007,random,5,0.625,random_ensemble,1.6645897099140776,1.262060943897547,0.40252876601653065,True
huc8_04070007,simple_risk_minimax,6,0.75,04136500|04137005|04136000|04137030|04136900|04137500,1.775552497786609,0.8138095145118115,0.9617429832747976,True
huc8_04070007,greedy_mutual_information,6,0.75,04136000|04137030|04136500|04137500|04137005|04136900,1.775552497786609,0.8138095145118115,0.9617429832747976,True
huc8_04070007,qr_pivot,6,0.75,04137020|04136000|04137500|04136500|04136900|04137005,1.3560302311504742,0.8138095145118115,0.5422207166386627,True
huc8_04070007,distance_even,6,0.75,04136000|04136500|04137005|04137020|04137030|04137500,1.32758624598945,0.8138095145118115,0.5137767314776386,True
huc8_04070007,oracle,6,0.75,04136000|04136500|04136900|04137020|04137030|04137500,0.8138095145118115,0.8138095145118115,0.0,True
huc8_04070007,random,6,0.75,random_ensemble,1.537022064297097,0.8138095145118115,0.7232125497852856,True
huc8_04070007,simple_risk_minimax,7,0.875,04136500|04137005|04136000|04137030|04136900|04137500|04137020,0.5718666037384805,0.5718666037384805,0.0,True
huc8_04070007,greedy_mutual_information,7,0.875,04136000|04137030|04136500|04137500|04137005|04136900|04137020,0.5718666037384805,0.5718666037384805,0.0,True
huc8_04070007,qr_pivot,7,0.875,04137020|04136000|04137500|04136500|04136900|04137005|04137030,0.5718666037384805,0.5718666037384805,0.0,True
huc8_04070007,distance_even,7,0.875,04136000|04136500|04136900|04137020|04137025|04137030|04137500,1.2584540158168742,0.5718666037384805,0.6865874120783937,True
huc8_04070007,oracle,7,0.875,04136000|04136500|04136900|04137005|04137020|04137030|04137500,0.5718666037384805,0.5718666037384805,0.0,True
huc8_04070007,random,7,0.875,random_ensemble,1.4273477730180688,0.5718666037384805,0.8554811692795883,True
huc8_05010006,simple_risk_minimax,1,0.2,03036000,2.2488460301660913,1.8170496618082068,0.4317963683578845,True
huc8_05010006,greedy_mutual_information,1,0.2,03034000,2.0231066116841063,1.8170496618082068,0.2060569498758995,True
huc8_05010006,qr_pivot,1,0.2,03034000,2.0231066116841063,1.8170496618082068,0.2060569498758995,True
huc8_05010006,distance_even,1,0.2,03034000,2.0231066116841063,1.8170496618082068,0.2060569498758995,True
huc8_05010006,oracle,1,0.2,03038000,1.8170496618082068,1.8170496618082068,0.0,True
huc8_05010006,random,1,0.2,random_ensemble,2.0931114830639235,1.8170496618082068,0.27606182125571666,True
huc8_05010006,simple_risk_minimax,2,0.4,03036000|03034000,2.0231066116841063,1.512344094975886,0.5107625167082204,True
huc8_05010006,greedy_mutual_information,2,0.4,03034000|03039000,2.0231066116841063,1.512344094975886,0.5107625167082204,True
huc8_05010006,qr_pivot,2,0.4,03034000|03039000,2.0231066116841063,1.512344094975886,0.5107625167082204,True
huc8_05010006,distance_even,2,0.4,03034000|03039000,2.0231066116841063,1.512344094975886,0.5107625167082204,True
huc8_05010006,oracle,2,0.4,03036000|03038000,1.512344094975886,1.512344094975886,0.0,True
huc8_05010006,random,2,0.4,random_ensemble,1.9134394000543273,1.512344094975886,0.4010953050784414,True
huc8_05010006,simple_risk_minimax,3,0.6,03036000|03034000|03039000,2.0231066116841063,1.4881882819905379,0.5349183296935685,True
huc8_05010006,greedy_mutual_information,3,0.6,03034000|03039000|03038000,1.7284053008143339,1.4881882819905379,0.24021701882379598,True
huc8_05010006,qr_pivot,3,0.6,03034000|03039000|03038000,1.7284053008143339,1.4881882819905379,0.24021701882379598,True
huc8_05010006,distance_even,3,0.6,03034000|03036000|03039000,2.0231066116841063,1.4881882819905379,0.5349183296935685,True
huc8_05010006,oracle,3,0.6,03034000|03036000|03038000,1.4881882819905379,1.4881882819905379,0.0,True
huc8_05010006,random,3,0.6,random_ensemble,1.8413605242598385,1.4881882819905379,0.35317224226930066,True
huc8_05010006,simple_risk_minimax,4,0.8,03036000|03034000|03039000|03038000,1.4671111998955415,1.4671111998955415,0.0,True
huc8_05010006,greedy_mutual_information,4,0.8,03034000|03039000|03038000|03036000,1.4671111998955415,1.4671111998955415,0.0,True
huc8_05010006,qr_pivot,4,0.8,03034000|03039000|03038000|03036000,1.4671111998955415,1.4671111998955415,0.0,True
huc8_05010006,distance_even,4,0.8,03034000|03034500|03038000|03039000,1.7284053008143339,1.4671111998955415,0.26129410091879235,True
huc8_05010006,oracle,4,0.8,03034000|03036000|03038000|03039000,1.4671111998955415,1.4671111998955415,0.0,True
huc8_05010006,random,4,0.8,random_ensemble,1.701915134390869,1.4671111998955415,0.23480393449532744,True
huc8_05020006,simple_risk_minimax,1,0.2,03081000,1.6916078509228305,1.6654583979671735,0.02614945295565696,True
huc8_05020006,greedy_mutual_information,1,0.2,03076500,1.8451454055122163,1.6654583979671735,0.17968700754504274,True
huc8_05020006,qr_pivot,1,0.2,03079000,1.7470427012027565,1.6654583979671735,0.08158430323558297,True
huc8_05020006,distance_even,1,0.2,03076500,1.8451454055122163,1.6654583979671735,0.17968700754504274,True
huc8_05020006,oracle,1,0.2,03077500,1.6654583979671735,1.6654583979671735,0.0,True
huc8_05020006,random,1,0.2,random_ensemble,1.73572437493255,1.6654583979671735,0.0702659769653764,True
huc8_05020006,simple_risk_minimax,2,0.4,03081000|03076500,1.5438500068019523,1.236801010972714,0.30704899582923817,True
huc8_05020006,greedy_mutual_information,2,0.4,03076500|03077500,1.5438500068019523,1.236801010972714,0.30704899582923817,True
huc8_05020006,qr_pivot,2,0.4,03079000|03077500,1.3448962376211704,1.236801010972714,0.10809522664845628,True
huc8_05020006,distance_even,2,0.4,03076500|03083500,1.8451454055122163,1.236801010972714,0.6083443945395022,True
huc8_05020006,oracle,2,0.4,03077500|03083500,1.236801010972714,1.236801010972714,0.0,True
huc8_05020006,random,2,0.4,random_ensemble,1.500900989235011,1.236801010972714,0.2640999782622968,True
huc8_05020006,simple_risk_minimax,3,0.6,03081000|03076500|03077500,1.5438500068019523,1.1116368514578823,0.43221315534407,True
huc8_05020006,greedy_mutual_information,3,0.6,03076500|03077500|03081000,1.5438500068019523,1.1116368514578823,0.43221315534407,True
huc8_05020006,qr_pivot,3,0.6,03079000|03077500|03081000,1.3448962376211704,1.1116368514578823,0.23325938616328812,True
huc8_05020006,distance_even,3,0.6,03076500|03079000|03083500,1.8451454055122163,1.1116368514578823,0.733508554054334,True
huc8_05020006,oracle,3,0.6,03077500|03079000|03083500,1.1116368514578823,1.1116368514578823,0.0,True
huc8_05020006,random,3,0.6,random_ensemble,1.3309737545031104,1.1116368514578823,0.21933690304522813,True
huc8_05020006,simple_risk_minimax,4,0.8,03081000|03076500|03077500|03079000,1.3448962376211704,0.612412963166688,0.7324832744544824,True
huc8_05020006,greedy_mutual_information,4,0.8,03076500|03077500|03081000|03083500,1.236801010972714,0.612412963166688,0.6243880478060261,True
huc8_05020006,qr_pivot,4,0.8,03079000|03077500|03081000|03076500,1.3448962376211704,0.612412963166688,0.7324832744544824,True
huc8_05020006,distance_even,4,0.8,03076500|03077500|03081000|03083500,1.236801010972714,0.612412963166688,0.6243880478060261,True
huc8_05020006,oracle,4,0.8,03077500|03079000|03081000|03083500,0.612412963166688,0.612412963166688,0.0,True
huc8_05020006,random,4,0.8,random_ensemble,1.147611041686104,0.612412963166688,0.535198078519416,True
huc8_05030102,simple_risk_minimax,1,0.2,03102850,2.839959493745115,1.8463587549713947,0.9936007387737202,True
huc8_05030102,greedy_mutual_information,1,0.2,03094704,2.743659696840162,1.8463587549713947,0.8973009418687674,True
huc8_05030102,qr_pivot,1,0.2,03102850,2.839959493745115,1.8463587549713947,0.9936007387737202,True
huc8_05030102,distance_even,1,0.2,03094704,2.743659696840162,1.8463587549713947,0.8973009418687674,True
huc8_05030102,oracle,1,0.2,03102950,1.8463587549713947,1.8463587549713947,0.0,True
huc8_05030102,random,1,0.2,random_ensemble,2.6372769082969736,1.8463587549713947,0.7909181533255789,True
huc8_05030102,simple_risk_minimax,2,0.4,03102850|03103500,2.839959493745115,1.5806597126586628,1.2592997810864521,True
huc8_05030102,greedy_mutual_information,2,0.4,03094704|03103500,2.743659696840162,1.5806597126586628,1.1629999841814993,True
huc8_05030102,qr_pivot,2,0.4,03102850|03103500,2.839959493745115,1.5806597126586628,1.2592997810864521,True
huc8_05030102,distance_even,2,0.4,03094704|03104490,2.743659696840162,1.5806597126586628,1.1629999841814993,True
huc8_05030102,oracle,2,0.4,03094704|03102950,1.5806597126586628,1.5806597126586628,0.0,True
huc8_05030102,random,2,0.4,random_ensemble,2.4419273614511945,1.5806597126586628,0.8612676487925317,True
huc8_05030102,simple_risk_minimax,3,0.6,03102850|03103500|03104490,2.839959493745115,1.081506650595626,1.758452843149489,True
huc8_05030102,greedy_mutual_information,3,0.6,03094704|03103500|03104490,2.743659696840162,1.081506650595626,1.6621530462445362,True
huc8_05030102,qr_pivot,3,0.6,03102850|03103500|03104490,2.839959493745115,1.081506650595626,1.758452843149489,True
huc8_05030102,distance_even,3,0.6,03094704|03102950|03104490,1.5940650209805254,1.081506650595626,0.5125583703848995,True
huc8_05030102,oracle,3,0.6,03094704|03102950|03103500,1.081506650595626,1.081506650595626,0.0,True
huc8_05030102,random,3,0.6,random_ensemble,1.9739090033339284,1.081506650595626,0.8924023527383025,True
huc8_05030102,simple_risk_minimax,4,0.8,03102850|03103500|03104490|03094704,2.743659696840162,1.081506650595626,1.6621530462445362,True
huc8_05030102,greedy_mutual_information,4,0.8,03094704|03103500|03104490|03102850,2.743659696840162,1.081506650595626,1.6621530462445362,True
huc8_05030102,qr_pivot,4,0.8,03102850|03103500|03104490|03102950,1.8463587549713947,1.081506650595626,0.7648521043757688,True
huc8_05030102,distance_even,4,0.8,03094704|03102850|03103500|03104490,2.743659696840162,1.081506650595626,1.6621530462445362,True
huc8_05030102,oracle,4,0.8,03094704|03102950|03103500|03104490,1.081506650595626,1.081506650595626,0.0,True
huc8_05030102,random,4,0.8,random_ensemble,1.6647651626209272,1.081506650595626,0.5832585120253013,True
huc8_05040001,simple_risk_minimax,1,0.09090909090909091,03119971,2.497805311810487,1.7572110760854707,0.7405942357250161,True
huc8_05040001,greedy_mutual_information,1,0.09090909090909091,03119341,2.273537318276963,1.7572110760854707,0.5163262421914925,True
huc8_05040001,qr_pivot,1,0.09090909090909091,03119971,2.497805311810487,1.7572110760854707,0.7405942357250161,True
huc8_05040001,distance_even,1,0.09090909090909091,03119341,2.273537318276963,1.7572110760854707,0.5163262421914925,True
huc8_05040001,oracle,1,0.09090909090909091,03120820,1.7572110760854707,1.7572110760854707,0.0,True
huc8_05040001,random,1,0.09090909090909091,random_ensemble,2.3388890007892136,1.7572110760854707,0.5816779247037429,True
huc8_05040001,simple_risk_minimax,2,0.18181818181818182,03119971|03120820,1.9051482129762811,1.1248134180254765,0.7803347949508046,True
huc8_05040001,greedy_mutual_information,2,0.18181818181818182,03119341|03120961,2.273537318276963,1.1248134180254765,1.1487239002514866,True
huc8_05040001,qr_pivot,2,0.18181818181818182,03119971|03120820,1.9051482129762811,1.1248134180254765,0.7803347949508046,True
huc8_05040001,distance_even,2,0.18181818181818182,03119341|03127989,2.273537318276963,1.1248134180254765,1.1487239002514866,True
huc8_05040001,oracle,2,0.18181818181818182,03120820|03127980,1.1248134180254765,1.1248134180254765,0.0,True
huc8_05040001,random,2,0.18181818181818182,random_ensemble,2.233495414665379,1.1248134180254765,1.1086819966399024,True
huc8_05040001,simple_risk_minimax,3,0.2727272727272727,03119971|03120820|03127980,1.6720222685744879,1.0873800628467856,0.5846422057277023,True
huc8_05040001,greedy_mutual_information,3,0.2727272727272727,03119341|03120961|03120820,2.2299503091140904,1.0873800628467856,1.1425702462673049,True
huc8_05040001,qr_pivot,3,0.2727272727272727,03119971|03120820|03119341,1.9051482129762811,1.0873800628467856,0.8177681501294956,True
huc8_05040001,distance_even,3,0.2727272727272727,03119341|03120961|03127989,2.273537318276963,1.0873800628467856,1.1861572554301776,True
huc8_05040001,oracle,3,0.2727272727272727,03119341|03120820|03127980,1.0873800628467856,1.0873800628467856,0.0,True
huc8_05040001,random,3,0.2727272727272727,random_ensemble,2.140189465934071,1.0873800628467856,1.0528094030872852,True
huc8_05040001,simple_risk_minimax,4,0.36363636363636365,03119971|03120820|03127980|03119341,1.6720222685744879,0.8459729732774649,0.826049295297023,True
huc8_05040001,greedy_mutual_information,4,0.36363636363636365,03119341|03120961|03120820|03125338,2.2299503091140904,0.8459729732774649,1.3839773358366254,True
huc8_05040001,qr_pivot,4,0.36363636363636365,03119971|03120820|03119341|03125338,1.9051482129762811,0.8459729732774649,1.059175239698816,True
huc8_05040001,distance_even,4,0.36363636363636365,03119341|03120820|03126395|03127989,1.4968416381755136,0.8459729732774649,0.6508686648980487,True
huc8_05040001,oracle,4,0.36363636363636365,03119341|03120820|03127980|03127989,0.8459729732774649,0.8459729732774649,0.0,True
huc8_05040001,random,4,0.36363636363636365,random_ensemble,2.076970165976426,0.8459729732774649,1.2309971926989611,True
huc8_05040001,simple_risk_minimax,5,0.45454545454545453,03119971|03120820|03127980|03119341|03120869,1.6662649118569415,0.8216651100363019,0.8445998018206395,True
huc8_05040001,greedy_mutual_information,5,0.45454545454545453,03119341|03120961|03120820|03125338|03119979,1.9003238376366878,0.8216651100363019,1.0786587276003858,True
huc8_05040001,qr_pivot,5,0.45454545454545453,03119971|03120820|03119341|03125338|03120961,1.9051482129762811,0.8216651100363019,1.0834831029399792,True
huc8_05040001,distance_even,5,0.45454545454545453,03119341|03119979|03120961|03127980|03127989,2.0394186499443956,0.8216651100363019,1.2177535399080937,True
huc8_05040001,oracle,5,0.45454545454545453,03119341|03120820|03120869|03127980|03127989,0.8216651100363019,0.8216651100363019,0.0,True
huc8_05040001,random,5,0.45454545454545453,random_ensemble,1.9820932726789113,0.8216651100363019,1.1604281626426094,True
huc8_05040001,simple_risk_minimax,6,0.5454545454545454,03119971|03120820|03127980|03119341|03120869|03119979,1.0363117151697394,0.8031646593314845,0.2331470558382549,True
huc8_05040001,greedy_mutual_information,6,0.5454545454545454,03119341|03120961|03120820|03125338|03119979|03127986,1.9003238376366878,0.8031646593314845,1.0971591783052033,True
huc8_05040001,qr_pivot,6,0.5454545454545454,03119971|03120820|03119341|03125338|03120961|03127986,1.9003238376366878,0.8031646593314845,1.0971591783052033,True
huc8_05040001,distance_even,6,0.5454545454545454,03119341|03119979|03120869|03125338|03127980|03127989,2.0394186499443956,0.8031646593314845,1.236253990612911,True
huc8_05040001,oracle,6,0.5454545454545454,03119341|03120820|03120869|03125338|03127980|03127989,0.8031646593314845,0.8031646593314845,0.0,True
huc8_05040001,random,6,0.5454545454545454,random_ensemble,1.9690578065377569,0.8031646593314845,1.1658931472062724,True
huc8_05040001,simple_risk_minimax,7,0.6363636363636364,03119971|03120820|03127980|03119341|03120869|03119979|03127989,0.8216651100363019,0.8010923576725286,0.020572752363773317,True
huc8_05040001,greedy_mutual_information,7,0.6363636363636364,03119341|03120961|03120820|03125338|03119979|03127986|03120869,1.524338857945185,0.8010923576725286,0.7232465002726565,True
huc8_05040001,qr_pivot,7,0.6363636363636364,03119971|03120820|03119341|03125338|03120961|03127986|03120869,1.524338857945185,0.8010923576725286,0.7232465002726565,True
huc8_05040001,distance_even,7,0.6363636363636364,03119341|03119979|03120820|03120961|03126395|03127980|03127989,1.9003238376366878,0.8010923576725286,1.0992314799641592,True
huc8_05040001,oracle,7,0.6363636363636364,03119341|03119971|03120820|03120869|03125338|03127980|03127989,0.8010923576725286,0.8010923576725286,0.0,True
huc8_05040001,random,7,0.6363636363636364,random_ensemble,1.8169411966355569,0.8010923576725286,1.0158488389630282,True
huc8_05040001,simple_risk_minimax,8,0.7272727272727273,03119971|03120820|03127980|03119341|03120869|03119979|03127989|03125338,0.6273311694188473,0.6273311694188473,0.0,True
huc8_05040001,greedy_mutual_information,8,0.7272727272727273,03119341|03120961|03120820|03125338|03119979|03127986|03120869|03127989,1.524338857945185,0.6273311694188473,0.8970076885263378,True
huc8_05040001,qr_pivot,8,0.7272727272727273,03119971|03120820|03119341|03125338|03120961|03127986|03120869|03119979,1.524338857945185,0.6273311694188473,0.8970076885263378,True
huc8_05040001,distance_even,8,0.7272727272727273,03119341|03119971|03120820|03120869|03125338|03126395|03127986|03127989,1.3584626403941995,0.6273311694188473,0.7311314709753522,True
huc8_05040001,oracle,8,0.7272727272727273,03119341|03119971|03119979|03120820|03120869|03125338|03127980|03127989,0.6273311694188473,0.6273311694188473,0.0,True
huc8_05040001,random,8,0.7272727272727273,random_ensemble,1.7372361293190695,0.6273311694188473,1.1099049599002222,True
huc8_05040001,simple_risk_minimax,9,0.8181818181818182,03119971|03120820|03127980|03119341|03120869|03119979|03127989|03125338|03120961,0.6273311694188473,0.549192428567083,0.07813874085176431,True
huc8_05040001,greedy_mutual_information,9,0.8181818181818182,03119341|03120961|03120820|03125338|03119979|03127986|03120869|03127989|03119971,1.524338857945185,0.549192428567083,0.9751464293781021,True
huc8_05040001,qr_pivot,9,0.8181818181818182,03119971|03120820|03119341|03125338|03120961|03127986|03120869|03119979|03127989,1.524338857945185,0.549192428567083,0.9751464293781021,True
huc8_05040001,distance_even,9,0.8181818181818182,03119341|03119971|03119979|03120869|03120961|03125338|03127980|03127986|03127989,2.497805311810487,0.549192428567083,1.948612883243404,True
huc8_05040001,oracle,9,0.8181818181818182,03119341|03119971|03119979|03120820|03120869|03125338|03127980|03127986|03127989,0.549192428567083,0.549192428567083,0.0,True
huc8_05040001,random,9,0.8181818181818182,random_ensemble,1.5203866362632068,0.549192428567083,0.9711942076961239,True
huc8_05040001,simple_risk_minimax,10,0.9090909090909091,03119971|03120820|03127980|03119341|03120869|03119979|03127989|03125338|03120961|03127986,0.549192428567083,0.5344083483641533,0.01478408020292965,True
huc8_05040001,greedy_mutual_information,10,0.9090909090909091,03119341|03120961|03120820|03125338|03119979|03127986|03120869|03127989|03119971|03127980,0.549192428567083,0.5344083483641533,0.01478408020292965,True
huc8_05040001,qr_pivot,10,0.9090909090909091,03119971|03120820|03119341|03125338|03120961|03127986|03120869|03119979|03127989|03127980,0.549192428567083,0.5344083483641533,0.01478408020292965,True
huc8_05040001,distance_even,10,0.9090909090909091,03119341|03119971|03119979|03120820|03120869|03125338|03126395|03127980|03127986|03127989,0.5344083483641533,0.5344083483641533,0.0,True
huc8_05040001,oracle,10,0.9090909090909091,03119341|03119971|03119979|03120820|03120869|03125338|03126395|03127980|03127986|03127989,0.5344083483641533,0.5344083483641533,0.0,True
huc8_05040001,random,10,0.9090909090909091,random_ensemble,1.3070388736238823,0.5344083483641533,0.772630525259729,True
huc8_05140101,simple_risk_minimax,1,0.125,03292475,2.3358570123674,1.6226396718443283,0.7132173405230715,True
huc8_05140101,greedy_mutual_information,1,0.125,03292470,2.679036143578148,1.6226396718443283,1.0563964717338197,True
huc8_05140101,qr_pivot,1,0.125,03292475,2.3358570123674,1.6226396718443283,0.7132173405230715,True
huc8_05140101,distance_even,1,0.125,03292470,2.679036143578148,1.6226396718443283,1.0563964717338197,True
huc8_05140101,oracle,1,0.125,03293000,1.6226396718443283,1.6226396718443283,0.0,True
huc8_05140101,random,1,0.125,random_ensemble,2.353169691062405,1.6226396718443283,0.7305300192180766,True
huc8_05140101,simple_risk_minimax,2,0.25,03292475|03292500,2.305091624288215,1.6226396718443283,0.6824519524438866,True
huc8_05140101,greedy_mutual_information,2,0.25,03292470|03292474,2.407658151331032,1.6226396718443283,0.7850184794867034,True
huc8_05140101,qr_pivot,2,0.25,03292475|03292500,2.305091624288215,1.6226396718443283,0.6824519524438866,True
huc8_05140101,distance_even,2,0.25,03292470|03293530,2.3706604785323213,1.6226396718443283,0.748020806687993,True
huc8_05140101,oracle,2,0.25,03292500|03293000,1.6226396718443283,1.6226396718443283,0.0,True
huc8_05140101,random,2,0.25,random_ensemble,2.379116380148899,1.6226396718443283,0.7564767083045705,True
huc8_05140101,simple_risk_minimax,3,0.375,03292475|03292500|03292470,2.305091624288215,1.506143939692274,0.7989476845959409,True
huc8_05140101,greedy_mutual_information,3,0.375,03292470|03292474|03292500,2.407658151331032,1.506143939692274,0.9015142116387578,True
huc8_05140101,qr_pivot,3,0.375,03292475|03292500|03292470,2.305091624288215,1.506143939692274,0.7989476845959409,True
huc8_05140101,distance_even,3,0.375,03292470|03292500|03293530,2.3706604785323213,1.506143939692274,0.8645165388400473,True
huc8_05140101,oracle,3,0.375,03292475|03293000|03293500,1.506143939692274,1.506143939692274,0.0,True
huc8_05140101,random,3,0.375,random_ensemble,2.2886568506251055,1.506143939692274,0.7825129109328315,True
huc8_05140101,simple_risk_minimax,4,0.5,03292475|03292500|03292470|03292474,2.305091624288215,1.3263037118065988,0.9787879124816161,True
huc8_05140101,greedy_mutual_information,4,0.5,03292470|03292474|03292500|03293000,2.407658151331032,1.3263037118065988,1.081354439524433,True
huc8_05140101,qr_pivot,4,0.5,03292475|03292500|03292470|03292474,2.305091624288215,1.3263037118065988,0.9787879124816161,True
huc8_05140101,distance_even,4,0.5,03292470|03292475|03293000|03293530,2.023754476231177,1.3263037118065988,0.6974507644245782,True
huc8_05140101,oracle,4,0.5,03292475|03292500|03293000|03293500,1.3263037118065988,1.3263037118065988,0.0,True
huc8_05140101,random,4,0.5,random_ensemble,2.232363199001286,1.3263037118065988,0.9060594871946872,True
huc8_05140101,simple_risk_minimax,5,0.625,03292475|03292500|03292470|03292474|03293000,2.189525128036363,1.1952014653393872,0.9943236626969758,True
huc8_05140101,greedy_mutual_information,5,0.625,03292470|03292474|03292500|03293000|03292480,2.3543918743325296,1.1952014653393872,1.1591904089931424,True
huc8_05140101,qr_pivot,5,0.625,03292475|03292500|03292470|03292474|03293000,2.189525128036363,1.1952014653393872,0.9943236626969758,True
huc8_05140101,distance_even,5,0.625,03292470|03292475|03292500|03293000|03293530,2.023754476231177,1.1952014653393872,0.8285530108917898,True
huc8_05140101,oracle,5,0.625,03292470|03292475|03292500|03293000|03293500,1.1952014653393872,1.1952014653393872,0.0,True
huc8_05140101,random,5,0.625,random_ensemble,2.1659031374002145,1.1952014653393872,0.9707016720608272,True
huc8_05140101,simple_risk_minimax,6,0.75,03292475|03292500|03292470|03292474|03293000|03293530,2.023754476231177,0.9219234895514813,1.1018309866796958,True
huc8_05140101,greedy_mutual_information,6,0.75,03292470|03292474|03292500|03293000|03292480|03292475,2.189525128036363,0.9219234895514813,1.2676016384848818,True
huc8_05140101,qr_pivot,6,0.75,03292475|03292500|03292470|03292474|03293000|03292480,2.189525128036363,0.9219234895514813,1.2676016384848818,True
huc8_05140101,distance_even,6,0.75,03292470|03292474|03292480|03292500|03293500|03293530,2.3543918743325296,0.9219234895514813,1.4324683847810484,True
huc8_05140101,oracle,6,0.75,03292470|03292474|03292475|03292500|03293000|03293500,0.9219234895514813,0.9219234895514813,0.0,True
huc8_05140101,random,6,0.75,random_ensemble,1.9752603748313453,0.9219234895514813,1.053336885279864,True
huc8_05140101,simple_risk_minimax,7,0.875,03292475|03292500|03292470|03292474|03293000|03293530|03292480,2.023754476231177,0.9089004863346968,1.1148539898964802,True
huc8_05140101,greedy_mutual_information,7,0.875,03292470|03292474|03292500|03293000|03292480|03292475|03293500,0.9219234895514813,0.9089004863346968,0.013023003216784512,True
huc8_05140101,qr_pivot,7,0.875,03292475|03292500|03292470|03292474|03293000|03292480|03293530,2.023754476231177,0.9089004863346968,1.1148539898964802,True
huc8_05140101,distance_even,7,0.875,03292470|03292474|03292475|03292500|03293000|03293500|03293530,0.9089004863346968,0.9089004863346968,0.0,True
huc8_05140101,oracle,7,0.875,03292470|03292474|03292475|03292500|03293000|03293500|03293530,0.9089004863346968,0.9089004863346968,0.0,True
huc8_05140101,random,7,0.875,random_ensemble,1.520834968921337,0.9089004863346968,0.6119344825866402,True
huc8_05140102,simple_risk_minimax,1,0.07692307692307693,03301940,2.3320581495338772,2.0213773545099225,0.31068079502395474,True
huc8_05140102,greedy_mutual_information,1,0.07692307692307693,03293510,3.2057741417928916,2.0213773545099225,1.184396787282969,True
huc8_05140102,qr_pivot,1,0.07692307692307693,03297800,2.375484811972591,2.0213773545099225,0.3541074574626686,True
huc8_05140102,distance_even,1,0.07692307692307693,03293510,3.2057741417928916,2.0213773545099225,1.184396787282969,True
huc8_05140102,oracle,1,0.07692307692307693,03302000,2.0213773545099225,2.0213773545099225,0.0,True
huc8_05140102,random,1,0.07692307692307693,random_ensemble,2.4474159844207724,2.0213773545099225,0.42603862991084984,True
huc8_05140102,simple_risk_minimax,2,0.15384615384615385,03301940|03293510,2.3320581495338772,1.806903809133183,0.5251543404006942,True
huc8_05140102,greedy_mutual_information,2,0.15384615384615385,03293510|03297900,2.422248294098011,1.806903809133183,0.615344484964828,True
huc8_05140102,qr_pivot,2,0.15384615384615385,03297800|03293510,2.375484811972591,1.806903809133183,0.568581002839408,True
huc8_05140102,distance_even,2,0.15384615384615385,03293510|03302050,2.4092998904223117,1.806903809133183,0.6023960812891287,True
huc8_05140102,oracle,2,0.15384615384615385,03298000|03302000,1.806903809133183,1.806903809133183,0.0,True
huc8_05140102,random,2,0.15384615384615385,random_ensemble,2.308294377534635,1.806903809133183,0.5013905684014521,True
huc8_05140102,simple_risk_minimax,3,0.23076923076923078,03301940|03293510|03297800,2.3320581495338772,1.5968016328138888,0.7352565167199885,True
huc8_05140102,greedy_mutual_information,3,0.23076923076923078,03293510|03297900|03302000,2.422248294098011,1.5968016328138888,0.8254466612841223,True
huc8_05140102,qr_pivot,3,0.23076923076923078,03297800|03293510|03302000,2.277582581968867,1.5968016328138888,0.6807809491549783,True
huc8_05140102,distance_even,3,0.23076923076923078,03293510|03298200|03302050,2.495643426605705,1.5968016328138888,0.8988417937918161,True
huc8_05140102,oracle,3,0.23076923076923078,03298000|03298250|03302000,1.5968016328138888,1.5968016328138888,0.0,True
huc8_05140102,random,3,0.23076923076923078,random_ensemble,2.300662239222213,1.5968016328138888,0.7038606064083244,True
huc8_05140102,simple_risk_minimax,4,0.3076923076923077,03301940|03293510|03297800|03298250,2.3320581495338772,1.5117716598634343,0.8202864896704429,True
huc8_05140102,greedy_mutual_information,4,0.3076923076923077,03293510|03297900|03302000|03302050,2.0213773545099225,1.5117716598634343,0.5096056946464882,True
huc8_05140102,qr_pivot,4,0.3076923076923077,03297800|03293510|03302000|03297900,2.277582581968867,1.5117716598634343,0.7658109221054328,True
huc8_05140102,distance_even,4,0.3076923076923077,03293510|03298135|03301900|03302050,2.3774091944426408,1.5117716598634343,0.8656375345792064,True
huc8_05140102,oracle,4,0.3076923076923077,03298000|03298150|03298250|03302000,1.5117716598634343,1.5117716598634343,0.0,True
huc8_05140102,random,4,0.3076923076923077,random_ensemble,2.274104095851709,1.5117716598634343,0.7623324359882748,True
huc8_05140102,simple_risk_minimax,5,0.38461538461538464,03301940|03293510|03297800|03298250|03297900,2.3320581495338772,1.398138043342519,0.9339201061913582,True
huc8_05140102,greedy_mutual_information,5,0.38461538461538464,03293510|03297900|03302000|03302050|03301900,2.0213773545099225,1.398138043342519,0.6232393111674035,True
huc8_05140102,qr_pivot,5,0.38461538461538464,03297800|03293510|03302000|03297900|03301900,2.277582581968867,1.398138043342519,0.8794445386263481,True
huc8_05140102,distance_even,5,0.38461538461538464,03293510|03298000|03298200|03301940|03302050,2.3320581495338772,1.398138043342519,0.9339201061913582,True
huc8_05140102,oracle,5,0.38461538461538464,03298000|03298150|03301900|03301940|03302000,1.398138043342519,1.398138043342519,0.0,True
huc8_05140102,random,5,0.38461538461538464,random_ensemble,2.2093135610327073,1.398138043342519,0.8111755176901883,True
huc8_05140102,simple_risk_minimax,6,0.46153846153846156,03301940|03293510|03297800|03298250|03297900|03298000,2.3320581495338772,1.398138043342519,0.9339201061913582,True
huc8_05140102,greedy_mutual_information,6,0.46153846153846156,03293510|03297900|03302000|03302050|03301900|03298000,1.8845300058048673,1.398138043342519,0.4863919624623483,True
huc8_05140102,qr_pivot,6,0.46153846153846156,03297800|03293510|03302000|03297900|03301900|03298000,2.277582581968867,1.398138043342519,0.8794445386263481,True
huc8_05140102,distance_even,6,0.46153846153846156,03293510|03297900|03298150|03298250|03302000|03302050,1.9921460345443525,1.398138043342519,0.5940079912018335,True
huc8_05140102,oracle,6,0.46153846153846156,03293510|03298000|03298150|03301900|03301940|03302000,1.398138043342519,1.398138043342519,0.0,True
huc8_05140102,random,6,0.46153846153846156,random_ensemble,2.1652357103290902,1.398138043342519,0.7670976669865712,True
huc8_05140102,simple_risk_minimax,7,0.5384615384615384,03301940|03293510|03297800|03298250|03297900|03298000|03298150,2.3320581495338772,1.3311168228390136,1.0009413266948637,True
huc8_05140102,greedy_mutual_information,7,0.5384615384615384,03293510|03297900|03302000|03302050|03301900|03298000|03302030,1.9442817337015215,1.3311168228390136,0.6131649108625079,True
huc8_05140102,qr_pivot,7,0.5384615384615384,03297800|03293510|03302000|03297900|03301900|03298000|03298150,1.5117716598634343,1.3311168228390136,0.18065483702442076,True
huc8_05140102,distance_even,7,0.5384615384615384,03293510|03297900|03298135|03298200|03301900|03302000|03302050,2.24806311428402,1.3311168228390136,0.9169462914450066,True
huc8_05140102,oracle,7,0.5384615384615384,03297800|03298000|03298150|03301900|03301940|03302000|03302050,1.3311168228390136,1.3311168228390136,0.0,True
huc8_05140102,random,7,0.5384615384615384,random_ensemble,2.1496098367037213,1.3311168228390136,0.8184930138647077,True
huc8_05140102,simple_risk_minimax,8,0.6153846153846154,03301940|03293510|03297800|03298250|03297900|03298000|03298150|03302000,1.4404803428424116,1.2927474023841907,0.14773294045822083,True
huc8_05140102,greedy_mutual_information,8,0.6153846153846154,03293510|03297900|03302000|03302050|03301900|03298000|03302030|03298135,1.9442817337015215,1.2927474023841907,0.6515343313173307,True
huc8_05140102,qr_pivot,8,0.6153846153846154,03297800|03293510|03302000|03297900|03301900|03298000|03298150|03302050,1.5117716598634343,1.2927474023841907,0.2190242574792436,True
huc8_05140102,distance_even,8,0.6153846153846154,03293510|03297900|03298000|03298150|03298250|03301940|03302000|03302050,1.8845300058048673,1.2927474023841907,0.5917826034206766,True
huc8_05140102,oracle,8,0.6153846153846154,03297800|03298000|03298150|03298200|03301900|03301940|03302000|03302050,1.2927474023841907,1.2927474023841907,0.0,True
huc8_05140102,random,8,0.6153846153846154,random_ensemble,2.084652840238239,1.2927474023841907,0.7919054378540484,True
huc8_05140102,simple_risk_minimax,9,0.6923076923076923,03301940|03293510|03297800|03298250|03297900|03298000|03298150|03302000|03301900,1.4034037577542535,1.1587644953576408,0.2446392623966127,True
huc8_05140102,greedy_mutual_information,9,0.6923076923076923,03293510|03297900|03302000|03302050|03301900|03298000|03302030|03298135|03301940,1.7781953052662227,1.1587644953576408,0.6194308099085819,True
huc8_05140102,qr_pivot,9,0.6923076923076923,03297800|03293510|03302000|03297900|03301900|03298000|03298150|03302050|03298250,1.5117716598634343,1.1587644953576408,0.3530071645057935,True
huc8_05140102,distance_even,9,0.6923076923076923,03293510|03297900|03298000|03298135|03298200|03301900|03301940|03302000|03302050,1.83679994610799,1.1587644953576408,0.6780354507503492,True
huc8_05140102,oracle,9,0.6923076923076923,03297800|03298000|03298150|03298200|03301900|03301940|03302000|03302030|03302050,1.1587644953576408,1.1587644953576408,0.0,True
huc8_05140102,random,9,0.6923076923076923,random_ensemble,1.9761189222010522,1.1587644953576408,0.8173544268434114,True
huc8_05140102,simple_risk_minimax,10,0.7692307692307693,03301940|03293510|03297800|03298250|03297900|03298000|03298150|03302000|03301900|03302050,1.3311168228390136,1.150412222397726,0.18070460044128756,True
huc8_05140102,greedy_mutual_information,10,0.7692307692307693,03293510|03297900|03302000|03302050|03301900|03298000|03302030|03298135|03301940|03298200,1.7781953052662227,1.150412222397726,0.6277830828684967,True
huc8_05140102,qr_pivot,10,0.7692307692307693,03297800|03293510|03302000|03297900|03301900|03298000|03298150|03302050|03298250|03302030,1.5117716598634343,1.150412222397726,0.3613594374657083,True
huc8_05140102,distance_even,10,0.7692307692307693,03293510|03297800|03298000|03298135|03298150|03298250|03301900|03301940|03302030|03302050,2.3320581495338772,1.150412222397726,1.1816459271361512,True
huc8_05140102,oracle,10,0.7692307692307693,03293510|03297800|03298000|03298150|03298200|03301900|03301940|03302000|03302030|03302050,1.150412222397726,1.150412222397726,0.0,True
huc8_05140102,random,10,0.7692307692307693,random_ensemble,1.8612757181154962,1.150412222397726,0.7108634957177702,True
huc8_05140102,simple_risk_minimax,11,0.8461538461538461,03301940|03293510|03297800|03298250|03297900|03298000|03298150|03302000|03301900|03302050|03302030,1.3311168228390136,0.9528623043913053,0.3782545184477083,True
huc8_05140102,greedy_mutual_information,11,0.8461538461538461,03293510|03297900|03302000|03302050|03301900|03298000|03302030|03298135|03301940|03298200|03298150,1.3777539393192693,0.9528623043913053,0.424891634927964,True
huc8_05140102,qr_pivot,11,0.8461538461538461,03297800|03293510|03302000|03297900|03301900|03298000|03298150|03302050|03298250|03302030|03301940,1.3311168228390136,0.9528623043913053,0.3782545184477083,True
huc8_05140102,distance_even,11,0.8461538461538461,03293510|03297800|03297900|03298135|03298150|03298200|03298250|03301900|03302000|03302030|03302050,2.025841589769644,0.9528623043913053,1.0729792853783389,True
huc8_05140102,oracle,11,0.8461538461538461,03293510|03297800|03297900|03298000|03298150|03298200|03301900|03301940|03302000|03302030|03302050,0.9528623043913053,0.9528623043913053,0.0,True
huc8_05140102,random,11,0.8461538461538461,random_ensemble,1.6963370010460057,0.9528623043913053,0.7434746966547005,True
huc8_05140102,simple_risk_minimax,12,0.9230769230769231,03301940|03293510|03297800|03298250|03297900|03298000|03298150|03302000|03301900|03302050|03302030|03298200,0.9528623043913053,0.9252071406937212,0.02765516369758403,True
huc8_05140102,greedy_mutual_information,12,0.9230769230769231,03293510|03297900|03302000|03302050|03301900|03298000|03302030|03298135|03301940|03298200|03298150|03297800,0.9252071406937212,0.9252071406937212,0.0,True
huc8_05140102,qr_pivot,12,0.9230769230769231,03297800|03293510|03302000|03297900|03301900|03298000|03298150|03302050|03298250|03302030|03301940|03298200,0.9528623043913053,0.9252071406937212,0.02765516369758403,True
huc8_05140102,distance_even,12,0.9230769230769231,03293510|03297800|03297900|03298000|03298135|03298150|03298250|03301900|03301940|03302000|03302030|03302050,1.4868273187302141,0.9252071406937212,0.5616201780364929,True
huc8_05140102,oracle,12,0.9230769230769231,03293510|03297800|03297900|03298000|03298135|03298150|03298200|03301900|03301940|03302000|03302030|03302050,0.9252071406937212,0.9252071406937212,0.0,True
huc8_05140102,random,12,0.9230769230769231,random_ensemble,1.4264197321033365,0.9252071406937212,0.5012125914096153,True
