network_id,target_station,donor_station,gap_length,realized_mae,n_placements
huc8_01090001,01104370,01104410,90,2.2345231586052416,20
huc8_01090001,01104370,01104415,90,2.029845097922616,20
huc8_01090001,01104370,01104420,90,2.2278083985592696,20
huc8_01090001,01104370,01104430,90,2.255993933212726,20
huc8_01090001,01104370,01104453,90,2.260821704882699,20
huc8_01090001,01104370,01104455,90,2.2768797363746844,20
huc8_01090001,01104370,01104460,90,1.4011883012542912,20
huc8_01090001,01104370,01104475,90,1.4111505164570923,20
huc8_01090001,01104415,01104370,90,1.7519544407848173,20
huc8_01090001,01104415,01104410,90,1.7487359510101785,20
huc8_01090001,01104415,01104420,90,1.7494546908590611,20
huc8_01090001,01104415,01104430,90,1.7660468855211238,20
huc8_01090001,01104415,01104453,90,1.8116543766250544,20
huc8_01090001,01104415,01104455,90,1.7492109662168662,20
huc8_01090001,01104415,01104460,90,1.5059837383688792,20
huc8_01090001,01104415,01104475,90,1.493357753920534,20
huc8_01090001,01104420,01104370,90,1.0513493228840338,20
huc8_01090001,01104420,01104410,90,2.0413753652473146,20
huc8_01090001,01104420,01104415,90,2.0181337504811787,20
huc8_01090001,01104420,01104430,90,2.0222963730519115,20
huc8_01090001,01104420,01104453,90,2.0800255776739975,20
huc8_01090001,01104420,01104455,90,2.129234648132589,20
huc8_01090001,01104420,01104460,90,1.2701071636854493,20
huc8_01090001,01104420,01104475,90,1.465387342572826,20
huc8_01090001,01104430,01104370,90,1.6482047645421023,20
huc8_01090001,01104430,01104410,90,1.6417914422658122,20
huc8_01090001,01104430,01104415,90,1.6543913337792735,20
huc8_01090001,01104430,01104420,90,1.6383661886837664,20
huc8_01090001,01104430,01104453,90,1.6704575550403458,20
huc8_01090001,01104430,01104455,90,1.6526382134507887,20
huc8_01090001,01104430,01104460,90,1.6351578696420042,20
huc8_01090001,01104430,01104475,90,1.6505684319307747,20
huc8_01090001,01104455,01104370,90,1.2380540513604241,20
huc8_01090001,01104455,01104410,90,1.2281050237375086,20
huc8_01090001,01104455,01104415,90,1.2374158600460494,20
huc8_01090001,01104455,01104420,90,1.2225398379278936,20
huc8_01090001,01104455,01104430,90,1.2635949775642272,20
huc8_01090001,01104455,01104453,90,1.263793325030413,20
huc8_01090001,01104455,01104460,90,1.21862018272021,20
huc8_01090001,01104455,01104475,90,1.2310469521080944,20
huc8_01090001,01104460,01104370,90,2.1909655269995563,20
huc8_01090001,01104460,01104410,90,2.2076420162834003,20
huc8_01090001,01104460,01104415,90,2.165427766522894,20
huc8_01090001,01104460,01104420,90,2.2064765152568704,20
huc8_01090001,01104460,01104430,90,2.19146544909829,20
huc8_01090001,01104460,01104453,90,2.226418127811321,20
huc8_01090001,01104460,01104455,90,2.2138172081248686,20
huc8_01090001,01104460,01104475,90,2.1438966973019102,20
huc8_01090001,01104475,01104370,90,1.919311604497145,20
huc8_01090001,01104475,01104410,90,1.9215985420560944,20
huc8_01090001,01104475,01104415,90,1.7639357875407424,20
huc8_01090001,01104475,01104420,90,1.9252594349353032,20
huc8_01090001,01104475,01104430,90,1.9403549543122398,20
huc8_01090001,01104475,01104453,90,1.9511865103086223,20
huc8_01090001,01104475,01104455,90,1.9291306228683571,20
huc8_01090001,01104475,01104460,90,1.7463017568057981,20
huc8_01090004,01115098,01115110,90,2.079382743623529,20
huc8_01090004,01115098,01115170,90,2.1728135437360114,20
huc8_01090004,01115098,01115183,90,1.9750896389853108,20
huc8_01090004,01115098,01115184,90,2.178982764185066,20
huc8_01090004,01115098,01115190,90,2.006847412236172,20
huc8_01090004,01115098,01115265,90,2.0304979474671443,20
huc8_01090004,01115098,01115275,90,2.0115046623537935,20
huc8_01090004,01115098,01115276,90,2.182186054659443,20
huc8_01090004,01115110,01115098,90,1.8600686921632767,20
huc8_01090004,01115110,01115170,90,1.994253467972161,20
huc8_01090004,01115110,01115183,90,1.1026186655727233,20
huc8_01090004,01115110,01115184,90,1.9512286737272206,20
huc8_01090004,01115110,01115190,90,1.4193867176312798,20
huc8_01090004,01115110,01115265,90,1.6603635349777168,20
huc8_01090004,01115110,01115275,90,1.2424348209580003,20
huc8_01090004,01115110,01115276,90,1.9631537263485168,20
huc8_01090004,01115170,01115098,90,1.5115223382092573,20
huc8_01090004,01115170,01115110,90,1.4654804833499353,20
huc8_01090004,01115170,01115183,90,1.378628862875631,20
huc8_01090004,01115170,01115184,90,1.6068714290703414,20
huc8_01090004,01115170,01115190,90,1.357731675625867,20
huc8_01090004,01115170,01115265,90,1.4142465432034854,20
huc8_01090004,01115170,01115275,90,1.359815133803033,20
huc8_01090004,01115170,01115276,90,1.602077496079803,20
huc8_01090004,01115183,01115098,90,2.134708317453089,20
huc8_01090004,01115183,01115110,90,1.9172171617391083,20
huc8_01090004,01115183,01115170,90,2.2239247404220253,20
huc8_01090004,01115183,01115184,90,2.210346835876109,20
huc8_01090004,01115183,01115190,90,1.5698017413285732,20
huc8_01090004,01115183,01115265,90,1.9259562318501082,20
huc8_01090004,01115183,01115275,90,1.6348123019800103,20
huc8_01090004,01115183,01115276,90,2.216752260923185,20
huc8_01090004,01115184,01115098,90,1.504560510251837,20
huc8_01090004,01115184,01115110,90,1.3804932795965872,20
huc8_01090004,01115184,01115170,90,1.734706456997453,20
huc8_01090004,01115184,01115183,90,1.1143898292555325,20
huc8_01090004,01115184,01115190,90,1.3946335282791196,20
huc8_01090004,01115184,01115265,90,1.1340331331698017,20
huc8_01090004,01115184,01115275,90,1.3150243048881232,20
huc8_01090004,01115184,01115276,90,1.2125132581285283,20
huc8_01090004,01115190,01115098,90,2.1280279702625244,20
huc8_01090004,01115190,01115110,90,1.9408521149238982,20
huc8_01090004,01115190,01115170,90,2.2141540742019936,20
huc8_01090004,01115190,01115183,90,1.2529560130042101,20
huc8_01090004,01115190,01115184,90,2.238736118170887,20
huc8_01090004,01115190,01115265,90,1.8939588100420117,20
huc8_01090004,01115190,01115275,90,1.6455226018728588,20
huc8_01090004,01115190,01115276,90,2.239974422730851,20
huc8_01090004,01115265,01115098,90,2.186739231843646,20
huc8_01090004,01115265,01115110,90,2.1017395669040546,20
huc8_01090004,01115265,01115170,90,2.274308282365098,20
huc8_01090004,01115265,01115183,90,1.725794992321104,20
huc8_01090004,01115265,01115184,90,2.280741436663915,20
huc8_01090004,01115265,01115190,90,1.8749873449125467,20
huc8_01090004,01115265,01115275,90,1.9262807497275645,20
huc8_01090004,01115265,01115276,90,2.2853136238253207,20
huc8_01090004,01115276,01115098,90,1.9363849816072807,20
huc8_01090004,01115276,01115110,90,1.776990278793594,20
huc8_01090004,01115276,01115170,90,2.08976230047744,20
huc8_01090004,01115276,01115183,90,1.6568163132585614,20
huc8_01090004,01115276,01115184,90,1.619004212643847,20
huc8_01090004,01115276,01115190,90,1.774672741095058,20
huc8_01090004,01115276,01115265,90,1.6545458870221044,20
huc8_01090004,01115276,01115275,90,1.61499744776021,20
huc8_02040205,01480065,01478137,90,2.094350354515114,12
huc8_02040205,01480065,01480400,90,1.9765712646192952,20
huc8_02040205,01480065,01480500,90,1.3441878312709372,20
huc8_02040205,01480065,01480617,90,1.8345253841362408,20
huc8_02040205,01480065,01480870,90,1.843974264764438,20
huc8_02040205,01480065,01481000,90,1.8048883058176564,20
huc8_02040205,01480065,01481500,90,1.089376790003684,20
huc8_02040205,01480400,01478137,90,1.918984915099063,12
huc8_02040205,01480400,01480065,90,2.119090948142818,20
huc8_02040205,01480400,01480500,90,2.0296906563409287,20
huc8_02040205,01480400,01480617,90,2.0354509464193047,20
huc8_02040205,01480400,01480870,90,2.0181659070301405,20
huc8_02040205,01480400,01481000,90,2.046785937431625,20
huc8_02040205,01480400,01481500,90,2.1132481805141072,20
huc8_02040205,01480500,01478137,90,2.2938707490835077,12
huc8_02040205,01480500,01480065,90,2.21997871915298,20
huc8_02040205,01480500,01480400,90,2.2356834187027106,20
huc8_02040205,01480500,01480617,90,1.9746872424854882,20
huc8_02040205,01480500,01480870,90,1.9706709563211624,20
huc8_02040205,01480500,01481000,90,1.988135527742519,20
huc8_02040205,01480500,01481500,90,2.199534315949662,20
huc8_02040205,01480617,01478137,90,1.5366559593549052,12
huc8_02040205,01480617,01480065,90,1.7499149276640504,20
huc8_02040205,01480617,01480400,90,1.7358036635784324,20
huc8_02040205,01480617,01480500,90,1.5806120576311624,20
huc8_02040205,01480617,01480870,90,1.4395194525037747,20
huc8_02040205,01480617,01481000,90,1.365090072517188,20
huc8_02040205,01480617,01481500,90,1.7295062279059308,20
huc8_02040205,01480870,01478137,90,1.6169322355353364,12
huc8_02040205,01480870,01480065,90,1.6738728538459444,20
huc8_02040205,01480870,01480400,90,1.6943349798107188,20
huc8_02040205,01480870,01480500,90,1.5984481651059972,20
huc8_02040205,01480870,01480617,90,1.506206300460375,20
huc8_02040205,01480870,01481000,90,1.0722950948740109,20
huc8_02040205,01480870,01481500,90,1.6532190652568146,20
huc8_02040205,01481000,01478137,90,1.8893398578450988,12
huc8_02040205,01481000,01480065,90,2.0198520028608007,20
huc8_02040205,01481000,01480400,90,2.0367537348579123,20
huc8_02040205,01481000,01480500,90,1.9058837526470858,20
huc8_02040205,01481000,01480617,90,1.8429421769440648,20
huc8_02040205,01481000,01480870,90,1.7658600493189787,20
huc8_02040205,01481000,01481500,90,1.9931008496640388,20
huc8_02040205,01481500,01478137,90,2.588708318630176,12
huc8_02040205,01481500,01480065,90,1.79127162794287,20
huc8_02040205,01481500,01480400,90,2.35199224909337,20
huc8_02040205,01481500,01480500,90,1.4493170160629287,20
huc8_02040205,01481500,01480617,90,2.1249287654295026,20
huc8_02040205,01481500,01480870,90,2.1154069074892425,20
huc8_02040205,01481500,01481000,90,2.096130508861247,20
huc8_03070103,02203655,02203603,90,2.1950875394156304,20
huc8_03070103,02203655,02203831,90,2.330066030974338,20
huc8_03070103,02203655,02203863,90,2.3172381922867737,20
huc8_03070103,02203655,02203873,90,2.3144856284889057,20
huc8_03070103,02203655,02203900,90,2.329364915086734,20
huc8_03070103,02203655,02203950,90,2.3195460177709015,20
huc8_03070103,02203655,02203960,90,2.327514146574969,20
huc8_03070103,02203655,02204037,90,2.3212150439072157,20
huc8_03070103,02203655,02205865,90,2.3115132794910718,20
huc8_03070103,02203655,02207120,90,1.335805241373281,20
huc8_03070103,02203655,02207135,90,2.322091673530818,20
huc8_03070103,02203655,02207160,90,2.373363154648705,20
huc8_03070103,02203655,02207185,90,1.14155048545955,20
huc8_03070103,02203655,02207385,90,1.4440318769823608,20
huc8_03070103,02203655,02207400,90,1.1253008339412882,20
huc8_03070103,02203655,02208150,90,1.710722861888539,20
huc8_03070103,02203655,02208450,90,2.3555108072240762,20
huc8_03070103,02203655,02208493,90,2.3651801031675985,20
huc8_03070103,02203831,02203603,90,1.4711468603654527,20
huc8_03070103,02203831,02203655,90,1.5223215833885253,20
huc8_03070103,02203831,02203863,90,1.0406918203527011,20
huc8_03070103,02203831,02203873,90,1.7856448400302334,20
huc8_03070103,02203831,02203900,90,1.6161020547800409,20
huc8_03070103,02203831,02203950,90,0.8626171923196132,20
huc8_03070103,02203831,02203960,90,1.657905349663875,20
huc8_03070103,02203831,02204037,90,1.2348175394556211,20
huc8_03070103,02203831,02205865,90,0.8318237834431661,20
huc8_03070103,02203831,02207120,90,1.740470274469999,20
huc8_03070103,02203831,02207135,90,1.7556665402910572,20
huc8_03070103,02203831,02207160,90,2.186504824151632,20
huc8_03070103,02203831,02207185,90,1.3211432676096373,20
huc8_03070103,02203831,02207385,90,1.244054747700313,20
huc8_03070103,02203831,02207400,90,1.5552729262936027,20
huc8_03070103,02203831,02208150,90,1.3734260568312735,20
huc8_03070103,02203831,02208450,90,2.149601092492373,20
huc8_03070103,02203831,02208493,90,2.150055948673074,20
huc8_03070103,02203863,02203603,90,1.4816486399524122,20
huc8_03070103,02203863,02203655,90,1.6777148880517458,20
huc8_03070103,02203863,02203831,90,2.2280439050643897,20
huc8_03070103,02203863,02203873,90,2.2553879591150983,20
huc8_03070103,02203863,02203900,90,1.6025621631751061,20
huc8_03070103,02203863,02203950,90,0.5556632249832275,20
huc8_03070103,02203863,02203960,90,2.1513845398765437,20
huc8_03070103,02203863,02204037,90,2.0874655043880277,20
huc8_03070103,02203863,02205865,90,0.6040478184772382,20
huc8_03070103,02203863,02207120,90,1.6202421745581996,20
huc8_03070103,02203863,02207135,90,2.2645841064316943,20
huc8_03070103,02203863,02207160,90,2.438055155924887,20
huc8_03070103,02203863,02207185,90,1.4091754139391612,20
huc8_03070103,02203863,02207385,90,1.403787189492499,20
huc8_03070103,02203863,02207400,90,1.6459367637316742,20
huc8_03070103,02203863,02208150,90,1.5949568335987614,20
huc8_03070103,02203863,02208450,90,2.3985207670321387,20
huc8_03070103,02203863,02208493,90,2.4130528570025134,20
huc8_03070103,02203873,02203603,90,1.3132285590658495,20
huc8_03070103,02203873,02203655,90,1.3734616575872347,20
huc8_03070103,02203873,02203831,90,0.592596872159012,20
huc8_03070103,02203873,02203863,90,0.8044548995403107,20
huc8_03070103,02203873,02203900,90,1.4112184676180504,20
huc8_03070103,02203873,02203950,90,0.615095043763197,20
huc8_03070103,02203873,02203960,90,1.4921013214576624,20
huc8_03070103,02203873,02204037,90,1.0544305522563227,20
huc8_03070103,02203873,02205865,90,0.5323375909994067,20
huc8_03070103,02203873,02207120,90,1.3582797099383428,20
huc8_03070103,02203873,02207135,90,0.4065286470927257,20
huc8_03070103,02203873,02207160,90,2.390597109634238,20
huc8_03070103,02203873,02207185,90,1.2667780077318347,20
huc8_03070103,02203873,02207385,90,1.0476841090929798,20
huc8_03070103,02203873,02207400,90,1.491887401639366,20
huc8_03070103,02203873,02208150,90,1.0674992757428223,20
huc8_03070103,02203873,02208450,90,2.268532251099649,20
huc8_03070103,02203873,02208493,90,2.3003158031049944,20
huc8_03070103,02203900,02203603,90,1.4036050573539156,20
huc8_03070103,02203900,02203655,90,1.5376658864639114,20
huc8_03070103,02203900,02203831,90,2.2535820067911674,20
huc8_03070103,02203900,02203863,90,0.9221872094914991,20
huc8_03070103,02203900,02203873,90,2.2438616806625804,20
huc8_03070103,02203900,02203950,90,0.582982776817097,20
huc8_03070103,02203900,02203960,90,2.091169140851865,20
huc8_03070103,02203900,02204037,90,1.9693613310177227,20
huc8_03070103,02203900,02205865,90,0.5419893676729417,20
huc8_03070103,02203900,02207120,90,1.1615765359397616,20
huc8_03070103,02203900,02207135,90,2.251203202872289,20
huc8_03070103,02203900,02207160,90,2.508074570072074,20
huc8_03070103,02203900,02207185,90,1.2971281910744827,20
huc8_03070103,02203900,02207385,90,1.281025623227221,20
huc8_03070103,02203900,02207400,90,1.5074429325005503,20
huc8_03070103,02203900,02208150,90,1.367673751931306,20
huc8_03070103,02203900,02208450,90,2.42164384367502,20
huc8_03070103,02203900,02208493,90,2.4531927800728175,20
huc8_03070103,02203950,02203603,90,1.6411751084781887,20
huc8_03070103,02203950,02203655,90,1.8301582237524863,20
huc8_03070103,02203950,02203831,90,2.363196380414379,20
huc8_03070103,02203950,02203863,90,1.1048231319389328,20
huc8_03070103,02203950,02203873,90,2.382716396854858,20
huc8_03070103,02203950,02203900,90,1.7327632523237537,20
huc8_03070103,02203950,02203960,90,2.280099735129043,20
huc8_03070103,02203950,02204037,90,2.2243216276377,20
huc8_03070103,02203950,02205865,90,0.6027051480321218,20
huc8_03070103,02203950,02207120,90,1.6992298629573235,20
huc8_03070103,02203950,02207135,90,2.3931880053461936,20
huc8_03070103,02203950,02207160,90,2.5540851235133983,20
huc8_03070103,02203950,02207185,90,1.605877362587642,20
huc8_03070103,02203950,02207385,90,1.5859254159893852,20
huc8_03070103,02203950,02207400,90,1.801820460477428,20
huc8_03070103,02203950,02208150,90,1.7531392256895895,20
huc8_03070103,02203950,02208450,90,2.5096604766940422,20
huc8_03070103,02203950,02208493,90,2.520641143941757,20
huc8_03070103,02203960,02203603,90,1.1353609317523972,20
huc8_03070103,02203960,02203655,90,1.3057762577942036,20
huc8_03070103,02203960,02203831,90,1.8392152994989233,20
huc8_03070103,02203960,02203863,90,0.6835197087206655,20
huc8_03070103,02203960,02203873,90,1.8953681835575715,20
huc8_03070103,02203960,02203900,90,1.079726753560842,20
huc8_03070103,02203960,02203950,90,0.43003221076618586,20
huc8_03070103,02203960,02204037,90,0.810528191772768,20
huc8_03070103,02203960,02205865,90,0.3647791670861972,20
huc8_03070103,02203960,02207120,90,0.9428570443832756,20
huc8_03070103,02203960,02207135,90,1.889502773599898,20
huc8_03070103,02203960,02207160,90,2.370269412614575,20
huc8_03070103,02203960,02207185,90,1.00671180221305,20
huc8_03070103,02203960,02207385,90,0.9290451468957318,20
huc8_03070103,02203960,02207400,90,1.1969014736312409,20
huc8_03070103,02203960,02208150,90,1.1518170216568526,20
huc8_03070103,02203960,02208450,90,2.2582997087242154,20
huc8_03070103,02203960,02208493,90,2.2942699497125476,20
huc8_03070103,02204037,02203603,90,1.561951527536006,20
huc8_03070103,02204037,02203655,90,1.6649288506999191,20
huc8_03070103,02204037,02203831,90,2.0956809800582623,20
huc8_03070103,02204037,02203863,90,1.085265036350738,20
huc8_03070103,02204037,02203873,90,2.1493343585813856,20
huc8_03070103,02204037,02203900,90,1.4748031950436078,20
huc8_03070103,02204037,02203950,90,0.871220001142907,20
huc8_03070103,02204037,02203960,90,1.6417653293351893,20
huc8_03070103,02204037,02205865,90,0.6030863739180348,20
huc8_03070103,02204037,02207120,90,1.420406852506535,20
huc8_03070103,02204037,02207135,90,2.1595160404516758,20
huc8_03070103,02204037,02207160,90,2.421738447294072,20
huc8_03070103,02204037,02207185,90,1.4186416769124852,20
huc8_03070103,02204037,02207385,90,1.354274899392143,20
huc8_03070103,02204037,02207400,90,1.5910077445645827,20
huc8_03070103,02204037,02208150,90,1.552890220673348,20
huc8_03070103,02204037,02208450,90,2.3506971844749076,20
huc8_03070103,02204037,02208493,90,2.383053571428186,20
huc8_03070103,02205865,02203603,90,1.811167662280294,20
huc8_03070103,02205865,02203655,90,1.8463250185771571,20
huc8_03070103,02205865,02203831,90,2.414667283091084,20
huc8_03070103,02205865,02203863,90,2.3916957754631096,20
huc8_03070103,02205865,02203873,90,2.4101546296846377,20
huc8_03070103,02205865,02203900,90,2.4044574772272136,20
huc8_03070103,02205865,02203950,90,2.3912086396178163,20
huc8_03070103,02205865,02203960,90,2.409895335440213,20
huc8_03070103,02205865,02204037,90,2.4040183501916927,20
huc8_03070103,02205865,02207120,90,1.6999231574508618,20
huc8_03070103,02205865,02207135,90,2.417087770877912,20
huc8_03070103,02205865,02207160,90,2.464207648939521,20
huc8_03070103,02205865,02207185,90,1.6348031886062722,20
huc8_03070103,02205865,02207385,90,1.6933455813226128,20
huc8_03070103,02205865,02207400,90,1.7309886538169863,20
huc8_03070103,02205865,02208150,90,1.7141911936632632,20
huc8_03070103,02205865,02208450,90,2.4489654455864476,20
huc8_03070103,02205865,02208493,90,2.4539657860481325,20
huc8_03070103,02207120,02203603,90,2.0814177504245963,20
huc8_03070103,02207120,02203655,90,1.935403723980831,20
huc8_03070103,02207120,02203831,90,2.1674104215616525,20
huc8_03070103,02207120,02203863,90,2.1627437920838686,20
huc8_03070103,02207120,02203873,90,2.1571883159470024,20
huc8_03070103,02207120,02203900,90,2.164763341480267,20
huc8_03070103,02207120,02203950,90,2.1612705244331716,20
huc8_03070103,02207120,02203960,90,2.1646603087793004,20
huc8_03070103,02207120,02204037,90,2.1605741339272955,20
huc8_03070103,02207120,02205865,90,2.1434119029889946,20
huc8_03070103,02207120,02207135,90,2.160837063480955,20
huc8_03070103,02207120,02207160,90,2.1945435664474813,20
huc8_03070103,02207120,02207185,90,1.508950099566325,20
huc8_03070103,02207120,02207385,90,1.5915604610883733,20
huc8_03070103,02207120,02207400,90,1.4267012291742232,20
huc8_03070103,02207120,02208150,90,1.6832957703024807,20
huc8_03070103,02207120,02208450,90,2.1680349250872446,20
huc8_03070103,02207120,02208493,90,2.181073036118087,20
huc8_03070103,02207135,02203603,90,1.6531781169521793,20
huc8_03070103,02207135,02203655,90,1.6897414069863597,20
huc8_03070103,02207135,02203831,90,1.0036474314012631,20
huc8_03070103,02207135,02203863,90,1.2477296892286855,20
huc8_03070103,02207135,02203873,90,1.291145129634733,20
huc8_03070103,02207135,02203900,90,1.7748478303790733,20
huc8_03070103,02207135,02203950,90,0.9802103534584166,20
huc8_03070103,02207135,02203960,90,1.819944370192815,20
huc8_03070103,02207135,02204037,90,1.5211006326868521,20
huc8_03070103,02207135,02205865,90,0.5534119563832052,20
huc8_03070103,02207135,02207120,90,1.7366010301531811,20
huc8_03070103,02207135,02207160,90,2.3746351779411894,20
huc8_03070103,02207135,02207185,90,1.681558864851659,20
huc8_03070103,02207135,02207385,90,1.5174093838139449,20
huc8_03070103,02207135,02207400,90,1.798394794553009,20
huc8_03070103,02207135,02208150,90,1.4862715995127742,20
huc8_03070103,02207135,02208450,90,2.3254436724508922,20
huc8_03070103,02207135,02208493,90,2.3312649535136325,20
huc8_03070103,02207160,02203603,90,1.5609174438434539,20
huc8_03070103,02207160,02203655,90,1.6690112558116734,20
huc8_03070103,02207160,02203831,90,1.4874616933848492,20
huc8_03070103,02207160,02203863,90,1.589501147538271,20
huc8_03070103,02207160,02203873,90,1.5395418319931866,20
huc8_03070103,02207160,02203900,90,1.4652056517761358,20
huc8_03070103,02207160,02203950,90,1.375936233727954,20
huc8_03070103,02207160,02203960,90,1.5469993855825592,20
huc8_03070103,02207160,02204037,90,1.4281034106572599,20
huc8_03070103,02207160,02205865,90,1.1856882547386802,20
huc8_03070103,02207160,02207120,90,1.343053003071614,20
huc8_03070103,02207160,02207135,90,1.3609680784169549,20
huc8_03070103,02207160,02207185,90,1.278974466431268,20
huc8_03070103,02207160,02207385,90,1.395937476735812,20
huc8_03070103,02207160,02207400,90,1.52419360294487,20
huc8_03070103,02207160,02208150,90,1.4399295919122057,20
huc8_03070103,02207160,02208450,90,1.4365324665860628,20
huc8_03070103,02207160,02208493,90,1.4411974236516616,20
huc8_03070103,02207185,02203603,90,2.3156037890768078,20
huc8_03070103,02207185,02203655,90,2.180771390180631,20
huc8_03070103,02207185,02203831,90,2.3678710920228445,20
huc8_03070103,02207185,02203863,90,2.3683963033350017,20
huc8_03070103,02207185,02203873,90,2.3607998086999893,20
huc8_03070103,02207185,02203900,90,2.378120038918593,20
huc8_03070103,02207185,02203950,90,2.3703144993782064,20
huc8_03070103,02207185,02203960,90,2.3729846436635844,20
huc8_03070103,02207185,02204037,90,2.3686728463847313,20
huc8_03070103,02207185,02205865,90,2.363083728886255,20
huc8_03070103,02207185,02207120,90,1.956211714133855,20
huc8_03070103,02207185,02207135,90,2.365256951505584,20
huc8_03070103,02207185,02207160,90,2.413801798521913,20
huc8_03070103,02207185,02207385,90,1.6878515068923403,20
huc8_03070103,02207185,02207400,90,1.2085436255186315,20
huc8_03070103,02207185,02208150,90,1.8959396380361824,20
huc8_03070103,02207185,02208450,90,2.39972999630635,20
huc8_03070103,02207185,02208493,90,2.4064553857135857,20
huc8_03070103,02207385,02203603,90,1.9754568192035535,20
huc8_03070103,02207385,02203655,90,1.7532960925715835,20
huc8_03070103,02207385,02203831,90,2.067194183042162,20
huc8_03070103,02207385,02203863,90,2.0621503135920247,20
huc8_03070103,02207385,02203873,90,2.063100999264141,20
huc8_03070103,02207385,02203900,90,2.0734920149467246,20
huc8_03070103,02207385,02203950,90,2.063695452775798,20
huc8_03070103,02207385,02203960,90,2.0717547859622507,20
huc8_03070103,02207385,02204037,90,2.067511393530028,20
huc8_03070103,02207385,02205865,90,2.0510936692582815,20
huc8_03070103,02207385,02207120,90,1.3788278129218345,20
huc8_03070103,02207385,02207135,90,2.0611225404246207,20
huc8_03070103,02207385,02207160,90,2.114552475783958,20
huc8_03070103,02207385,02207185,90,0.9091179570073307,20
huc8_03070103,02207385,02207400,90,0.7290444727172816,20
huc8_03070103,02207385,02208150,90,1.4014308742475272,20
huc8_03070103,02207385,02208450,90,2.083348375684139,20
huc8_03070103,02207385,02208493,90,2.095219818094479,20
huc8_03070103,02207400,02203603,90,2.1617873729136923,20
huc8_03070103,02207400,02203655,90,2.032571396788751,20
huc8_03070103,02207400,02203831,90,2.1959661151482317,20
huc8_03070103,02207400,02203863,90,2.1978988046783163,20
huc8_03070103,02207400,02203873,90,2.1851321922133495,20
huc8_03070103,02207400,02203900,90,2.207562127094422,20
huc8_03070103,02207400,02203950,90,2.1995959354006236,20
huc8_03070103,02207400,02203960,90,2.2005371112986647,20
huc8_03070103,02207400,02204037,90,2.1957260374258873,20
huc8_03070103,02207400,02205865,90,2.205589875528286,20
huc8_03070103,02207400,02207120,90,1.8499314898802581,20
huc8_03070103,02207400,02207135,90,2.1911190923250254,20
huc8_03070103,02207400,02207160,90,2.230604885468538,20
huc8_03070103,02207400,02207185,90,1.3078570512197278,20
huc8_03070103,02207400,02207385,90,1.6164803830174292,20
huc8_03070103,02207400,02208150,90,1.8103599832523767,20
huc8_03070103,02207400,02208450,90,2.207627213287516,20
huc8_03070103,02207400,02208493,90,2.221017890521911,20
huc8_03070103,02208150,02203603,90,2.1270922138762742,20
huc8_03070103,02208150,02203655,90,1.9247159466734511,20
huc8_03070103,02208150,02203831,90,2.222085045589659,20
huc8_03070103,02208150,02203863,90,2.1966245638572324,20
huc8_03070103,02208150,02203873,90,2.2075464589262035,20
huc8_03070103,02208150,02203900,90,2.206792251437395,20
huc8_03070103,02208150,02203950,90,2.198039754371693,20
huc8_03070103,02208150,02203960,90,2.2047430549706677,20
huc8_03070103,02208150,02204037,90,2.1967506882074583,20
huc8_03070103,02208150,02205865,90,2.1928255467641096,20
huc8_03070103,02208150,02207120,90,1.4790132762489585,20
huc8_03070103,02208150,02207135,90,2.2137663381222223,20
huc8_03070103,02208150,02207160,90,2.276125704277548,20
huc8_03070103,02208150,02207185,90,1.1221622079252644,20
huc8_03070103,02208150,02207385,90,1.3128942287067316,20
huc8_03070103,02208150,02207400,90,1.0192581757758299,20
huc8_03070103,02208150,02208450,90,2.24057927657362,20
huc8_03070103,02208150,02208493,90,2.2538967274614206,20
huc8_03070103,02208450,02203603,90,1.9850745922092425,20
huc8_03070103,02208450,02203655,90,1.879848043919423,20
huc8_03070103,02208450,02203831,90,1.7399830699939396,20
huc8_03070103,02208450,02203863,90,1.7514673184597735,20
huc8_03070103,02208450,02203873,90,1.6685060523758826,20
huc8_03070103,02208450,02203900,90,1.6711595476498637,20
huc8_03070103,02208450,02203950,90,1.5100400385989958,20
huc8_03070103,02208450,02203960,90,1.849742014188811,20
huc8_03070103,02208450,02204037,90,1.6302998629767362,20
huc8_03070103,02208450,02205865,90,1.0553248751696755,20
huc8_03070103,02208450,02207120,90,1.5629981424247064,20
huc8_03070103,02208450,02207135,90,1.4386186308783728,20
huc8_03070103,02208450,02207160,90,2.468685970974628,20
huc8_03070103,02208450,02207185,90,1.6959817086772841,20
huc8_03070103,02208450,02207385,90,1.8424339542621166,20
huc8_03070103,02208450,02207400,90,1.9999049043533117,20
huc8_03070103,02208450,02208150,90,1.6622682700435536,20
huc8_03070103,02208450,02208493,90,1.844789476356954,20
huc8_03070103,02208493,02203603,90,1.555506093009463,20
huc8_03070103,02208493,02203655,90,1.589017194816472,20
huc8_03070103,02208493,02203831,90,1.383601542694855,20
huc8_03070103,02208493,02203863,90,1.4350378824983554,20
huc8_03070103,02208493,02203873,90,1.4358317077124907,20
huc8_03070103,02208493,02203900,90,1.5051875437234343,20
huc8_03070103,02208493,02203950,90,1.377574912483628,20
huc8_03070103,02208493,02203960,90,1.5173473869985743,20
huc8_03070103,02208493,02204037,90,1.4413989834412342,20
huc8_03070103,02208493,02205865,90,1.2651350955614762,20
huc8_03070103,02208493,02207120,90,1.5852287016219848,20
huc8_03070103,02208493,02207135,90,1.3589755467652005,20
huc8_03070103,02208493,02207160,90,1.9247653477068325,20
huc8_03070103,02208493,02207185,90,1.370410960226804,20
huc8_03070103,02208493,02207385,90,1.5179429523659491,20
huc8_03070103,02208493,02207400,90,1.5863131757768625,20
huc8_03070103,02208493,02208150,90,1.4839593144607748,20
huc8_03070103,02208493,02208450,90,1.5450960776125846,20
huc8_03080103,022462002,02244040,90,2.7482240160595888,20
huc8_03080103,022462002,02245340,90,3.1124631100325013,20
huc8_03080103,022462002,02246459,90,2.6291790233816323,20
huc8_03080103,022462002,02246518,90,2.5009572478527518,20
huc8_03080103,022462002,02246751,90,1.9719518800899896,20
huc8_03080103,022462002,02246804,90,2.7967446847918778,20
huc8_03080103,022462002,300803081354500,90,2.238157465149064,20
huc8_03080103,022462002,301124081395901,90,2.9621552701393496,20
huc8_03080103,022462002,301204081434900,90,2.4029305319209535,20
huc8_03080103,022462002,301817081393600,90,3.0532492195547007,20
huc8_03080103,022462002,302309081333001,90,2.9966123087011107,20
huc8_03080103,022462002,302609081453300,90,2.869128432854741,20
huc8_03080103,022462002,302657081312400,90,2.862863993491301,20
huc8_03080103,02246518,02244040,90,1.6118586676955946,20
huc8_03080103,02246518,02245340,90,2.5969082578591696,20
huc8_03080103,02246518,022462002,90,0.9781817926010479,20
huc8_03080103,02246518,02246459,90,1.4961284278146263,20
huc8_03080103,02246518,02246751,90,0.852538296316815,20
huc8_03080103,02246518,02246804,90,1.9280085391708899,20
huc8_03080103,02246518,300803081354500,90,0.9595327492860835,20
huc8_03080103,02246518,301124081395901,90,2.0426126891535867,20
huc8_03080103,02246518,301204081434900,90,1.5446087141319385,20
huc8_03080103,02246518,301817081393600,90,2.413735978685076,20
huc8_03080103,02246518,302309081333001,90,2.096919343335254,20
huc8_03080103,02246518,302609081453300,90,2.108155272829959,20
huc8_03080103,02246518,302657081312400,90,2.0554425669197665,20
huc8_03080103,02246751,02244040,90,2.891714558410766,20
huc8_03080103,02246751,02245340,90,3.1351490965986164,20
huc8_03080103,02246751,022462002,90,1.9374994837920672,20
huc8_03080103,02246751,02246459,90,2.6407750661855087,20
huc8_03080103,02246751,02246518,90,2.397804158601467,20
huc8_03080103,02246751,02246804,90,2.787873501870641,20
huc8_03080103,02246751,300803081354500,90,2.3539106176132547,20
huc8_03080103,02246751,301124081395901,90,2.9726226611793827,20
huc8_03080103,02246751,301204081434900,90,2.508219575354299,20
huc8_03080103,02246751,301817081393600,90,3.0674097668292273,20
huc8_03080103,02246751,302309081333001,90,2.8052066765327432,20
huc8_03080103,02246751,302609081453300,90,2.9415570090142125,20
huc8_03080103,02246751,302657081312400,90,2.836729746546168,20
huc8_03080103,301204081434900,02244040,90,1.4350882974549324,20
huc8_03080103,301204081434900,02245340,90,2.6474262008936553,20
huc8_03080103,301204081434900,022462002,90,0.646108956012095,20
huc8_03080103,301204081434900,02246459,90,1.3645337349975266,20
huc8_03080103,301204081434900,02246518,90,1.2593526201511092,20
huc8_03080103,301204081434900,02246751,90,0.7973965032256161,20
huc8_03080103,301204081434900,02246804,90,1.8434910116919905,20
huc8_03080103,301204081434900,300803081354500,90,1.014112315005753,20
huc8_03080103,301204081434900,301124081395901,90,1.9258043183020894,20
huc8_03080103,301204081434900,301817081393600,90,2.4838635410558507,20
huc8_03080103,301204081434900,302309081333001,90,2.082099454435618,20
huc8_03080103,301204081434900,302609081453300,90,2.004501334985459,20
huc8_03080103,301204081434900,302657081312400,90,1.9976292958180857,20
huc8_03080103,302309081333001,02244040,90,1.8221097938171298,20
huc8_03080103,302309081333001,02245340,90,1.9533163175862351,19
huc8_03080103,302309081333001,022462002,90,1.8905028036093792,20
huc8_03080103,302309081333001,02246459,90,2.0742371942392204,10
huc8_03080103,302309081333001,02246518,90,2.4358494767235723,8
huc8_03080103,302309081333001,02246751,90,1.8930188606226312,20
huc8_03080103,302309081333001,02246804,90,1.8843572515835285,18
huc8_03080103,302309081333001,300803081354500,90,1.903981290533185,20
huc8_03080103,302309081333001,301124081395901,90,1.857314201949653,20
huc8_03080103,302309081333001,301204081434900,90,1.9605043323653475,16
huc8_03080103,302309081333001,301510081383500,90,1.4469484586120593,6
huc8_03080103,302309081333001,301817081393600,90,2.3390864712280255,10
huc8_03080103,302309081333001,302609081453300,90,1.9147947760779385,20
huc8_03080103,302309081333001,302657081312400,90,2.038384939587581,15
huc8_03090101,02264000,02264100,90,1.5307052911730121,20
huc8_03090101,02264000,02266200,90,1.4369714288903213,20
huc8_03090101,02264000,02266300,90,0.9511557569233128,20
huc8_03090101,02264000,02266495,90,1.012977303711806,20
huc8_03090101,02264100,02264000,90,1.1813350906164193,20
huc8_03090101,02264100,02266200,90,1.1711643195408026,20
huc8_03090101,02264100,02266300,90,0.9510029766064857,20
huc8_03090101,02264100,02266495,90,0.860587358374443,20
huc8_03090101,02266200,02264000,90,1.449242573519824,20
huc8_03090101,02266200,02264100,90,1.4257080238872626,20
huc8_03090101,02266200,02266300,90,0.7892116400026409,20
huc8_03090101,02266200,02266495,90,1.0211638839906247,20
huc8_03090101,02266300,02264000,90,1.5805311347741344,20
huc8_03090101,02266300,02264100,90,1.5952105637388838,20
huc8_03090101,02266300,02266200,90,1.580946975586404,20
huc8_03090101,02266300,02266495,90,1.5626118819441368,20
huc8_03090101,02266495,02264000,90,1.7759502802916312,20
huc8_03090101,02266495,02264100,90,1.7774677701244463,20
huc8_03090101,02266495,02266200,90,1.7635255568814407,20
huc8_03090101,02266495,02266300,90,1.6474649421533598,20
huc8_03150104,02388975,02388985,90,1.9335642049837205,20
huc8_03150104,02388975,02389150,90,1.6946797161382647,20
huc8_03150104,02388975,02394000,90,2.0401756473055963,20
huc8_03150104,02388975,02394682,90,2.2422652081557897,20
huc8_03150104,02388985,02388975,90,1.1890167032122276,20
huc8_03150104,02388985,02389150,90,1.2292800547729554,20
huc8_03150104,02388985,02394000,90,1.4192198606758648,20
huc8_03150104,02388985,02394682,90,1.5022076710741505,20
huc8_03150104,02389150,02388975,90,1.1298498709354128,20
huc8_03150104,02389150,02388985,90,1.5083602449284697,20
huc8_03150104,02389150,02394000,90,1.636888211151637,20
huc8_03150104,02389150,02394682,90,2.289300470836287,20
huc8_03150104,02394000,02388975,90,1.2303245180579832,20
huc8_03150104,02394000,02388985,90,1.2349408211002557,20
huc8_03150104,02394000,02389150,90,1.2352168209681724,20
huc8_03150104,02394000,02394682,90,1.2501234221340263,20
huc8_03150104,02394682,02388975,90,1.3197071982474204,20
huc8_03150104,02394682,02388985,90,1.3284328327077355,20
huc8_03150104,02394682,02389150,90,1.3218988178900992,20
huc8_03150104,02394682,02394000,90,1.3266904519457814,20
huc8_04070007,04136000,04136500,90,1.6774797888402666,20
huc8_04070007,04136000,04136900,90,1.701957257238061,20
huc8_04070007,04136000,04137005,90,1.875126113277247,20
huc8_04070007,04136000,04137020,90,1.716787108003604,20
huc8_04070007,04136000,04137025,90,1.8540206640991872,20
huc8_04070007,04136000,04137030,90,1.912012999598111,20
huc8_04070007,04136000,04137500,90,1.8586637067471,20
huc8_04070007,04136500,04136000,90,1.8397823802826132,20
huc8_04070007,04136500,04136900,90,1.8398375478611189,20
huc8_04070007,04136500,04137005,90,1.8825723631124305,20
huc8_04070007,04136500,04137020,90,1.5901338774243032,20
huc8_04070007,04136500,04137025,90,1.8325617118158655,20
huc8_04070007,04136500,04137030,90,1.9605627405907307,20
huc8_04070007,04136500,04137500,90,1.8844422388113002,20
huc8_04070007,04136900,04136000,90,1.4458844069183285,20
huc8_04070007,04136900,04136500,90,1.32758624598945,20
huc8_04070007,04136900,04137005,90,1.7586406166765436,20
huc8_04070007,04136900,04137020,90,1.5207161961048599,20
huc8_04070007,04136900,04137025,90,1.7733401303111649,20
huc8_04070007,04136900,04137030,90,1.8986940444939915,20
huc8_04070007,04136900,04137500,90,1.7797137352503447,20
huc8_04070007,04137005,04136000,90,1.49269234671018,20
huc8_04070007,04137005,04136500,90,1.0191765979586032,20
huc8_04070007,04137005,04136900,90,1.3817404296214062,20
huc8_04070007,04137005,04137020,90,0.8138095145118115,20
huc8_04070007,04137005,04137025,90,1.2584540158168742,20
huc8_04070007,04137005,04137030,90,1.5118121570589307,20
huc8_04070007,04137005,04137500,90,1.2484196534867325,20
huc8_04070007,04137020,04136000,90,1.7737910083532924,20
huc8_04070007,04137020,04136500,90,1.4978270717619366,20
huc8_04070007,04137020,04136900,90,1.8012699866042179,20
huc8_04070007,04137020,04137005,90,1.775552497786609,20
huc8_04070007,04137020,04137025,90,1.6971061934259226,20
huc8_04070007,04137020,04137030,90,1.8652584427728567,20
huc8_04070007,04137020,04137500,90,1.7047297212710686,20
huc8_04070007,04137025,04136000,90,1.4561313676002046,20
huc8_04070007,04137025,04136500,90,1.0367334030698823,20
huc8_04070007,04137025,04136900,90,1.4052332723888998,20
huc8_04070007,04137025,04137005,90,1.3172366009705576,20
huc8_04070007,04137025,04137020,90,0.5718666037384805,20
huc8_04070007,04137025,04137030,90,1.455935578302981,20
huc8_04070007,04137025,04137500,90,1.1964896847130704,20
huc8_04070007,04137030,04136000,90,1.6722703223688242,20
huc8_04070007,04137030,04136500,90,1.5319439682924945,20
huc8_04070007,04137030,04136900,90,1.6378455160540468,20
huc8_04070007,04137030,04137005,90,1.5930217441810817,20
huc8_04070007,04137030,04137020,90,1.262060943897547,20
huc8_04070007,04137030,04137025,90,1.5322922089181137,20
huc8_04070007,04137030,04137500,90,1.3560302311504742,20
huc8_04070007,04137500,04136000,90,1.4062880913246327,20
huc8_04070007,04137500,04136500,90,1.2640830330425055,20
huc8_04070007,04137500,04136900,90,1.4048694776265114,20
huc8_04070007,04137500,04137005,90,1.3564451084426064,20
huc8_04070007,04137500,04137020,90,1.0786984719071744,20
huc8_04070007,04137500,04137025,90,1.2980396965527528,20
huc8_04070007,04137500,04137030,90,1.3604503049383667,20
huc8_05010006,03034000,03034500,90,1.5539670420444296,20
huc8_05010006,03034000,03036000,90,1.598017041455286,20
huc8_05010006,03034000,03038000,90,1.512344094975886,20
huc8_05010006,03034000,03039000,90,1.6301549721677429,20
huc8_05010006,03034500,03034000,90,1.4671111998955415,20
huc8_05010006,03034500,03036000,90,1.97747275147749,20
huc8_05010006,03034500,03038000,90,1.4725508886299277,20
huc8_05010006,03034500,03039000,90,1.9473114763366266,20
huc8_05010006,03036000,03034000,90,1.7991607103701253,20
huc8_05010006,03036000,03034500,90,1.8759853303042466,20
huc8_05010006,03036000,03038000,90,1.8170496618082068,20
huc8_05010006,03036000,03039000,90,1.7284053008143339,20
huc8_05010006,03038000,03034000,90,2.0231066116841063,20
huc8_05010006,03038000,03034500,90,2.1631460119726977,20
huc8_05010006,03038000,03036000,90,2.2488460301660913,20
huc8_05010006,03038000,03039000,90,2.255604613094001,20
huc8_05010006,03039000,03034000,90,1.5818479881353762,20
huc8_05010006,03039000,03034500,90,1.6136641794663587,20
huc8_05010006,03039000,03036000,90,1.4881882819905379,20
huc8_05010006,03039000,03038000,90,1.5884930216792605,20
huc8_05020006,03076500,03077500,90,1.3394820711980664,17
huc8_05020006,03076500,03079000,90,0.612412963166688,17
huc8_05020006,03076500,03081000,90,1.5106508457283743,17
huc8_05020006,03076500,03083500,90,0.889617688427146,17
huc8_05020006,03077500,03076500,90,1.8451454055122163,16
huc8_05020006,03077500,03079000,90,1.7470427012027565,16
huc8_05020006,03077500,03081000,90,1.269702477452923,16
huc8_05020006,03077500,03083500,90,1.7474930170307066,16
huc8_05020006,03079000,03076500,90,1.5438500068019523,17
huc8_05020006,03079000,03077500,90,1.6654583979671735,17
huc8_05020006,03079000,03081000,90,1.6916078509228305,17
huc8_05020006,03079000,03083500,90,1.236801010972714,17
huc8_05020006,03081000,03076500,90,1.2126514338133878,17
huc8_05020006,03081000,03077500,90,1.1116368514578823,17
huc8_05020006,03081000,03079000,90,1.1792495306927142,17
huc8_05020006,03081000,03083500,90,1.180804716517759,17
huc8_05020006,03083500,03076500,90,1.3952700444569874,16
huc8_05020006,03083500,03077500,90,1.4292418500292248,16
huc8_05020006,03083500,03079000,90,1.3448962376211704,16
huc8_05020006,03083500,03081000,90,1.4558515230713969,16
huc8_05030102,03094704,03102850,90,2.5214120430710247,20
huc8_05030102,03094704,03102950,90,1.8463587549713947,20
huc8_05030102,03094704,03103500,90,2.5765740971438764,20
huc8_05030102,03094704,03104490,90,2.5753891449165947,20
huc8_05030102,03102850,03094704,90,1.081506650595626,20
huc8_05030102,03102850,03102950,90,1.1946352883636737,20
huc8_05030102,03102850,03103500,90,1.8122927636561041,20
huc8_05030102,03102850,03104490,90,1.9141722094088096,20
huc8_05030102,03102950,03094704,90,2.743659696840162,20
huc8_05030102,03102950,03102850,90,2.839959493745115,20
huc8_05030102,03102950,03103500,90,2.8283596013044585,20
huc8_05030102,03102950,03104490,90,2.8704769618606494,20
huc8_05030102,03103500,03094704,90,1.6058913153106513,20
huc8_05030102,03103500,03102850,90,1.6042706735630206,20
huc8_05030102,03103500,03102950,90,1.5806597126586628,20
huc8_05030102,03103500,03104490,90,1.5940650209805254,20
huc8_05030102,03104490,03094704,90,0.9859070427447806,20
huc8_05030102,03104490,03102850,90,1.396117619641998,20
huc8_05030102,03104490,03102950,90,0.9743942493211728,20
huc8_05030102,03104490,03103500,90,1.2279371887104662,20
huc8_05040001,03119341,03119971,90,1.7586352824628153,20
huc8_05040001,03119341,03119979,90,1.6000108455329642,20
huc8_05040001,03119341,03120820,90,1.5151732011008683,20
huc8_05040001,03119341,03120869,90,1.5146793289953342,20
huc8_05040001,03119341,03120961,90,2.071668982101063,20
huc8_05040001,03119341,03125338,90,1.5222768307957262,20
huc8_05040001,03119341,03126395,90,1.5520503974533673,20
huc8_05040001,03119341,03127980,90,1.1248134180254765,20
huc8_05040001,03119341,03127986,90,1.649973757798677,20
huc8_05040001,03119341,03127989,90,1.3501594191358977,20
huc8_05040001,03119971,03119341,90,1.4976295259149937,20
huc8_05040001,03119971,03119979,90,1.1774282193124894,20
huc8_05040001,03119971,03120820,90,1.5082892648086488,20
huc8_05040001,03119971,03120869,90,1.1809182209175044,20
huc8_05040001,03119971,03120961,90,2.2299503091140904,20
huc8_05040001,03119971,03125338,90,1.5802090100976267,20
huc8_05040001,03119971,03126395,90,1.4968416381755136,20
huc8_05040001,03119971,03127980,90,0.8031646593314845,20
huc8_05040001,03119971,03127986,90,1.5627320428090317,20
huc8_05040001,03119971,03127989,90,0.9052718408956892,20
huc8_05040001,03119979,03119341,90,1.5870213372835316,20
huc8_05040001,03119979,03119971,90,1.5002720937481864,20
huc8_05040001,03119979,03120820,90,1.6711060391839214,20
huc8_05040001,03119979,03120869,90,0.8525436802943084,20
huc8_05040001,03119979,03120961,90,1.8640438890005941,20
huc8_05040001,03119979,03125338,90,1.3292665114976456,20
huc8_05040001,03119979,03126395,90,1.344555950087806,20
huc8_05040001,03119979,03127980,90,1.0643452286056339,20
huc8_05040001,03119979,03127986,90,1.3324781196494837,20
huc8_05040001,03119979,03127989,90,0.8010923576725286,20
huc8_05040001,03120820,03119341,90,2.273537318276963,20
huc8_05040001,03120820,03119971,90,2.497805311810487,20
huc8_05040001,03120820,03119979,90,2.3971232349609233,20
huc8_05040001,03120820,03120869,90,2.310890924729583,20
huc8_05040001,03120820,03120961,90,2.7713427605056755,20
huc8_05040001,03120820,03125338,90,2.4302910223389698,20
huc8_05040001,03120820,03126395,90,2.3735972736094864,20
huc8_05040001,03120820,03127980,90,2.0394186499443956,20
huc8_05040001,03120820,03127986,90,2.49157751045221,20
huc8_05040001,03120820,03127989,90,2.299580949113495,20
huc8_05040001,03120869,03119341,90,1.6210715153676496,20
huc8_05040001,03120869,03119971,90,1.6720222685744879,20
huc8_05040001,03120869,03119979,90,1.092429491901099,20
huc8_05040001,03120869,03120820,90,1.6719869405512138,20
huc8_05040001,03120869,03120961,90,1.9003238376366878,20
huc8_05040001,03120869,03125338,90,1.5330978957453405,20
huc8_05040001,03120869,03126395,90,1.46139274093343,20
huc8_05040001,03120869,03127980,90,1.0873800628467856,20
huc8_05040001,03120869,03127986,90,1.4550993665337804,20
huc8_05040001,03120869,03127989,90,0.8459729732774649,20
huc8_05040001,03120961,03119341,90,1.4013764180156512,20
huc8_05040001,03120961,03119971,90,1.4467421529333482,20
huc8_05040001,03120961,03119979,90,0.8884877808223794,20
huc8_05040001,03120961,03120820,90,1.2893775768985087,20
huc8_05040001,03120961,03120869,90,0.5344083483641533,20
huc8_05040001,03120961,03125338,90,1.41786634936178,20
huc8_05040001,03120961,03126395,90,1.3179085236831365,20
huc8_05040001,03120961,03127980,90,0.9307615717310824,20
huc8_05040001,03120961,03127986,90,0.9103513205758832,20
huc8_05040001,03120961,03127989,90,0.6018223237050568,20
huc8_05040001,03125338,03119341,90,1.5415922824619304,20
huc8_05040001,03125338,03119971,90,1.7233277285669892,20
huc8_05040001,03125338,03119979,90,1.305658549487364,20
huc8_05040001,03125338,03120820,90,1.6887458081377935,20
huc8_05040001,03125338,03120869,90,1.3275460885867258,20
huc8_05040001,03125338,03120961,90,2.017238915021786,20
huc8_05040001,03125338,03126395,90,1.208293909324852,20
huc8_05040001,03125338,03127980,90,0.8216651100363019,20
huc8_05040001,03125338,03127986,90,1.410580357989438,20
huc8_05040001,03125338,03127989,90,1.2494718761570687,20
huc8_05040001,03126395,03119341,90,1.3773847428647523,20
huc8_05040001,03126395,03119971,90,1.63270915477955,20
huc8_05040001,03126395,03119979,90,1.1047638771599013,20
huc8_05040001,03126395,03120820,90,1.5839124681965377,20
huc8_05040001,03126395,03120869,90,1.1133139819784037,20
huc8_05040001,03126395,03120961,90,2.0252390920925434,20
huc8_05040001,03126395,03125338,90,0.857655490311093,20
huc8_05040001,03126395,03127980,90,0.549192428567083,20
huc8_05040001,03126395,03127986,90,1.203853002402386,20
huc8_05040001,03126395,03127989,90,0.9397778264595985,20
huc8_05040001,03127980,03119341,90,1.5702925502126057,20
huc8_05040001,03127980,03119971,90,1.9051482129762811,20
huc8_05040001,03127980,03119979,90,1.4501153966187093,20
huc8_05040001,03127980,03120820,90,1.7252799259404992,20
huc8_05040001,03127980,03120869,90,1.4024027920108995,20
huc8_05040001,03127980,03120961,90,2.2438688332831327,20
huc8_05040001,03127980,03125338,90,1.3111105462193957,20
huc8_05040001,03127980,03126395,90,1.3584626403941995,20
huc8_05040001,03127980,03127986,90,1.524338857945185,20
huc8_05040001,03127980,03127989,90,1.1730103735763986,20
huc8_05040001,03127986,03119341,90,1.4959963919119112,20
huc8_05040001,03127986,03119971,90,1.5972529706524186,20
huc8_05040001,03127986,03119979,90,1.0503008843339485,20
huc8_05040001,03127986,03120820,90,1.6212636053109577,20
huc8_05040001,03127986,03120869,90,1.0649323439553124,20
huc8_05040001,03127986,03120961,90,1.9840063502840934,20
huc8_05040001,03127986,03125338,90,1.1472882494961893,20
huc8_05040001,03127986,03126395,90,1.1626996395640428,20
huc8_05040001,03127986,03127980,90,0.6273311694188473,20
huc8_05040001,03127986,03127989,90,0.7621348723061918,20
huc8_05040001,03127989,03119341,90,1.5349022501262681,20
huc8_05040001,03127989,03119971,90,1.6662649118569415,20
huc8_05040001,03127989,03119979,90,1.0363117151697394,20
huc8_05040001,03127989,03120820,90,1.7572110760854707,20
huc8_05040001,03127989,03120869,90,0.9291549500432736,20
huc8_05040001,03127989,03120961,90,2.066420948224436,20
huc8_05040001,03127989,03125338,90,1.4632923502184139,20
huc8_05040001,03127989,03126395,90,1.3880812408806789,20
huc8_05040001,03127989,03127980,90,0.9182892154394906,20
huc8_05040001,03127989,03127986,90,1.35211454593548,20
huc8_05140101,03292470,03292474,90,2.070019125337518,15
huc8_05140101,03292470,03292475,90,1.3263037118065988,12
huc8_05140101,03292470,03292480,90,1.9566318704621253,15
huc8_05140101,03292470,03292500,90,2.0096313753274986,20
huc8_05140101,03292470,03293000,90,1.3317441204686344,17
huc8_05140101,03292470,03293500,90,1.9565664436020036,20
huc8_05140101,03292470,03293530,90,1.9422000138276527,20
huc8_05140101,03292474,03292470,90,2.046738369074315,18
huc8_05140101,03292474,03292475,90,1.3277443424733852,20
huc8_05140101,03292474,03292480,90,1.4880733988798636,20
huc8_05140101,03292474,03292500,90,2.0056741094258657,17
huc8_05140101,03292474,03293000,90,1.1461391426539698,20
huc8_05140101,03292474,03293500,90,1.1952014653393872,20
huc8_05140101,03292474,03293530,90,1.2429926908959341,20
huc8_05140101,03292475,03292470,90,2.5724728140689845,15
huc8_05140101,03292475,03292474,90,2.407658151331032,20
huc8_05140101,03292475,03292480,90,2.3543918743325296,20
huc8_05140101,03292475,03292500,90,2.4429671913776634,20
huc8_05140101,03292475,03293000,90,1.4574037722221571,16
huc8_05140101,03292475,03293500,90,2.386365385918223,20
huc8_05140101,03292475,03293530,90,2.3706604785323213,20
huc8_05140101,03292480,03292470,90,1.9786338091845341,18
huc8_05140101,03292480,03292474,90,1.226794315494014,20
huc8_05140101,03292480,03292475,90,0.673077865974607,20
huc8_05140101,03292480,03292500,90,1.91364291639885,17
huc8_05140101,03292480,03293000,90,0.9948448485690262,20
huc8_05140101,03292480,03293500,90,0.6845482814535183,20
huc8_05140101,03292480,03293530,90,0.9089004863346968,20
huc8_05140101,03292500,03292470,90,1.8217454428766822,20
huc8_05140101,03292500,03292474,90,1.8532895804566252,18
huc8_05140101,03292500,03292475,90,1.8118672301522811,20
huc8_05140101,03292500,03292480,90,1.9619340805545153,14
huc8_05140101,03292500,03293000,90,1.506143939692274,14
huc8_05140101,03292500,03293500,90,1.8796682364669675,16
huc8_05140101,03292500,03293530,90,1.8123804996132258,20
huc8_05140101,03293000,03292470,90,2.3146540674525102,18
huc8_05140101,03293000,03292474,90,2.332122105196535,20
huc8_05140101,03293000,03292475,90,2.3358570123674,20
huc8_05140101,03293000,03292480,90,2.3330004026425977,20
huc8_05140101,03293000,03292500,90,2.305091624288215,16
huc8_05140101,03293000,03293500,90,2.3360350909086174,20
huc8_05140101,03293000,03293530,90,2.331687383348604,20
huc8_05140101,03293500,03292470,90,2.679036143578148,18
huc8_05140101,03293500,03292474,90,2.189525128036363,20
huc8_05140101,03293500,03292475,90,1.808903362071279,20
huc8_05140101,03293500,03292480,90,2.2871465747067017,20
huc8_05140101,03293500,03292500,90,2.7843241630561746,16
huc8_05140101,03293500,03293000,90,1.6226396718443283,20
huc8_05140101,03293500,03293530,90,2.023754476231177,20
huc8_05140101,03293530,03292470,90,2.1144848514577337,19
huc8_05140101,03293530,03292474,90,1.3563616854664677,20
huc8_05140101,03293530,03292475,90,1.0345310955302125,20
huc8_05140101,03293530,03292480,90,1.5266635075308657,20
huc8_05140101,03293530,03292500,90,2.1911360126218993,16
huc8_05140101,03293530,03293000,90,0.8783405549488748,20
huc8_05140101,03293530,03293500,90,0.9219234895514813,20
huc8_05140102,03293510,03297800,90,1.3321100151459435,15
huc8_05140102,03293510,03297900,90,1.1725936061933324,15
huc8_05140102,03293510,03298000,90,1.095785083319382,20
huc8_05140102,03293510,03298135,90,1.0952425295502082,14
huc8_05140102,03293510,03298150,90,1.2484413957935645,16
huc8_05140102,03293510,03298200,90,1.375969850170919,18
huc8_05140102,03293510,03298250,90,2.2078437848316046,10
huc8_05140102,03293510,03301900,90,1.352319252771801,18
huc8_05140102,03293510,03301940,90,1.1587644953576408,20
huc8_05140102,03293510,03302000,90,1.246063169612588,8
huc8_05140102,03293510,03302030,90,1.550455351567817,16
huc8_05140102,03293510,03302050,90,1.260813583684579,13
huc8_05140102,03297800,03293510,90,1.9973526727297488,6
huc8_05140102,03297800,03297900,90,2.422248294098011,15
huc8_05140102,03297800,03298000,90,1.5968016328138888,15
huc8_05140102,03297800,03298135,90,1.3777539393192693,13
huc8_05140102,03297800,03298150,90,1.2846243876687118,20
huc8_05140102,03297800,03298200,90,2.321661303645521,9
huc8_05140102,03297800,03298250,90,2.324543263334008,20
huc8_05140102,03297800,03301900,90,1.7651383705134986,13
huc8_05140102,03297800,03301940,90,1.757771402418168,16
huc8_05140102,03297800,03302000,90,1.2465854433452639,8
huc8_05140102,03297800,03302030,90,1.8927229539024681,11
huc8_05140102,03297800,03302050,90,1.8845300058048673,17
huc8_05140102,03297900,03293510,90,1.6090199078511522,12
huc8_05140102,03297900,03297800,90,1.150412222397726,20
huc8_05140102,03297900,03298000,90,1.261778397548678,20
huc8_05140102,03297900,03298135,90,0.9311827509062317,20
huc8_05140102,03297900,03298150,90,0.9744568448470867,20
huc8_05140102,03297900,03298200,90,1.0337521051424052,20
huc8_05140102,03297900,03298250,90,1.4770028115749922,10
huc8_05140102,03297900,03301900,90,1.1753392105066034,20
huc8_05140102,03297900,03301940,90,1.5830307899825145,20
huc8_05140102,03297900,03302000,90,1.1727699354276593,20
huc8_05140102,03297900,03302030,90,1.2699271115649922,20
huc8_05140102,03297900,03302050,90,1.4232698130554218,17
huc8_05140102,03298000,03293510,90,2.009479179650544,13
huc8_05140102,03298000,03297800,90,2.0062569390204925,20
huc8_05140102,03298000,03297900,90,1.8831112140339519,18
huc8_05140102,03298000,03298135,90,1.9863148893447846,20
huc8_05140102,03298000,03298150,90,1.9921460345443525,20
huc8_05140102,03298000,03298200,90,2.025841589769644,20
huc8_05140102,03298000,03298250,90,1.847449930648998,11
huc8_05140102,03298000,03301900,90,2.0085842952405075,20
huc8_05140102,03298000,03301940,90,1.999980106497913,20
huc8_05140102,03298000,03302000,90,2.0213773545099225,20
huc8_05140102,03298000,03302030,90,2.0166151936605567,20
huc8_05140102,03298000,03302050,90,2.0613894370676524,20
huc8_05140102,03298135,03293510,90,2.0696940676874904,13
huc8_05140102,03298135,03297800,90,0.9528623043913053,20
huc8_05140102,03298135,03297900,90,1.9199136085013921,18
huc8_05140102,03298135,03298000,90,1.5254059479866677,20
huc8_05140102,03298135,03298150,90,0.7649141756706183,20
huc8_05140102,03298135,03298200,90,1.7632296864440125,20
huc8_05140102,03298135,03298250,90,1.6268712960815828,11
huc8_05140102,03298135,03301900,90,1.5181878981385413,20
huc8_05140102,03298135,03301940,90,1.6318044496504327,20
huc8_05140102,03298135,03302000,90,1.0900692405802705,20
huc8_05140102,03298135,03302030,90,1.5741802835126395,20
huc8_05140102,03298135,03302050,90,1.6154981129444135,20
huc8_05140102,03298150,03293510,90,2.2176597448288082,6
huc8_05140102,03298150,03297800,90,2.277582581968867,20
huc8_05140102,03298150,03297900,90,2.395859165240039,14
huc8_05140102,03298150,03298000,90,2.2868096098782917,15
huc8_05140102,03298150,03298135,90,2.24806311428402,16
huc8_05140102,03298150,03298200,90,2.495643426605705,9
huc8_05140102,03298150,03298250,90,2.4156735278532375,20
huc8_05140102,03298150,03301900,90,2.2068323082063817,15
huc8_05140102,03298150,03301940,90,1.7781953052662227,14
huc8_05140102,03298150,03302000,90,1.5687589540331024,9
huc8_05140102,03298150,03302030,90,1.9442817337015215,10
huc8_05140102,03298150,03302050,90,2.2777768114071457,17
huc8_05140102,03298200,03293510,90,2.251085887254028,13
huc8_05140102,03298200,03297800,90,1.3311168228390136,20
huc8_05140102,03298200,03297900,90,2.041699181000333,18
huc8_05140102,03298200,03298000,90,1.2939667149023013,20
huc8_05140102,03298200,03298135,90,1.4868273187302141,20
huc8_05140102,03298200,03298150,90,1.2050379097617578,20
huc8_05140102,03298200,03298250,90,1.9273243252876513,11
huc8_05140102,03298200,03301900,90,1.8275167905884557,20
huc8_05140102,03298200,03301940,90,1.807690097540236,20
huc8_05140102,03298200,03302000,90,1.296751993246034,20
huc8_05140102,03298200,03302030,90,1.4256398769553735,20
huc8_05140102,03298200,03302050,90,1.7281825142868736,20
huc8_05140102,03298250,03293510,90,3.2057741417928916,6
huc8_05140102,03298250,03297800,90,1.6585422009141464,20
huc8_05140102,03298250,03297900,90,1.8332533900179235,14
huc8_05140102,03298250,03298000,90,1.6425736340986854,15
huc8_05140102,03298250,03298135,90,1.6446689748152548,15
huc8_05140102,03298250,03298150,90,1.6526050453603127,20
huc8_05140102,03298250,03298200,90,1.9415283102635175,9
huc8_05140102,03298250,03301900,90,0.9252071406937212,14
huc8_05140102,03298250,03301940,90,1.5880758715832075,14
huc8_05140102,03298250,03302000,90,1.5545093469171707,9
huc8_05140102,03298250,03302030,90,1.7921811135016519,11
huc8_05140102,03298250,03302050,90,1.6697372812420739,18
huc8_05140102,03301900,03293510,90,1.8914971332512243,13
huc8_05140102,03301900,03297800,90,1.7891717217485692,20
huc8_05140102,03301900,03297900,90,1.715270896141503,18
huc8_05140102,03301900,03298000,90,1.8344399335838246,20
huc8_05140102,03301900,03298135,90,1.761096292424534,20
huc8_05140102,03301900,03298150,90,1.7540582911526268,20
huc8_05140102,03301900,03298200,90,1.8533465405104306,20
huc8_05140102,03301900,03298250,90,1.4404803428424116,11
huc8_05140102,03301900,03301940,90,1.8373092193937413,20
huc8_05140102,03301900,03302000,90,1.806903809133183,20
huc8_05140102,03301900,03302030,90,1.810546047656905,20
huc8_05140102,03301900,03302050,90,1.7986726782113749,20
huc8_05140102,03301940,03293510,90,2.169724841468882,13
huc8_05140102,03301940,03297800,90,2.0642175642731866,20
huc8_05140102,03301940,03297900,90,2.076498465328976,18
huc8_05140102,03301940,03298000,90,2.1046611748703588,20
huc8_05140102,03301940,03298135,90,2.033417728950129,20
huc8_05140102,03301940,03298150,90,1.5117716598634343,20
huc8_05140102,03301940,03298200,90,2.165196465862464,20
huc8_05140102,03301940,03298250,90,1.9982030497801724,11
huc8_05140102,03301940,03301900,90,2.0898597603770668,20
huc8_05140102,03301940,03302000,90,1.571701783950069,20
huc8_05140102,03301940,03302030,90,1.7836658367809726,20
huc8_05140102,03301940,03302050,90,2.1329624411399952,20
huc8_05140102,03302000,03293510,90,2.313799155825787,13
huc8_05140102,03302000,03297800,90,2.375484811972591,20
huc8_05140102,03302000,03297900,90,2.202109421394658,18
huc8_05140102,03302000,03298000,90,2.4147610355369564,20
huc8_05140102,03302000,03298135,90,2.360858879615572,20
huc8_05140102,03302000,03298150,90,2.265717497447381,20
huc8_05140102,03302000,03298200,90,2.4105623613442493,20
huc8_05140102,03302000,03298250,90,2.1711770351540123,11
huc8_05140102,03302000,03301900,90,2.3774091944426408,20
huc8_05140102,03302000,03301940,90,2.3320581495338772,20
huc8_05140102,03302000,03302030,90,2.3315806893467372,20
huc8_05140102,03302000,03302050,90,2.4092998904223117,20
huc8_05140102,03302030,03293510,90,1.9624708964621496,13
huc8_05140102,03302030,03297800,90,1.8322539842731147,20
huc8_05140102,03302030,03297900,90,1.821019357564619,18
huc8_05140102,03302030,03298000,90,1.8960774223984387,20
huc8_05140102,03302030,03298135,90,1.8489392972663743,20
huc8_05140102,03302030,03298150,90,1.2927474023841907,20
huc8_05140102,03302030,03298200,90,1.8825760312767303,20
huc8_05140102,03302030,03298250,90,1.7121346807148043,11
huc8_05140102,03302030,03301900,90,1.8905568361631855,20
huc8_05140102,03302030,03301940,90,1.83679994610799,20
huc8_05140102,03302030,03302000,90,1.4525541651355485,20
huc8_05140102,03302030,03302050,90,1.8850708304237827,20
huc8_05140102,03302050,03293510,90,1.9076640628731598,14
huc8_05140102,03302050,03297800,90,1.4034037577542535,20
huc8_05140102,03302050,03297900,90,1.7722083268018063,18
huc8_05140102,03302050,03298000,90,1.5696638089066857,20
huc8_05140102,03302050,03298135,90,1.4945120795984457,20
huc8_05140102,03302050,03298150,90,1.398138043342519,20
huc8_05140102,03302050,03298200,90,1.6730796890675688,20
huc8_05140102,03302050,03298250,90,1.6745742040512526,10
huc8_05140102,03302050,03301900,90,1.708743287099167,20
huc8_05140102,03302050,03301940,90,1.78064232296193,20
huc8_05140102,03302050,03302000,90,1.496010469172273,20
huc8_05140102,03302050,03302030,90,1.6258753635430288,20
