domain_group,repeat,requested_budget,labelled_rows,labelled_networks,evaluation_networks,recalibration_intercept,recalibration_slope,evaluation_intercept,evaluation_slope,evaluation_spearman,slope_in_target_band
cross_domain,0,0,0,0,25,0.0,1.0,-0.04212741705163611,0.7772960086243602,0.8377565792368571,False
cross_domain,0,25,105,1,24,-0.2028755814756008,0.8360613828397765,0.1641709134100808,0.9203673624589637,0.8310901223279248,True
cross_domain,0,50,105,1,24,-0.2028755814756008,0.8360613828397765,0.1641709134100808,0.9203673624589637,0.8310901223279248,True
cross_domain,0,100,105,1,24,-0.2028755814756008,0.8360613828397765,0.1641709134100808,0.9203673624589637,0.8310901223279248,True
cross_domain,1,0,0,0,25,0.0,1.0,-0.04212741705163611,0.7772960086243602,0.8377565792368571,False
cross_domain,1,25,28,1,24,0.10788478482376851,0.9056131773286837,-0.14030982955833185,0.854435675862676,0.8397110969708803,False
cross_domain,1,50,119,2,23,-0.16194412797637997,0.9564841423925668,0.10757136102887506,0.7776406284376772,0.8240960674635398,False
cross_domain,1,100,119,2,23,-0.16194412797637997,0.9564841423925668,0.10757136102887506,0.7776406284376772,0.8240960674635398,False
cross_domain,2,0,0,0,25,0.0,1.0,-0.04212741705163611,0.7772960086243602,0.8377565792368571,False
cross_domain,2,25,105,1,24,-0.2028755814756008,0.8360613828397765,0.1641709134100808,0.9203673624589637,0.8310901223279248,True
cross_domain,2,50,105,1,24,-0.2028755814756008,0.8360613828397765,0.1641709134100808,0.9203673624589637,0.8310901223279248,True
cross_domain,2,100,105,1,24,-0.2028755814756008,0.8360613828397765,0.1641709134100808,0.9203673624589637,0.8310901223279248,True
cross_domain,3,0,0,0,25,0.0,1.0,-0.04212741705163611,0.7772960086243602,0.8377565792368571,False
cross_domain,3,25,42,2,23,-0.019640004260381615,0.8430270236124133,-0.023911625725092853,0.9170686712740551,0.831634793318301,True
cross_domain,3,50,70,3,22,0.003897675647262477,0.7424226412043156,-0.05103245317426266,1.0518519078144932,0.8341068972106452,True
cross_domain,3,100,112,5,20,-0.06569527851470626,0.8368063676050148,0.02444015895036924,0.9158161166881906,0.8292743807341979,True
cross_domain,4,0,0,0,25,0.0,1.0,-0.04212741705163611,0.7772960086243602,0.8377565792368571,False
cross_domain,4,25,49,2,23,-0.06970334165990762,0.5533332390903142,0.058651620182800485,1.429044535803325,0.8500521912903263,False
cross_domain,4,50,63,3,22,-0.08215212249455232,0.6324989245760947,0.06249622897003753,1.2478740839456566,0.8481249932201665,False
cross_domain,4,100,133,5,20,-0.02713133570721411,0.628637443867805,-0.012518182384990735,1.2802175113252716,0.8511753829419395,False
cross_domain,5,0,0,0,25,0.0,1.0,-0.04212741705163611,0.7772960086243602,0.8377565792368571,False
cross_domain,5,25,87,2,23,0.16811771099418812,0.5407387260273654,-0.2848857312459656,1.4505017837920902,0.8565702491585314,False
cross_domain,5,50,87,2,23,0.16811771099418812,0.5407387260273654,-0.2848857312459656,1.4505017837920902,0.8565702491585314,False
cross_domain,5,100,108,3,22,-0.12196114674281504,0.8075146529540644,0.08515643655364273,0.9589224949468186,0.8537873671133703,True
cross_domain,6,0,0,0,25,0.0,1.0,-0.04212741705163611,0.7772960086243602,0.8377565792368571,False
cross_domain,6,25,28,1,24,0.10788478482376851,0.9056131773286837,-0.14030982955833185,0.854435675862676,0.8397110969708803,False
cross_domain,6,50,63,3,22,0.027585090831100813,0.7853380269194056,-0.07460157702924632,0.9886867504420833,0.8379580178325953,True
cross_domain,6,100,168,4,21,-0.1081696881650488,0.8139140806725449,0.07549944015479829,0.9431043483592019,0.8302635595322126,True
cross_domain,7,0,0,0,25,0.0,1.0,-0.04212741705163611,0.7772960086243602,0.8377565792368571,False
cross_domain,7,25,28,1,24,0.2312907985989956,0.4761039533576926,-0.4355252427975295,1.6553943798812847,0.8464446973397339,False
cross_domain,7,50,63,2,23,0.19840773524003805,0.36805818869962387,-0.4987650451756884,2.1957683436120923,0.8519050627930949,False
cross_domain,7,100,105,4,21,0.20619361258852725,0.5396055750144911,-0.38900592578319726,1.500592731355321,0.8535659328857332,False
cross_domain,8,0,0,0,25,0.0,1.0,-0.04212741705163611,0.7772960086243602,0.8377565792368571,False
cross_domain,8,25,35,2,23,0.03610378842647579,0.7558102536070128,-0.08298256024122429,1.0298283014380605,0.8345497199043939,True
cross_domain,8,50,56,3,22,0.07294586367147607,0.540822079288072,-0.15893384631606722,1.4660231257734373,0.8447647734596093,False
cross_domain,8,100,122,4,21,0.05219370943155839,0.6629982991153522,-0.10691577505928712,1.1852069967318735,0.8532676694656064,False
cross_domain,9,0,0,0,25,0.0,1.0,-0.04212741705163611,0.7772960086243602,0.8377565792368571,False
cross_domain,9,25,84,2,23,-0.04668441497852609,0.7052608216658144,0.010364544632705471,1.112324688340975,0.833030533404353,False
cross_domain,9,50,84,2,23,-0.04668441497852609,0.7052608216658144,0.010364544632705471,1.112324688340975,0.833030533404353,False
cross_domain,9,100,112,3,22,-0.013775812358278789,0.7559630627079517,-0.032632668137314726,1.0325904698894914,0.8352078517047258,True
cross_domain,10,0,0,0,25,0.0,1.0,-0.04212741705163611,0.7772960086243602,0.8377565792368571,False
cross_domain,10,25,28,1,24,-0.2848154099887585,0.8210496696527488,0.23409690514234235,0.9456020523724464,0.8392615513714794,True
cross_domain,10,50,63,2,23,-0.005682803523330813,0.5335730330317016,-0.03626986731207323,1.491743224349989,0.8443378756170099,False
cross_domain,10,100,154,3,22,-0.17491267463064697,0.8189509422740585,0.15007173007694785,0.9379937742380023,0.828486438683807,True
cross_domain,11,0,0,0,25,0.0,1.0,-0.04212741705163611,0.7772960086243602,0.8377565792368571,False
cross_domain,11,25,87,2,23,0.00014591494958326084,0.7576493622882792,-0.04575999826053339,1.027346668689721,0.8438942547385976,True
cross_domain,11,50,87,2,23,0.00014591494958326084,0.7576493622882792,-0.04575999826053339,1.027346668689721,0.8438942547385976,True
cross_domain,11,100,115,3,22,0.050289035509958925,0.7467040122222203,-0.108065620610528,1.0455870658845567,0.8443786870399506,True
cross_domain,12,0,0,0,25,0.0,1.0,-0.04212741705163611,0.7772960086243602,0.8377565792368571,False
cross_domain,12,25,49,2,23,-0.22852983253749692,0.8881616452456563,0.16779971566896912,0.8661670402749042,0.8345053606458427,False
cross_domain,12,50,63,3,22,-0.1590492728358744,0.863330838859773,0.10983218774008795,0.8907038001721401,0.8327038551346909,False
cross_domain,12,100,126,5,20,-0.033724654698149226,0.6715785782799106,-0.007582892052319191,1.1893803206047657,0.8409535003531335,False
cross_domain,13,0,0,0,25,0.0,1.0,-0.04212741705163611,0.7772960086243602,0.8377565792368571,False
cross_domain,13,25,42,2,23,0.16382590594309024,0.6178070869919821,-0.2620709191870573,1.2709761669538684,0.835834706955241,False
cross_domain,13,50,56,3,22,0.09961642768906889,0.6889092955139028,-0.166422309627122,1.1375257843518032,0.834021126957886,False
cross_domain,13,100,126,6,19,0.0690155216679695,0.7315763583126192,-0.13733423913804707,1.074366006384601,0.827680412196945,True
cross_domain,14,0,0,0,25,0.0,1.0,-0.04212741705163611,0.7772960086243602,0.8377565792368571,False
cross_domain,14,25,35,2,23,0.15706649924735266,0.6645210967776046,-0.23588593540472239,1.1772331872522164,0.8356656494135574,False
cross_domain,14,50,63,3,22,0.13705778756621145,0.7612509313648784,-0.19634591742523866,1.022650895403823,0.8379057329552888,True
cross_domain,14,100,119,6,19,0.15398698406308473,0.7640983613812881,-0.23131000689808934,1.020367275483285,0.8374119578799504,True
cross_domain,15,0,0,0,25,0.0,1.0,-0.04212741705163611,0.7772960086243602,0.8377565792368571,False
cross_domain,15,25,42,2,23,0.19495235168576341,0.562263825288009,-0.32940736470542237,1.4015532732469305,0.8350638678769317,False
cross_domain,15,50,63,3,22,0.01108997850722364,0.7718502470648122,-0.05799416611987762,1.0079188684176974,0.8319289793487321,True
cross_domain,15,100,182,5,20,-0.10041785980122474,0.8966926763078631,0.06185378568533577,0.8267773695627038,0.8172129065486746,False
cross_domain,16,0,0,0,25,0.0,1.0,-0.04212741705163611,0.7772960086243602,0.8377565792368571,False
cross_domain,16,25,42,2,23,-0.17669874060789553,0.9912152947877026,0.10428901444863482,0.7707641369537077,0.8335446671697123,False
cross_domain,16,50,63,3,22,-0.08791107517185155,0.9008080448064049,0.03839292539571514,0.8509321284386563,0.8320663919652935,False
cross_domain,16,100,129,4,21,-0.21419783178218624,0.9646575255033306,0.13732699652465238,0.7871075820314692,0.839465367052101,False
cross_domain,17,0,0,0,25,0.0,1.0,-0.04212741705163611,0.7772960086243602,0.8377565792368571,False
cross_domain,17,25,42,2,23,0.2375872707408117,0.8608615572697663,-0.270394668921805,0.89834081207385,0.841996875324194,False
cross_domain,17,50,63,3,22,0.24470565663736182,0.7373123491145214,-0.3264260312242641,1.0599440915006937,0.8409836125506001,True
cross_domain,17,100,119,5,20,0.2052729242169427,0.7704740489794814,-0.29372975445838184,1.012953936411581,0.8455344411553006,True
cross_domain,18,0,0,0,25,0.0,1.0,-0.04212741705163611,0.7772960086243602,0.8377565792368571,False
cross_domain,18,25,105,1,24,-0.2028755814756008,0.8360613828397765,0.1641709134100808,0.9203673624589637,0.8310901223279248,True
cross_domain,18,50,105,1,24,-0.2028755814756008,0.8360613828397765,0.1641709134100808,0.9203673624589637,0.8310901223279248,True
cross_domain,18,100,105,1,24,-0.2028755814756008,0.8360613828397765,0.1641709134100808,0.9203673624589637,0.8310901223279248,True
cross_domain,19,0,0,0,25,0.0,1.0,-0.04212741705163611,0.7772960086243602,0.8377565792368571,False
cross_domain,19,25,35,1,24,-0.09135543724868783,0.9093444721487403,0.038637020871802916,0.8477544624726842,0.8346670383406912,False
cross_domain,19,50,63,2,23,-0.025269149841278433,0.7634940472002709,-0.017817859265322922,1.0196649031762433,0.8372704513190575,True
cross_domain,19,100,154,3,22,-0.16442381648940585,0.8929980594717972,0.12590371161597058,0.8370446231883673,0.8202436541252329,False
cross_domain,20,0,0,0,25,0.0,1.0,-0.04212741705163611,0.7772960086243602,0.8377565792368571,False
cross_domain,20,25,70,2,23,-0.02487358287614223,0.6874161612964831,-0.014615986144376373,1.1417276280737811,0.8352853005367918,False
cross_domain,20,50,70,2,23,-0.02487358287614223,0.6874161612964831,-0.014615986144376373,1.1417276280737811,0.8352853005367918,False
cross_domain,20,100,119,4,21,-0.027637382560511094,0.6607272212023553,-0.011914663642840665,1.2064559773332648,0.8387032042425822,False
cross_domain,21,0,0,0,25,0.0,1.0,-0.04212741705163611,0.7772960086243602,0.8377565792368571,False
cross_domain,21,25,42,2,23,0.04102701205622904,0.759115765803244,-0.08875538308639838,1.0254116290319515,0.8317348556522141,True
cross_domain,21,50,70,3,22,0.10166380602151076,0.6562160381183508,-0.1805670108374959,1.2038988155181347,0.8405979258900089,False
cross_domain,21,100,136,4,21,0.02896862719297045,0.7333022332983343,-0.08312455244985616,1.0675540691313987,0.848772224378012,True
cross_domain,22,0,0,0,25,0.0,1.0,-0.04212741705163611,0.7772960086243602,0.8377565792368571,False
cross_domain,22,25,42,2,23,-0.2141154666965244,0.8327511206927054,0.16501762973398906,0.9302484680341916,0.8373585184213116,True
cross_domain,22,50,70,3,22,-0.021844310671868015,0.6906006521284478,-0.020099027976646325,1.1382159791535276,0.8464704448410395,False
cross_domain,22,100,119,5,20,0.06955153826444484,0.7365659245175908,-0.13458998614601328,1.064593589523106,0.851509594059592,True
cross_domain,23,0,0,0,25,0.0,1.0,-0.04212741705163611,0.7772960086243602,0.8377565792368571,False
cross_domain,23,25,91,1,24,-0.2619773853184245,0.978529517095255,0.1874905899454563,0.7654099673580769,0.8223572036785141,False
cross_domain,23,50,91,1,24,-0.2619773853184245,0.978529517095255,0.1874905899454563,0.7654099673580769,0.8223572036785141,False
cross_domain,23,100,112,2,23,-0.21083146545820558,0.9559262051550907,0.15315631187187875,0.7788203904428042,0.8208172387393948,False
cross_domain,24,0,0,0,25,0.0,1.0,-0.04212741705163611,0.7772960086243602,0.8377565792368571,False
cross_domain,24,25,56,2,23,0.038846095758183374,0.7573975001450596,-0.08822939756677577,1.0284148002305338,0.8333001531751144,True
cross_domain,24,50,56,2,23,0.038846095758183374,0.7573975001450596,-0.08822939756677577,1.0284148002305338,0.8333001531751144,True
cross_domain,24,100,161,3,22,-0.10629548413945807,0.8048248696459669,0.07400926596103109,0.9574787457330887,0.8253092336401497,True
cross_domain,25,0,0,0,25,0.0,1.0,-0.04212741705163611,0.7772960086243602,0.8377565792368571,False
cross_domain,25,25,28,1,24,0.08275344051573452,0.578455979949662,-0.15903314614153777,1.3566842903720067,0.8404823363312167,False
cross_domain,25,50,133,2,23,-0.1433542822062333,0.7842729153834644,0.11488233674135565,0.992037620207901,0.8341816698537321,True
cross_domain,25,100,133,2,23,-0.1433542822062333,0.7842729153834644,0.11488233674135565,0.992037620207901,0.8341816698537321,True
cross_domain,26,0,0,0,25,0.0,1.0,-0.04212741705163611,0.7772960086243602,0.8377565792368571,False
cross_domain,26,25,42,2,23,-0.019640004260381615,0.8430270236124133,-0.023911625725092853,0.9170686712740551,0.831634793318301,True
cross_domain,26,50,63,3,22,-0.07787836343003199,0.7908221060324437,0.03739273175500556,0.9813048630701386,0.8314566414589711,True
cross_domain,26,100,168,4,21,-0.15005277762504463,0.8169927973721465,0.12381867519906704,0.9390402229981686,0.8233512762301132,True
cross_domain,27,0,0,0,25,0.0,1.0,-0.04212741705163611,0.7772960086243602,0.8377565792368571,False
cross_domain,27,25,42,2,23,0.13853759297137166,0.3936556665379577,-0.3322321819146743,2.0175781817704053,0.8466169221943309,False
cross_domain,27,50,56,3,22,0.10748934234457451,0.5236125264445168,-0.21800642157549352,1.517286099470948,0.8449579235432018,False
cross_domain,27,100,112,4,21,0.06440630257941418,0.5742053770852088,-0.1479987893543186,1.4025522916566981,0.8449769775963252,False
cross_domain,28,0,0,0,25,0.0,1.0,-0.04212741705163611,0.7772960086243602,0.8377565792368571,False
cross_domain,28,25,42,2,23,0.03081711050102043,0.78620123111218,-0.07660541098672827,0.9883110986791034,0.8351891785489763,True
cross_domain,28,50,56,3,22,0.005844052336071633,0.8050244243419432,-0.050850627266235925,0.9630307560470923,0.8333819244024768,True
cross_domain,28,100,112,5,20,0.020989308317275693,0.8699392727141005,-0.06745808314008013,0.8759797036463692,0.8322706596544055,False
cross_domain,29,0,0,0,25,0.0,1.0,-0.04212741705163611,0.7772960086243602,0.8377565792368571,False
cross_domain,29,25,105,1,24,-0.2028755814756008,0.8360613828397765,0.1641709134100808,0.9203673624589637,0.8310901223279248,True
cross_domain,29,50,105,1,24,-0.2028755814756008,0.8360613828397765,0.1641709134100808,0.9203673624589637,0.8310901223279248,True
cross_domain,29,100,105,1,24,-0.2028755814756008,0.8360613828397765,0.1641709134100808,0.9203673624589637,0.8310901223279248,True
cross_domain,30,0,0,0,25,0.0,1.0,-0.04212741705163611,0.7772960086243602,0.8377565792368571,False
cross_domain,30,25,28,1,24,0.10788478482376851,0.9056131773286837,-0.14030982955833185,0.854435675862676,0.8397110969708803,False
cross_domain,30,50,56,2,23,0.1135516150131636,0.889243006268457,-0.15148393856089523,0.8655972121454235,0.8421408790757188,False
cross_domain,30,100,119,4,21,0.07445007091773534,0.856090501523172,-0.1266173029630781,0.8928084042650827,0.840476186317855,False
cross_domain,31,0,0,0,25,0.0,1.0,-0.04212741705163611,0.7772960086243602,0.8377565792368571,False
cross_domain,31,25,28,1,24,0.10788478482376851,0.9056131773286837,-0.14030982955833185,0.854435675862676,0.8397110969708803,False
cross_domain,31,50,94,2,23,-0.27840771842248035,1.0459961472891453,0.16049763393679062,0.7333293312729595,0.8472604494974659,False
cross_domain,31,100,115,3,22,-0.13672385122533995,0.8862894583464287,0.07870209810775958,0.8683510531058835,0.8474738181875701,False
cross_domain,32,0,0,0,25,0.0,1.0,-0.04212741705163611,0.7772960086243602,0.8377565792368571,False
cross_domain,32,25,42,2,23,-0.06146402563143631,1.0536841295491959,0.004883468890722135,0.722939353219434,0.8364689301354764,False
cross_domain,32,50,105,3,22,-0.12861069393087113,0.9040605197578979,0.07942912587896529,0.839829451908852,0.8330831136174345,False
cross_domain,32,100,105,3,22,-0.12861069393087113,0.9040605197578979,0.07942912587896529,0.839829451908852,0.8330831136174345,False
cross_domain,33,0,0,0,25,0.0,1.0,-0.04212741705163611,0.7772960086243602,0.8377565792368571,False
cross_domain,33,25,91,1,24,-0.2619773853184245,0.978529517095255,0.1874905899454563,0.7654099673580769,0.8223572036785141,False
cross_domain,33,50,91,1,24,-0.2619773853184245,0.978529517095255,0.1874905899454563,0.7654099673580769,0.8223572036785141,False
cross_domain,33,100,112,2,23,-0.1856149447841756,0.9277226529095247,0.13311600469903945,0.809800559594911,0.8207389979725889,False
cross_domain,34,0,0,0,25,0.0,1.0,-0.04212741705163611,0.7772960086243602,0.8377565792368571,False
cross_domain,34,25,56,2,23,0.21936285429104987,0.335730933806524,-0.5873103605169093,2.3970219668558137,0.8409456461841649,False
cross_domain,34,50,56,2,23,0.21936285429104987,0.335730933806524,-0.5873103605169093,2.3970219668558137,0.8409456461841649,False
cross_domain,34,100,119,5,20,0.10775159659425149,0.6183319538533811,-0.2128142039374868,1.3011378614832252,0.8365923264809145,False
cross_domain,35,0,0,0,25,0.0,1.0,-0.04212741705163611,0.7772960086243602,0.8377565792368571,False
cross_domain,35,25,87,2,23,-0.16889584454775897,0.9044402066952985,0.10317869530877655,0.8549397655255311,0.8438036236784422,False
cross_domain,35,50,87,2,23,-0.16889584454775897,0.9044402066952985,0.10317869530877655,0.8549397655255311,0.8438036236784422,False
cross_domain,35,100,108,3,22,-0.07905690360567823,0.7915657388715409,0.03992571352007942,0.9802982401119521,0.8440797355475748,True
cross_domain,36,0,0,0,25,0.0,1.0,-0.04212741705163611,0.7772960086243602,0.8377565792368571,False
cross_domain,36,25,91,1,24,-0.2619773853184245,0.978529517095255,0.1874905899454563,0.7654099673580769,0.8223572036785141,False
cross_domain,36,50,91,1,24,-0.2619773853184245,0.978529517095255,0.1874905899454563,0.7654099673580769,0.8223572036785141,False
cross_domain,36,100,157,2,23,-0.3159864792697109,1.0131509793837048,0.22377167953642757,0.7314727009387108,0.8299700786561371,False
cross_domain,37,0,0,0,25,0.0,1.0,-0.04212741705163611,0.7772960086243602,0.8377565792368571,False
cross_domain,37,25,49,2,23,-0.04414429385879077,0.7095836433593019,0.006524730068516473,1.1014488472151602,0.8386876930785429,False
cross_domain,37,50,63,3,22,-0.020768191967494368,0.7281942611475242,-0.021761215782004743,1.0732321667633267,0.8370572124453112,True
cross_domain,37,100,147,5,20,0.014051837152871659,0.7232803832404568,-0.06858494664820308,1.0897088032645144,0.8382045847298772,True
cross_domain,38,0,0,0,25,0.0,1.0,-0.04212741705163611,0.7772960086243602,0.8377565792368571,False
cross_domain,38,25,91,1,24,-0.2619773853184245,0.978529517095255,0.1874905899454563,0.7654099673580769,0.8223572036785141,False
cross_domain,38,50,91,1,24,-0.2619773853184245,0.978529517095255,0.1874905899454563,0.7654099673580769,0.8223572036785141,False
cross_domain,38,100,157,2,23,-0.3159864792697109,1.0131509793837048,0.22377167953642757,0.7314727009387108,0.8299700786561371,False
cross_domain,39,0,0,0,25,0.0,1.0,-0.04212741705163611,0.7772960086243602,0.8377565792368571,False
cross_domain,39,25,49,2,23,0.054957376717557654,0.8369151619223546,-0.0968450144268225,0.9229576178774094,0.8334212249554943,True
cross_domain,39,50,77,3,22,-0.06170438523352344,0.8272608687333878,0.01863739947647734,0.9322932871640981,0.8346453813773781,True
cross_domain,39,100,140,4,21,-0.11212805662140038,0.8139270687376134,0.0786131357350506,0.9453453963925048,0.8309767261245473,True
cross_domain,40,0,0,0,25,0.0,1.0,-0.04212741705163611,0.7772960086243602,0.8377565792368571,False
cross_domain,40,25,87,2,23,-0.18554656078758175,0.8600962846071847,0.13377360090563495,0.8990437847653268,0.8456624278202658,False
cross_domain,40,50,87,2,23,-0.18554656078758175,0.8600962846071847,0.13377360090563495,0.8990437847653268,0.8456624278202658,False
cross_domain,40,100,115,3,22,-0.13977537259746284,0.8817960562035314,0.08336351511470129,0.8723909585657523,0.8479121149366178,False
cross_domain,41,0,0,0,25,0.0,1.0,-0.04212741705163611,0.7772960086243602,0.8377565792368571,False
cross_domain,41,25,28,1,24,0.2312907985989956,0.4761039533576926,-0.4355252427975295,1.6553943798812847,0.8464446973397339,False
cross_domain,41,50,63,2,23,0.19840773524003805,0.36805818869962387,-0.4987650451756884,2.1957683436120923,0.8519050627930949,False
cross_domain,41,100,119,4,21,0.15792005241348286,0.5414836138475047,-0.31446563373073594,1.5051142070749937,0.8582112615007647,False
cross_domain,42,0,0,0,25,0.0,1.0,-0.04212741705163611,0.7772960086243602,0.8377565792368571,False
cross_domain,42,25,35,2,23,-0.04715899623020725,0.8665780714277824,0.001544102992333587,0.8914846706774794,0.8347590566132861,False
cross_domain,42,50,56,3,22,0.005844052336071633,0.8050244243419432,-0.050850627266235925,0.9630307560470923,0.8333819244024768,True
cross_domain,42,100,112,6,19,0.029434656733998185,0.7196021279542336,-0.08705889713652172,1.093761573047068,0.8300526674123143,True
cross_domain,43,0,0,0,25,0.0,1.0,-0.04212741705163611,0.7772960086243602,0.8377565792368571,False
cross_domain,43,25,35,2,23,0.19283592806721458,0.6063179564706167,-0.30297391736510987,1.2948809411773017,0.8348664580767914,False
cross_domain,43,50,56,3,22,0.20062891975722266,0.5927701272525768,-0.32835929557264776,1.3337044037400307,0.8343894944287221,False
cross_domain,43,100,112,5,20,0.17804635885572045,0.6998496167402996,-0.27818500871237556,1.1285371627753948,0.8377285335602392,False
cross_domain,44,0,0,0,25,0.0,1.0,-0.04212741705163611,0.7772960086243602,0.8377565792368571,False
cross_domain,44,25,42,2,23,-0.21373416330614195,1.02505789282323,0.13085624021295988,0.7414191323628486,0.8299496717937713,False
cross_domain,44,50,147,3,22,-0.21695392879318784,0.8943602099549404,0.17722317063404455,0.8368756047553129,0.8213465614525919,False
cross_domain,44,100,147,3,22,-0.21695392879318784,0.8943602099549404,0.17722317063404455,0.8368756047553129,0.8213465614525919,False
cross_domain,45,0,0,0,25,0.0,1.0,-0.04212741705163611,0.7772960086243602,0.8377565792368571,False
cross_domain,45,25,42,2,23,0.21146110425594503,0.7910216489546867,-0.2638574882893384,0.9824444228326764,0.839072412854441,True
cross_domain,45,50,133,3,22,-0.10221644257877181,0.9191951308360663,0.056353568377600596,0.8126562000949301,0.8232649411980467,False
cross_domain,45,100,133,3,22,-0.10221644257877181,0.9191951308360663,0.056353568377600596,0.8126562000949301,0.8232649411980467,False
cross_domain,46,0,0,0,25,0.0,1.0,-0.04212741705163611,0.7772960086243602,0.8377565792368571,False
cross_domain,46,25,28,1,24,0.08275344051573452,0.578455979949662,-0.15903314614153777,1.3566842903720067,0.8404823363312167,False
cross_domain,46,50,133,2,23,-0.1433542822062333,0.7842729153834644,0.11488233674135565,0.992037620207901,0.8341816698537321,True
cross_domain,46,100,133,2,23,-0.1433542822062333,0.7842729153834644,0.11488233674135565,0.992037620207901,0.8341816698537321,True
cross_domain,47,0,0,0,25,0.0,1.0,-0.04212741705163611,0.7772960086243602,0.8377565792368571,False
cross_domain,47,25,42,2,23,-0.27142256156299227,0.9034510354344865,0.20152900714998895,0.8523524274694256,0.8347599124665166,False
cross_domain,47,50,63,3,22,-0.1850149312625468,0.8904085045081923,0.13059788833480473,0.8609892080461585,0.833384133889081,False
cross_domain,47,100,119,4,21,-0.11876694967339041,0.7861134727815411,0.08728940552633997,0.9870694611906538,0.8324780777933017,True
cross_domain,48,0,0,0,25,0.0,1.0,-0.04212741705163611,0.7772960086243602,0.8377565792368571,False
cross_domain,48,25,84,2,23,-0.0867568797909498,0.7565942980046854,0.05274595700434749,1.0295633807672704,0.8328951502700829,True
cross_domain,48,50,84,2,23,-0.0867568797909498,0.7565942980046854,0.05274595700434749,1.0295633807672704,0.8328951502700829,True
cross_domain,48,100,105,3,22,-0.027744409276750367,0.7198889934710598,-0.013873090623047724,1.08987793315093,0.8320280935357078,True
cross_domain,49,0,0,0,25,0.0,1.0,-0.04212741705163611,0.7772960086243602,0.8377565792368571,False
cross_domain,49,25,49,2,23,0.15687208833236335,0.6366368255943354,-0.24864865071363207,1.2352187426299521,0.8426808283872212,False
cross_domain,49,50,70,3,22,0.04956751275527296,0.7540921248350771,-0.10148160547990748,1.033647660340823,0.8380239613682033,True
cross_domain,49,100,164,5,20,-0.03813278372971113,0.8403282372848947,-0.01629905624162992,0.9137289223418319,0.8490982040231595,True
cross_domain,50,0,0,0,25,0.0,1.0,-0.04212741705163611,0.7772960086243602,0.8377565792368571,False
cross_domain,50,25,49,2,23,0.2291611846115623,0.5106098764069981,-0.4162276345906868,1.554268760543543,0.8460418128146395,False
cross_domain,50,50,63,3,22,0.1922128107466562,0.5796866698180974,-0.32555803031989017,1.3694073010271288,0.8445154907733434,False
cross_domain,50,100,119,5,20,0.07457528421728207,0.7036345284910324,-0.1449970541798817,1.122453117427979,0.8487611986722592,False
cross_domain,51,0,0,0,25,0.0,1.0,-0.04212741705163611,0.7772960086243602,0.8377565792368571,False
cross_domain,51,25,49,2,23,-0.12185339515965027,0.8176260583218102,0.07807723787557919,0.9475384132537007,0.8374973231006891,True
cross_domain,51,50,84,3,22,-0.002905030011291564,0.6179646903713706,-0.043687049645637306,1.2862550233558225,0.8427554383049106,False
cross_domain,51,100,112,4,21,0.049229466293494714,0.6427468826925427,-0.1185141020938845,1.2414083559701115,0.8429693880097765,False
cross_domain,52,0,0,0,25,0.0,1.0,-0.04212741705163611,0.7772960086243602,0.8377565792368571,False
cross_domain,52,25,91,1,24,-0.2619773853184245,0.978529517095255,0.1874905899454563,0.7654099673580769,0.8223572036785141,False
cross_domain,52,50,91,1,24,-0.2619773853184245,0.978529517095255,0.1874905899454563,0.7654099673580769,0.8223572036785141,False
cross_domain,52,100,119,2,23,-0.27234618229854923,0.9437913579529359,0.2111636207873731,0.7913070562002148,0.8234855982114279,False
cross_domain,53,0,0,0,25,0.0,1.0,-0.04212741705163611,0.7772960086243602,0.8377565792368571,False
cross_domain,53,25,49,2,23,0.04788187295584209,0.6994129578254703,-0.10175741398773079,1.1187276749327448,0.8379876614448383,False
cross_domain,53,50,105,3,22,0.01966515237605737,0.6665359762220616,-0.07397116216296286,1.1890667711409397,0.837316033201246,False
cross_domain,53,100,105,3,22,0.01966515237605737,0.6665359762220616,-0.07397116216296286,1.1890667711409397,0.837316033201246,False
cross_domain,54,0,0,0,25,0.0,1.0,-0.04212741705163611,0.7772960086243602,0.8377565792368571,False
cross_domain,54,25,49,2,23,0.039783604393619026,0.7212883463408095,-0.09125357636000865,1.0834798406883965,0.8418464228913553,True
cross_domain,54,50,115,3,22,-0.0645587216831285,0.8129233430365376,0.0191466727926327,0.9526224894760439,0.8501299475984085,True
cross_domain,54,100,115,3,22,-0.0645587216831285,0.8129233430365376,0.0191466727926327,0.9526224894760439,0.8501299475984085,True
cross_domain,55,0,0,0,25,0.0,1.0,-0.04212741705163611,0.7772960086243602,0.8377565792368571,False
cross_domain,55,25,28,1,24,0.10788478482376851,0.9056131773286837,-0.14030982955833185,0.854435675862676,0.8397110969708803,False
cross_domain,55,50,63,2,23,0.15245613900218552,0.5579463588385595,-0.27505856578301374,1.4216315650832383,0.844427606151516,False
cross_domain,55,100,189,5,20,-0.0891242013871929,0.8371296466410815,0.055008885125130656,0.9056384384889596,0.8244946295145439,True
cross_domain,56,0,0,0,25,0.0,1.0,-0.04212741705163611,0.7772960086243602,0.8377565792368571,False
cross_domain,56,25,66,1,24,-0.7379577191014759,1.3248106204677266,0.3926037296989219,0.5817093828069025,0.8452855217669825,False
cross_domain,56,50,66,1,24,-0.7379577191014759,1.3248106204677266,0.3926037296989219,0.5817093828069025,0.8452855217669825,False
cross_domain,56,100,150,3,22,-0.11006411242174008,0.8346198951041603,0.0678948066391584,0.9227646211728491,0.8451655922919663,True
cross_domain,57,0,0,0,25,0.0,1.0,-0.04212741705163611,0.7772960086243602,0.8377565792368571,False
cross_domain,57,25,56,1,24,0.006636515869874122,0.6296246796295262,-0.05220223799920306,1.248995056802171,0.8372593095911904,False
cross_domain,57,50,56,1,24,0.006636515869874122,0.6296246796295262,-0.05220223799920306,1.248995056802171,0.8372593095911904,False
cross_domain,57,100,112,4,21,0.01587890176071654,0.6299781313596119,-0.07227464647880212,1.268733821986778,0.8452861969473331,False
cross_domain,58,0,0,0,25,0.0,1.0,-0.04212741705163611,0.7772960086243602,0.8377565792368571,False
cross_domain,58,25,63,1,24,-0.15843863170953007,0.7862204267015891,0.12443697691187923,0.9871340943527057,0.8347665307024124,True
cross_domain,58,50,63,1,24,-0.15843863170953007,0.7862204267015891,0.12443697691187923,0.9871340943527057,0.8347665307024124,True
cross_domain,58,100,119,4,21,-0.16778359731260672,0.8783994417474295,0.12639080257610805,0.8645172970617497,0.8275922936556532,False
cross_domain,59,0,0,0,25,0.0,1.0,-0.04212741705163611,0.7772960086243602,0.8377565792368571,False
cross_domain,59,25,42,2,23,-0.27142256156299227,0.9034510354344865,0.20152900714998895,0.8523524274694256,0.8347599124665166,False
cross_domain,59,50,105,3,22,-0.2050185013834277,0.8374597268203086,0.1700740638582973,0.9172827245928256,0.831471547021535,True
cross_domain,59,100,105,3,22,-0.2050185013834277,0.8374597268203086,0.1700740638582973,0.9172827245928256,0.831471547021535,True
cross_domain,60,0,0,0,25,0.0,1.0,-0.04212741705163611,0.7772960086243602,0.8377565792368571,False
cross_domain,60,25,42,2,23,-0.06146402563143631,1.0536841295491959,0.004883468890722135,0.722939353219434,0.8364689301354764,False
cross_domain,60,50,63,3,22,-0.037862651935516176,0.9864654370955672,-0.009510006861828128,0.7684596910869742,0.8353782709587654,False
cross_domain,60,100,112,5,20,0.052141959349033505,0.8737142691994103,-0.0992025917784157,0.8713785370680748,0.8368623711247458,False
cross_domain,61,0,0,0,25,0.0,1.0,-0.04212741705163611,0.7772960086243602,0.8377565792368571,False
cross_domain,61,25,42,2,23,0.24686069101259023,0.5124284782658967,-0.4393340995054382,1.5425469658508244,0.8359590644415619,False
cross_domain,61,50,98,3,22,0.11842150944574589,0.576146649093277,-0.22611999481338102,1.3900374064464973,0.8348346436293158,False
cross_domain,61,100,119,4,21,0.1291642692537427,0.5004709768547357,-0.2794144854249155,1.6323716627605906,0.8463411753166156,False
cross_domain,62,0,0,0,25,0.0,1.0,-0.04212741705163611,0.7772960086243602,0.8377565792368571,False
cross_domain,62,25,28,1,24,0.2016787897127689,0.7204095146556896,-0.26904126433445236,1.0819227351377794,0.8380936974941251,True
cross_domain,62,50,56,2,23,0.2207193628863591,0.594251068114312,-0.3557777327875987,1.3306461322087095,0.8469971606564114,False
cross_domain,62,100,112,5,20,0.15528517252569865,0.6574468666531167,-0.2638518094583494,1.2126154004748642,0.8436242191159372,False
cross_domain,63,0,0,0,25,0.0,1.0,-0.04212741705163611,0.7772960086243602,0.8377565792368571,False
cross_domain,63,25,56,1,24,0.006636515869874122,0.6296246796295262,-0.05220223799920306,1.248995056802171,0.8372593095911904,False
cross_domain,63,50,56,1,24,0.006636515869874122,0.6296246796295262,-0.05220223799920306,1.248995056802171,0.8372593095911904,False
cross_domain,63,100,119,4,21,0.07489131025131224,0.6805151586895225,-0.14838974871510535,1.164531679362447,0.83389253457277,False
cross_domain,64,0,0,0,25,0.0,1.0,-0.04212741705163611,0.7772960086243602,0.8377565792368571,False
cross_domain,64,25,91,1,24,-0.2619773853184245,0.978529517095255,0.1874905899454563,0.7654099673580769,0.8223572036785141,False
cross_domain,64,50,91,1,24,-0.2619773853184245,0.978529517095255,0.1874905899454563,0.7654099673580769,0.8223572036785141,False
cross_domain,64,100,105,2,23,-0.21534858392852801,0.9508631762995241,0.15503167646805513,0.7868144046196581,0.8201309841236804,False
cross_domain,65,0,0,0,25,0.0,1.0,-0.04212741705163611,0.7772960086243602,0.8377565792368571,False
cross_domain,65,25,28,1,24,-0.2848154099887585,0.8210496696527488,0.23409690514234235,0.9456020523724464,0.8392615513714794,True
cross_domain,65,50,56,2,23,-0.015707362614913185,0.7600297008033523,-0.02785435245947649,1.0243509841343714,0.8394434092670943,True
cross_domain,65,100,112,5,20,0.06049004020481767,0.6215603669683164,-0.13795486286178904,1.2890276601470858,0.8474107704103633,False
cross_domain,66,0,0,0,25,0.0,1.0,-0.04212741705163611,0.7772960086243602,0.8377565792368571,False
cross_domain,66,25,42,2,23,0.21858629360341744,0.6578111277555426,-0.31761615643650115,1.1916537074314102,0.8396014752654954,False
cross_domain,66,50,63,3,22,0.1821716273236688,0.6625824863824242,-0.2787671060630479,1.1876436672397674,0.8382972821992347,False
cross_domain,66,100,112,5,20,-0.019472829955494514,0.7900818175753589,-0.026399346849918195,0.9814074914165198,0.8364502721304414,True
cross_domain,67,0,0,0,25,0.0,1.0,-0.04212741705163611,0.7772960086243602,0.8377565792368571,False
cross_domain,67,25,42,2,23,0.16772669603973206,0.7379317535083423,-0.22999391709442318,1.0560873247490963,0.8365256114353913,True
cross_domain,67,50,70,3,22,0.14999369346601057,0.7979077633036061,-0.2053817510795505,0.9721544138382004,0.8388733905859393,True
cross_domain,67,100,147,5,20,0.04443946917514177,0.7200115190452576,-0.1090039099054217,1.096111087785931,0.8374742788199803,True
cross_domain,68,0,0,0,25,0.0,1.0,-0.04212741705163611,0.7772960086243602,0.8377565792368571,False
cross_domain,68,25,35,2,23,-0.039513416554902356,0.886981495800304,-0.004809599785439728,0.8683310976304834,0.8313659179204569,False
cross_domain,68,50,63,3,22,-0.017099110759975875,0.7701114728533363,-0.0267283014835506,1.0100724139091608,0.8338879481859504,True
cross_domain,68,100,105,5,20,0.05951455678727055,0.7119115247900524,-0.12407983693726296,1.106523659990659,0.8466025125212384,False
cross_domain,69,0,0,0,25,0.0,1.0,-0.04212741705163611,0.7772960086243602,0.8377565792368571,False
cross_domain,69,25,28,1,24,0.10788478482376851,0.9056131773286837,-0.14030982955833185,0.854435675862676,0.8397110969708803,False
cross_domain,69,50,112,3,22,-0.020504241829721992,0.7750801496212614,-0.02517947533765446,1.0035301620536523,0.8358635824636206,True
cross_domain,69,100,112,3,22,-0.020504241829721992,0.7750801496212614,-0.02517947533765446,1.0035301620536523,0.8358635824636206,True
cross_domain,70,0,0,0,25,0.0,1.0,-0.04212741705163611,0.7772960086243602,0.8377565792368571,False
cross_domain,70,25,56,1,24,0.006636515869874122,0.6296246796295262,-0.05220223799920306,1.248995056802171,0.8372593095911904,False
cross_domain,70,50,56,1,24,0.006636515869874122,0.6296246796295262,-0.05220223799920306,1.248995056802171,0.8372593095911904,False
cross_domain,70,100,119,2,23,-0.08898310197676636,0.7161321171861634,0.06452991041885,1.0973353985217247,0.8340672443763377,True
cross_domain,71,0,0,0,25,0.0,1.0,-0.04212741705163611,0.7772960086243602,0.8377565792368571,False
cross_domain,71,25,35,1,24,0.1963121860571155,0.25304759619592376,-0.669336469108611,3.1463880229503407,0.8423966380554798,False
cross_domain,71,50,63,2,23,0.13062588517879747,0.5748123896254439,-0.23723217373399064,1.3795555946703983,0.8446049815789302,False
cross_domain,71,100,119,4,21,0.004913867576763273,0.7007323597592204,-0.05706081882640227,1.128060855643143,0.8417666863125631,False
cross_domain,72,0,0,0,25,0.0,1.0,-0.04212741705163611,0.7772960086243602,0.8377565792368571,False
cross_domain,72,25,105,1,24,-0.2028755814756008,0.8360613828397765,0.1641709134100808,0.9203673624589637,0.8310901223279248,True
cross_domain,72,50,105,1,24,-0.2028755814756008,0.8360613828397765,0.1641709134100808,0.9203673624589637,0.8310901223279248,True
cross_domain,72,100,105,1,24,-0.2028755814756008,0.8360613828397765,0.1641709134100808,0.9203673624589637,0.8310901223279248,True
cross_domain,73,0,0,0,25,0.0,1.0,-0.04212741705163611,0.7772960086243602,0.8377565792368571,False
cross_domain,73,25,49,2,23,-0.12185339515965027,0.8176260583218102,0.07807723787557919,0.9475384132537007,0.8374973231006891,True
cross_domain,73,50,77,3,22,-0.1782644776977742,0.8174114557368181,0.13879314590330782,0.9465147078767001,0.8391596253824825,True
cross_domain,73,100,119,5,20,-0.15318374576293303,0.8037834641753651,0.12195868173962175,0.9621506894573181,0.8378733028209169,True
cross_domain,74,0,0,0,25,0.0,1.0,-0.04212741705163611,0.7772960086243602,0.8377565792368571,False
cross_domain,74,25,28,1,24,0.2016787897127689,0.7204095146556896,-0.26904126433445236,1.0819227351377794,0.8380936974941251,True
cross_domain,74,50,56,2,23,0.15049481306044704,0.641130354061902,-0.24072527416478348,1.227897941998047,0.8407171210550402,False
cross_domain,74,100,161,3,22,-0.07257576544588532,0.768856929356922,0.03682460352570055,1.0151477058265135,0.83372542850299,True
cross_domain,75,0,0,0,25,0.0,1.0,-0.04212741705163611,0.7772960086243602,0.8377565792368571,False
cross_domain,75,25,42,2,23,-0.10905338340270071,0.6883273095652277,0.08522046879687387,1.1352612229243577,0.8451326568522527,False
cross_domain,75,50,63,3,22,-0.004391238995169973,0.6502287572261267,-0.04044537326742451,1.2100926908377478,0.8446691090648517,False
cross_domain,75,100,105,5,20,-0.08286352939408573,0.740374056841808,0.04982721093520522,1.0578576831233466,0.8398632288987236,True
cross_domain,76,0,0,0,25,0.0,1.0,-0.04212741705163611,0.7772960086243602,0.8377565792368571,False
cross_domain,76,25,105,1,24,-0.2028755814756008,0.8360613828397765,0.1641709134100808,0.9203673624589637,0.8310901223279248,True
cross_domain,76,50,105,1,24,-0.2028755814756008,0.8360613828397765,0.1641709134100808,0.9203673624589637,0.8310901223279248,True
cross_domain,76,100,105,1,24,-0.2028755814756008,0.8360613828397765,0.1641709134100808,0.9203673624589637,0.8310901223279248,True
cross_domain,77,0,0,0,25,0.0,1.0,-0.04212741705163611,0.7772960086243602,0.8377565792368571,False
cross_domain,77,25,56,1,24,0.006636515869874122,0.6296246796295262,-0.05220223799920306,1.248995056802171,0.8372593095911904,False
cross_domain,77,50,56,1,24,0.006636515869874122,0.6296246796295262,-0.05220223799920306,1.248995056802171,0.8372593095911904,False
cross_domain,77,100,168,3,22,-0.13694881089033425,0.7914031370932523,0.11450405403009309,0.9780396209564657,0.8324010046652508,True
cross_domain,78,0,0,0,25,0.0,1.0,-0.04212741705163611,0.7772960086243602,0.8377565792368571,False
cross_domain,78,25,49,2,23,-0.03792158515592056,0.8722222476135829,-0.008437720375825115,0.8838350669171295,0.8407750944609352,False
cross_domain,78,50,84,3,22,-0.06263254186975617,0.8885795902979896,0.015490036494147093,0.8594995094032806,0.8376453290272612,False
cross_domain,78,100,105,4,21,-0.008873027835752223,0.8318313565458356,-0.03770166579881349,0.9245091574672649,0.8372136295456188,True
cross_domain,79,0,0,0,25,0.0,1.0,-0.04212741705163611,0.7772960086243602,0.8377565792368571,False
cross_domain,79,25,28,1,24,-0.2848154099887585,0.8210496696527488,0.23409690514234235,0.9456020523724464,0.8392615513714794,True
cross_domain,79,50,105,3,22,-0.025221487777099524,0.5918626848816818,-0.008475203210067834,1.3538570785163833,0.8510552232523854,False
cross_domain,79,100,105,3,22,-0.025221487777099524,0.5918626848816818,-0.008475203210067834,1.3538570785163833,0.8510552232523854,False
cross_domain,80,0,0,0,25,0.0,1.0,-0.04212741705163611,0.7772960086243602,0.8377565792368571,False
cross_domain,80,25,28,1,24,0.2312907985989956,0.4761039533576926,-0.4355252427975295,1.6553943798812847,0.8464446973397339,False
cross_domain,80,50,70,3,22,0.19863990365751805,0.5485182540074981,-0.3556563865192162,1.454772994241255,0.8597229094142232,False
cross_domain,80,100,112,5,20,0.21723333308375645,0.5697782503065704,-0.3961633968923004,1.4208028997222018,0.861917061304659,False
cross_domain,81,0,0,0,25,0.0,1.0,-0.04212741705163611,0.7772960086243602,0.8377565792368571,False
cross_domain,81,25,35,2,23,0.1290989017194514,0.6386501243863484,-0.2088491889784649,1.2268923372538494,0.8346563219605063,False
cross_domain,81,50,63,3,22,0.17393419065839488,0.5654104888824915,-0.3064500881587808,1.4063033056789855,0.8435197527340035,False
cross_domain,81,100,119,5,20,0.1062549158999226,0.5136535834921392,-0.24121238105743617,1.5983372492199623,0.8493827141696413,False
cross_domain,82,0,0,0,25,0.0,1.0,-0.04212741705163611,0.7772960086243602,0.8377565792368571,False
cross_domain,82,25,28,1,24,0.08275344051573452,0.578455979949662,-0.15903314614153777,1.3566842903720067,0.8404823363312167,False
cross_domain,82,50,84,2,23,0.032720815499606794,0.6109921166996951,-0.0914678939321405,1.3007419501516833,0.840460524008332,False
cross_domain,82,100,105,3,22,0.05221593523901448,0.61955149819209,-0.12137739709528653,1.2882559790976604,0.8385082781320533,False
cross_domain,83,0,0,0,25,0.0,1.0,-0.04212741705163611,0.7772960086243602,0.8377565792368571,False
cross_domain,83,25,49,2,23,-0.08369762383945352,0.7480335483615658,0.04748880043887308,1.041570991117386,0.8378070859043207,True
cross_domain,83,50,70,3,22,0.033131988949254634,0.6627752040448742,-0.08865491419357421,1.1881123332940684,0.8364170768359738,False
cross_domain,83,100,154,5,20,0.06180300127389062,0.6148984660796495,-0.1461225802163152,1.3200106849708941,0.8454982517482516,False
cross_domain,84,0,0,0,25,0.0,1.0,-0.04212741705163611,0.7772960086243602,0.8377565792368571,False
cross_domain,84,25,42,2,23,0.06232782405135978,0.8560525958102608,-0.10131008995981125,0.9014638851260155,0.8354572897427462,True
cross_domain,84,50,133,3,22,-0.1484196447386695,0.9354201880642617,0.10378245761478143,0.7913625208635832,0.8189710587039299,False
cross_domain,84,100,133,3,22,-0.1484196447386695,0.9354201880642617,0.10378245761478143,0.7913625208635832,0.8189710587039299,False
cross_domain,85,0,0,0,25,0.0,1.0,-0.04212741705163611,0.7772960086243602,0.8377565792368571,False
cross_domain,85,25,42,2,23,-0.11429030340012045,0.7819147213018895,0.07495926729070179,0.9939389397434655,0.8365248134194363,True
cross_domain,85,50,105,3,22,-0.14212680152867682,0.7851569230528604,0.11284664788722745,0.9882097001958582,0.833156650108634,True
cross_domain,85,100,105,3,22,-0.14212680152867682,0.7851569230528604,0.11284664788722745,0.9882097001958582,0.833156650108634,True
cross_domain,86,0,0,0,25,0.0,1.0,-0.04212741705163611,0.7772960086243602,0.8377565792368571,False
cross_domain,86,25,42,2,23,0.24777814143688,0.6061014810797654,-0.38107698564916315,1.297995495918028,0.8388117941438042,False
cross_domain,86,50,70,3,22,0.2303074790425353,0.6527266491682339,-0.3478843264910662,1.2092986567957011,0.8395559324669308,False
cross_domain,86,100,150,5,20,0.07359046780789644,0.7524410078322075,-0.14417471239826082,1.0398820849475165,0.8458274398868458,True
cross_domain,87,0,0,0,25,0.0,1.0,-0.04212741705163611,0.7772960086243602,0.8377565792368571,False
cross_domain,87,25,56,2,23,0.16226851833815392,0.4117421620180603,-0.37174383129973854,1.9415712582325935,0.8407424556586062,False
cross_domain,87,50,56,2,23,0.16226851833815392,0.4117421620180603,-0.37174383129973854,1.9415712582325935,0.8407424556586062,False
cross_domain,87,100,119,3,22,-0.008954059660143562,0.6184361852171848,-0.03538464098613639,1.2934137578119518,0.837398224710155,False
cross_domain,88,0,0,0,25,0.0,1.0,-0.04212741705163611,0.7772960086243602,0.8377565792368571,False
cross_domain,88,25,63,1,24,-0.15843863170953007,0.7862204267015891,0.12443697691187923,0.9871340943527057,0.8347665307024124,True
cross_domain,88,50,63,1,24,-0.15843863170953007,0.7862204267015891,0.12443697691187923,0.9871340943527057,0.8347665307024124,True
cross_domain,88,100,168,2,23,-0.1856830717359421,0.8191943569056376,0.16476682950517316,0.9368814183542886,0.8280318995158644,True
cross_domain,89,0,0,0,25,0.0,1.0,-0.04212741705163611,0.7772960086243602,0.8377565792368571,False
cross_domain,89,25,42,2,23,0.03081711050102043,0.78620123111218,-0.07660541098672827,0.9883110986791034,0.8351891785489763,True
cross_domain,89,50,77,3,22,-0.022731533302986464,0.8431591499141398,-0.021979455000272874,0.9135033753233823,0.831933446509736,True
cross_domain,89,100,182,4,21,-0.1159407074292018,0.8331151359265088,0.085356992638332,0.9121142792330054,0.823375648926893,True
cross_domain,90,0,0,0,25,0.0,1.0,-0.04212741705163611,0.7772960086243602,0.8377565792368571,False
cross_domain,90,25,63,1,24,-0.15843863170953007,0.7862204267015891,0.12443697691187923,0.9871340943527057,0.8347665307024124,True
cross_domain,90,50,63,1,24,-0.15843863170953007,0.7862204267015891,0.12443697691187923,0.9871340943527057,0.8347665307024124,True
cross_domain,90,100,119,3,22,-0.18064603067901708,0.891393146867216,0.13672466874467307,0.8499063496602479,0.8275960553499885,False
cross_domain,91,0,0,0,25,0.0,1.0,-0.04212741705163611,0.7772960086243602,0.8377565792368571,False
cross_domain,91,25,63,1,24,-0.15843863170953007,0.7862204267015891,0.12443697691187923,0.9871340943527057,0.8347665307024124,True
cross_domain,91,50,63,1,24,-0.15843863170953007,0.7862204267015891,0.12443697691187923,0.9871340943527057,0.8347665307024124,True
cross_domain,91,100,119,3,22,0.017355417016019264,0.6954069956389308,-0.07272979089126931,1.136913458004634,0.8445176790602702,False
cross_domain,92,0,0,0,25,0.0,1.0,-0.04212741705163611,0.7772960086243602,0.8377565792368571,False
cross_domain,92,25,35,1,24,0.1963121860571155,0.25304759619592376,-0.669336469108611,3.1463880229503407,0.8423966380554798,False
cross_domain,92,50,56,2,23,-0.03946472743898746,0.6369005438853962,0.006373629278831002,1.2348278249638498,0.8394537532573061,False
cross_domain,92,100,105,4,21,0.030736498013489717,0.6220282167547619,-0.09362499200564528,1.2834283990746438,0.8533472704642798,False
cross_domain,93,0,0,0,25,0.0,1.0,-0.04212741705163611,0.7772960086243602,0.8377565792368571,False
cross_domain,93,25,49,2,23,-0.08842648864270665,0.9846030424333281,0.031180728061574715,0.7750243017714502,0.8368612367736606,False
cross_domain,93,50,70,3,22,0.015842292020039395,0.9114038120243799,-0.05864329659655863,0.8384328160370368,0.8394880352439272,False
cross_domain,93,100,189,5,20,-0.08272267507222617,0.9150075199702294,0.04415652386984217,0.7988311807877483,0.8235802079626656,False
cross_domain,94,0,0,0,25,0.0,1.0,-0.04212741705163611,0.7772960086243602,0.8377565792368571,False
cross_domain,94,25,56,1,24,0.006636515869874122,0.6296246796295262,-0.05220223799920306,1.248995056802171,0.8372593095911904,False
cross_domain,94,50,56,1,24,0.006636515869874122,0.6296246796295262,-0.05220223799920306,1.248995056802171,0.8372593095911904,False
cross_domain,94,100,119,2,23,-0.08898310197676636,0.7161321171861634,0.06452991041885,1.0973353985217247,0.8340672443763377,True
cross_domain,95,0,0,0,25,0.0,1.0,-0.04212741705163611,0.7772960086243602,0.8377565792368571,False
cross_domain,95,25,56,1,24,0.006636515869874122,0.6296246796295262,-0.05220223799920306,1.248995056802171,0.8372593095911904,False
cross_domain,95,50,56,1,24,0.006636515869874122,0.6296246796295262,-0.05220223799920306,1.248995056802171,0.8372593095911904,False
cross_domain,95,100,119,2,23,-0.08898310197676636,0.7161321171861634,0.06452991041885,1.0973353985217247,0.8340672443763377,True
cross_domain,96,0,0,0,25,0.0,1.0,-0.04212741705163611,0.7772960086243602,0.8377565792368571,False
cross_domain,96,25,42,2,23,0.24777814143688,0.6061014810797654,-0.38107698564916315,1.297995495918028,0.8388117941438042,False
cross_domain,96,50,147,3,22,-0.051320536476087183,0.7676726828300993,0.011176279260137121,1.0159099023030245,0.8316852080447309,True
cross_domain,96,100,147,3,22,-0.051320536476087183,0.7676726828300993,0.011176279260137121,1.0159099023030245,0.8316852080447309,True
cross_domain,97,0,0,0,25,0.0,1.0,-0.04212741705163611,0.7772960086243602,0.8377565792368571,False
cross_domain,97,25,105,1,24,-0.2028755814756008,0.8360613828397765,0.1641709134100808,0.9203673624589637,0.8310901223279248,True
cross_domain,97,50,105,1,24,-0.2028755814756008,0.8360613828397765,0.1641709134100808,0.9203673624589637,0.8310901223279248,True
cross_domain,97,100,105,1,24,-0.2028755814756008,0.8360613828397765,0.1641709134100808,0.9203673624589637,0.8310901223279248,True
cross_domain,98,0,0,0,25,0.0,1.0,-0.04212741705163611,0.7772960086243602,0.8377565792368571,False
cross_domain,98,25,49,2,23,0.1844088812440511,0.5507736792142118,-0.3225694076774994,1.436513608702432,0.8451564967544403,False
cross_domain,98,50,63,3,22,0.15841312670219915,0.6101363917821594,-0.26537243152243883,1.2969999905889367,0.8436086921630759,False
cross_domain,98,100,119,5,20,0.16878545150220034,0.5445212386571542,-0.33390203316386086,1.4969630176239688,0.8512757719164709,False
cross_domain,99,0,0,0,25,0.0,1.0,-0.04212741705163611,0.7772960086243602,0.8377565792368571,False
cross_domain,99,25,35,1,24,0.1963121860571155,0.25304759619592376,-0.669336469108611,3.1463880229503407,0.8423966380554798,False
cross_domain,99,50,56,2,23,0.20187893999723042,0.3759748363238811,-0.4896555127141599,2.132783929461311,0.8418188844368479,False
cross_domain,99,100,147,3,22,-0.09971936949507215,0.7870370311714242,0.06793419654599415,0.9850719870011677,0.8260996519546838,True
united_states,0,0,0,0,17,0.0,1.0,-0.06760503039803871,0.9116500129737521,0.7572204796107186,True
united_states,0,25,80,2,15,0.16498367524658977,0.5665874780838839,-0.3334611161760028,1.6349533086776904,0.7548307197226432,False
united_states,0,50,80,2,15,0.16498367524658977,0.5665874780838839,-0.3334611161760028,1.6349533086776904,0.7548307197226432,False
united_states,0,100,104,3,14,-0.016711706996578472,0.7686765157022941,-0.03275077257278485,1.1956135874064142,0.7479594867270551,False
united_states,1,0,0,0,17,0.0,1.0,-0.06760503039803871,0.9116500129737521,0.7572204796107186,True
united_states,1,25,78,2,15,-0.28491721399401587,1.262265791956611,0.12789384303026588,0.7038078999784599,0.743600509119235,False
united_states,1,50,78,2,15,-0.28491721399401587,1.262265791956611,0.12789384303026588,0.7038078999784599,0.743600509119235,False
united_states,1,100,159,4,13,-0.019320635454818394,0.8699973686257101,-0.05952202838023413,1.0610711074591002,0.7158876268291339,True
united_states,2,0,0,0,17,0.0,1.0,-0.06760503039803871,0.9116500129737521,0.7572204796107186,True
united_states,2,25,40,1,16,0.3494008932363068,0.5231845048654816,-0.6984352728149472,1.7553264171731877,0.7741190291737172,False
united_states,2,50,64,2,15,-0.08619520074923369,1.0023950495851528,0.00243054850543927,0.9090760122221827,0.7677047370688991,True
united_states,2,100,106,3,14,-0.12147097180008014,1.0972377278063405,0.039168925236128964,0.7982761176740836,0.7641600099422415,False
united_states,3,0,0,0,17,0.0,1.0,-0.06760503039803871,0.9116500129737521,0.7572204796107186,True
united_states,3,25,41,2,15,-0.06428138917237593,1.0433859123688802,-0.007511189055967451,0.8610140975531091,0.7504864132698882,False
united_states,3,50,70,3,14,-0.22613258637049816,1.0084016275172292,0.15567368201678897,0.8917712654015196,0.7643300275047217,False
united_states,3,100,130,4,13,-0.17214553316516237,0.8872719448594106,0.14764308322398353,1.0279328869718167,0.7568559737546863,True
united_states,4,0,0,0,17,0.0,1.0,-0.06760503039803871,0.9116500129737521,0.7572204796107186,True
united_states,4,25,39,2,15,0.1820075133592214,1.0651682176245851,-0.22623858232431374,0.8366022117379436,0.7545009883927212,False
united_states,4,50,99,3,14,-0.08969730526410266,0.954131253797685,0.02035363512429494,0.9479324430158558,0.7446560936720261,True
united_states,4,100,127,4,13,-0.08130430586265555,0.9347185042181282,0.01573497954097453,0.96747054423478,0.730076833220908,True
united_states,5,0,0,0,17,0.0,1.0,-0.06760503039803871,0.9116500129737521,0.7572204796107186,True
united_states,5,25,60,2,15,0.33572202099964227,0.5626567452073228,-0.6450666797901822,1.6373995338237821,0.7803717425218907,False
united_states,5,50,60,2,15,0.33572202099964227,0.5626567452073228,-0.6450666797901822,1.6373995338237821,0.7803717425218907,False
united_states,5,100,120,3,14,0.24778941159745296,0.5342582145829399,-0.5149494217891836,1.7470105054560485,0.7722694096697967,False
united_states,6,0,0,0,17,0.0,1.0,-0.06760503039803871,0.9116500129737521,0.7572204796107186,True
united_states,6,25,28,1,16,-0.10098092372226523,0.910661232126468,0.03441298448561888,1.0018255640661793,0.7460574851661259,True
united_states,6,50,100,3,14,0.08208123422524927,1.03254227160233,-0.1747068408254082,0.8620267780777162,0.7492853447374299,False
united_states,6,100,100,3,14,0.08208123422524927,1.03254227160233,-0.1747068408254082,0.8620267780777162,0.7492853447374299,False
united_states,7,0,0,0,17,0.0,1.0,-0.06760503039803871,0.9116500129737521,0.7572204796107186,True
united_states,7,25,40,1,16,0.3494008932363068,0.5231845048654816,-0.6984352728149472,1.7553264171731877,0.7741190291737172,False
united_states,7,50,82,2,15,-0.04789728734906659,1.0810642895910625,-0.028869479411072704,0.8185824383729937,0.7716311758952216,False
united_states,7,100,103,3,14,-0.05243424195812077,1.0674300554409328,-0.005883922179165607,0.8078223966327617,0.7590787069388321,False
united_states,8,0,0,0,17,0.0,1.0,-0.06760503039803871,0.9116500129737521,0.7572204796107186,True
united_states,8,25,49,2,15,-0.011024126811540308,0.8177673121406415,-0.07607311690205641,1.144401457135697,0.7333418706443707,False
united_states,8,50,70,3,14,0.02636835415841727,0.8650103571531612,-0.11417867814326614,1.0688020684191628,0.7318437194233964,True
united_states,8,100,120,5,12,-0.13188184944126113,0.9278825381578751,0.07691577826937565,0.9775666772407007,0.7302863778063003,True
united_states,9,0,0,0,17,0.0,1.0,-0.06760503039803871,0.9116500129737521,0.7572204796107186,True
united_states,9,25,60,1,16,0.05193966082904802,0.6037991815073981,-0.13505099247726893,1.5303532470338295,0.7495463986950375,False
united_states,9,50,60,1,16,0.05193966082904802,0.6037991815073981,-0.13505099247726893,1.5303532470338295,0.7495463986950375,False
united_states,9,100,156,2,15,0.1262100099795027,0.44522710574146823,-0.28811021980467677,2.1731789479448858,0.8236788588124425,False
united_states,10,0,0,0,17,0.0,1.0,-0.06760503039803871,0.9116500129737521,0.7572204796107186,True
united_states,10,25,29,1,16,-0.18725372256500114,0.7421496738651642,0.1786685199364996,1.2297523438163043,0.7711997659719637,False
united_states,10,50,54,2,15,-0.010816262279834215,0.7863056324569945,-0.048836826531073324,1.1629007382375478,0.7647295619100735,False
united_states,10,100,138,4,13,-0.042234158845177026,0.9131341459489546,-0.031891701075629005,0.9966088386500804,0.7475202869519391,True
united_states,11,0,0,0,17,0.0,1.0,-0.06760503039803871,0.9116500129737521,0.7572204796107186,True
united_states,11,25,60,1,16,0.05193966082904802,0.6037991815073981,-0.13505099247726893,1.5303532470338295,0.7495463986950375,False
united_states,11,50,60,1,16,0.05193966082904802,0.6037991815073981,-0.13505099247726893,1.5303532470338295,0.7495463986950375,False
united_states,11,100,156,2,15,0.1262100099795027,0.44522710574146823,-0.28811021980467677,2.1731789479448858,0.8236788588124425,False
united_states,12,0,0,0,17,0.0,1.0,-0.06760503039803871,0.9116500129737521,0.7572204796107186,True
united_states,12,25,75,2,15,0.1839953342119796,0.8655400524955666,-0.29449578099185025,1.0579084187143322,0.7382398017257642,True
united_states,12,50,75,2,15,0.1839953342119796,0.8655400524955666,-0.29449578099185025,1.0579084187143322,0.7382398017257642,True
united_states,12,100,116,4,13,0.0764050991853381,0.9370270283423422,-0.17028376461551634,0.9606353848074904,0.7286253110250684,True
united_states,13,0,0,0,17,0.0,1.0,-0.06760503039803871,0.9116500129737521,0.7572204796107186,True
united_states,13,25,117,2,15,-0.03922517916678989,0.594162274057095,-0.0025667644471620357,1.6569225296214944,0.8110150746737239,False
united_states,13,50,117,2,15,-0.03922517916678989,0.594162274057095,-0.0025667644471620357,1.6569225296214944,0.8110150746737239,False
united_states,13,100,117,2,15,-0.03922517916678989,0.594162274057095,-0.0025667644471620357,1.6569225296214944,0.8110150746737239,False
united_states,14,0,0,0,17,0.0,1.0,-0.06760503039803871,0.9116500129737521,0.7572204796107186,True
united_states,14,25,41,2,15,-0.005383459035551973,0.9303509784704094,-0.0672774684669517,0.9786340612113142,0.7541101643387427,True
united_states,14,50,95,3,14,-0.03035778840161183,1.061626962254951,-0.06250361017684791,0.841886340692068,0.7479227076884444,False
united_states,14,100,119,4,13,-0.10882423920928648,1.0867151899905185,0.00949091571950215,0.8146751806651817,0.738988605049527,False
united_states,15,0,0,0,17,0.0,1.0,-0.06760503039803871,0.9116500129737521,0.7572204796107186,True
united_states,15,25,42,2,15,-0.03804576289840829,1.0511145593509976,-0.017683689931307225,0.8402625520089715,0.7440643001624101,False
united_states,15,50,138,3,14,-0.191229776962883,0.8370071546539593,0.1857435060175158,1.114318474128317,0.8089759634174407,False
united_states,15,100,138,3,14,-0.191229776962883,0.8370071546539593,0.1857435060175158,1.114318474128317,0.8089759634174407,False
united_states,16,0,0,0,17,0.0,1.0,-0.06760503039803871,0.9116500129737521,0.7572204796107186,True
united_states,16,25,116,2,15,0.2565474202496509,0.32840853756783805,-0.7942032154404512,2.910729364083028,0.82568044944551,False
united_states,16,50,116,2,15,0.2565474202496509,0.32840853756783805,-0.7942032154404512,2.910729364083028,0.82568044944551,False
united_states,16,100,116,2,15,0.2565474202496509,0.32840853756783805,-0.7942032154404512,2.910729364083028,0.82568044944551,False
united_states,17,0,0,0,17,0.0,1.0,-0.06760503039803871,0.9116500129737521,0.7572204796107186,True
united_states,17,25,42,1,16,0.13320304573112055,0.705214071449969,-0.2747417816841447,1.3340689017308205,0.7473305398488365,False
united_states,17,50,66,2,15,0.04616195054858788,0.7836776854725104,-0.14208163761180412,1.1910891453565866,0.7398277197881354,False
united_states,17,100,126,3,14,-0.010185959563320614,0.7506486244830853,-0.0620725096379854,1.2650635583492857,0.7299290336435148,False
united_states,18,0,0,0,17,0.0,1.0,-0.06760503039803871,0.9116500129737521,0.7572204796107186,True
united_states,18,25,25,1,16,0.16415475331539936,0.8636534640321584,-0.2514276647444398,1.0576065066600568,0.7506515836250873,True
united_states,18,50,91,3,14,0.10983127874566102,0.7805031085375351,-0.23030810629600648,1.1988105146216754,0.7312898688035558,False
united_states,18,100,145,4,13,0.09051183379009804,0.8853403204729811,-0.21093255368680558,1.0371969989992913,0.7207335421751475,True
united_states,19,0,0,0,17,0.0,1.0,-0.06760503039803871,0.9116500129737521,0.7572204796107186,True
united_states,19,25,41,2,15,-0.06428138917237593,1.0433859123688802,-0.007511189055967451,0.8610140975531091,0.7504864132698882,False
united_states,19,50,81,3,14,-0.028214109397477552,1.0096789708942489,-0.05749949487911047,0.8972896638373816,0.7690763594115817,False
united_states,19,100,124,5,12,0.01956899739998643,1.0530690306707309,-0.142091337750107,0.8601898041145073,0.7781367771461472,False
united_states,20,0,0,0,17,0.0,1.0,-0.06760503039803871,0.9116500129737521,0.7572204796107186,True
united_states,20,25,60,1,16,0.05193966082904802,0.6037991815073981,-0.13505099247726893,1.5303532470338295,0.7495463986950375,False
united_states,20,50,60,1,16,0.05193966082904802,0.6037991815073981,-0.13505099247726893,1.5303532470338295,0.7495463986950375,False
united_states,20,100,105,3,14,-0.06569736161832827,0.7759107931343893,0.013976363850738381,1.2125476154230903,0.7285842219622941,False
united_states,21,0,0,0,17,0.0,1.0,-0.06760503039803871,0.9116500129737521,0.7572204796107186,True
united_states,21,25,49,2,15,-0.11193382354053882,0.9331416576343103,0.04647350812356393,0.9733559084252725,0.7363304286117603,True
united_states,21,50,78,3,14,-0.2378743077683514,0.9387178357192494,0.18494474942345723,0.9693950919185826,0.7505285000549746,True
united_states,21,100,119,5,12,-0.1708177016379517,0.9662872935099971,0.12100885178936177,0.9241487433267089,0.741490304802312,True
united_states,22,0,0,0,17,0.0,1.0,-0.06760503039803871,0.9116500129737521,0.7572204796107186,True
united_states,22,25,49,2,15,-0.1862497047399536,1.0787985052095133,0.0876927433078337,0.8400593497987332,0.7434318690071771,False
united_states,22,50,77,3,14,-0.07238581811421799,0.9475924251716145,0.0017845687361986674,0.9563993310038599,0.7301945579173302,True
united_states,22,100,118,5,12,-0.04411084437560701,0.9762589782999198,-0.035301004706142565,0.9188930651311069,0.7356996567478411,True
united_states,23,0,0,0,17,0.0,1.0,-0.06760503039803871,0.9116500129737521,0.7572204796107186,True
united_states,23,25,42,2,15,-0.1738907724655118,1.170643345099483,0.09179915617936624,0.7433837209180257,0.7460417931351216,False
united_states,23,50,96,3,14,-0.14078067867123606,1.1918123916069177,0.05039924095909314,0.7127270746558857,0.7388009102896729,False
united_states,23,100,117,4,13,0.01890429594958061,1.0062591941038472,-0.0816971112202512,0.8599570084008276,0.7233450958616909,False
united_states,24,0,0,0,17,0.0,1.0,-0.06760503039803871,0.9116500129737521,0.7572204796107186,True
united_states,24,25,63,2,15,0.046774674429728526,0.9333253105390058,-0.11193137452242874,0.9612313934290264,0.7396518307560876,True
united_states,24,50,63,2,15,0.046774674429728526,0.9333253105390058,-0.11193137452242874,0.9612313934290264,0.7396518307560876,True
united_states,24,100,103,3,14,0.04941215733505687,0.9250091348892833,-0.13712934126275106,0.9792168087237583,0.7598780810680601,True
united_states,25,0,0,0,17,0.0,1.0,-0.06760503039803871,0.9116500129737521,0.7572204796107186,True
united_states,25,25,28,1,16,-0.10098092372226523,0.910661232126468,0.03441298448561888,1.0018255640661793,0.7460574851661259,True
united_states,25,50,78,3,14,-0.2021951252011745,0.9668248978356443,0.14154233460330207,0.9333488977193479,0.7590196286709419,True
united_states,25,100,120,4,13,-0.16836279220163514,1.0321456175163501,0.12058184900571932,0.8312508620072131,0.753076762367743,False
united_states,26,0,0,0,17,0.0,1.0,-0.06760503039803871,0.9116500129737521,0.7572204796107186,True
united_states,26,25,42,2,15,-0.22964539042737647,1.3161552640890488,0.07788432905388817,0.6843096601902878,0.7602382419387963,False
united_states,26,50,71,3,14,-0.26805189854599276,1.1264436797590758,0.1514440502088266,0.8003240741893205,0.7755526086906764,False
united_states,26,100,113,5,12,-0.006576781316446537,0.9099505257126876,-0.073945441776366,1.00094142812546,0.7633877733474613,True
united_states,27,0,0,0,17,0.0,1.0,-0.06760503039803871,0.9116500129737521,0.7572204796107186,True
united_states,27,25,60,1,16,0.05193966082904802,0.6037991815073981,-0.13505099247726893,1.5303532470338295,0.7495463986950375,False
united_states,27,50,60,1,16,0.05193966082904802,0.6037991815073981,-0.13505099247726893,1.5303532470338295,0.7495463986950375,False
united_states,27,100,102,2,15,-0.20600590294912358,1.0050081114848615,0.14532212754750953,0.8861376956426834,0.7421183392137749,False
united_states,28,0,0,0,17,0.0,1.0,-0.06760503039803871,0.9116500129737521,0.7572204796107186,True
united_states,28,25,28,1,16,-0.10098092372226523,0.910661232126468,0.03441298448561888,1.0018255640661793,0.7460574851661259,True
united_states,28,50,69,3,14,-0.06256224829259666,0.9697671303999096,-0.002866853090442434,0.9254751596553834,0.7382339406624175,True
united_states,28,100,119,5,12,-0.15186822408510303,0.9891856606907148,0.09741736167694806,0.894444340799133,0.7508296955820841,False
united_states,29,0,0,0,17,0.0,1.0,-0.06760503039803871,0.9116500129737521,0.7572204796107186,True
united_states,29,25,117,2,15,-0.06616135915599645,0.6707433853760223,0.052732136790887126,1.4110213199591632,0.8201473344873517,False
united_states,29,50,117,2,15,-0.06616135915599645,0.6707433853760223,0.052732136790887126,1.4110213199591632,0.8201473344873517,False
united_states,29,100,117,2,15,-0.06616135915599645,0.6707433853760223,0.052732136790887126,1.4110213199591632,0.8201473344873517,False
united_states,30,0,0,0,17,0.0,1.0,-0.06760503039803871,0.9116500129737521,0.7572204796107186,True
united_states,30,25,42,1,16,0.13320304573112055,0.705214071449969,-0.2747417816841447,1.3340689017308205,0.7473305398488365,False
united_states,30,50,62,2,15,0.18891542587627033,0.6922717637016731,-0.36420483639339907,1.3630975920998818,0.7532906180897444,False
united_states,30,100,107,4,13,0.03248062987240754,0.8309341852992274,-0.13108824871586636,1.1240453736256297,0.735303742152273,False
united_states,31,0,0,0,17,0.0,1.0,-0.06760503039803871,0.9116500129737521,0.7572204796107186,True
united_states,31,25,50,2,15,-0.3780770699754053,1.050788415249798,0.28498515939772795,0.8535376442413719,0.759072064079925,False
united_states,31,50,50,2,15,-0.3780770699754053,1.050788415249798,0.28498515939772795,0.8535376442413719,0.759072064079925,False
united_states,31,100,113,5,12,-0.1662581798613131,1.0815217991778832,0.08953671132995729,0.8040307194909524,0.7619122554613147,False
united_states,32,0,0,0,17,0.0,1.0,-0.06760503039803871,0.9116500129737521,0.7572204796107186,True
united_states,32,25,44,2,15,-0.24163357102924568,1.133083301341475,0.12641778580201685,0.8004807167230843,0.7562762133128569,False
united_states,32,50,62,3,14,-0.2276040081965511,1.3044740465515021,0.06791138786513645,0.6926752028616041,0.7663843591270952,False
united_states,32,100,111,5,12,0.009253529973425424,0.9669080702724931,-0.09295538532245533,0.9281205270776387,0.7441160916866965,True
united_states,33,0,0,0,17,0.0,1.0,-0.06760503039803871,0.9116500129737521,0.7572204796107186,True
united_states,33,25,63,2,15,0.046774674429728526,0.9333253105390058,-0.11193137452242874,0.9612313934290264,0.7396518307560876,True
united_states,33,50,63,2,15,0.046774674429728526,0.9333253105390058,-0.11193137452242874,0.9612313934290264,0.7396518307560876,True
united_states,33,100,126,4,13,-0.00018636296449415566,0.9253715492692157,-0.0644804335079331,0.9613560660090956,0.7114673957595202,True
united_states,34,0,0,0,17,0.0,1.0,-0.06760503039803871,0.9116500129737521,0.7572204796107186,True
united_states,34,25,25,1,16,0.16415475331539936,0.8636534640321584,-0.2514276647444398,1.0576065066600568,0.7506515836250873,True
united_states,34,50,67,2,15,-0.03525043757552193,1.0782434462776949,-0.03083458199468109,0.8149778272253774,0.7454066808659122,False
united_states,34,100,107,3,14,-0.03794905548867537,1.0632782600170054,-0.050197405597179334,0.8342303337779096,0.7668804642015694,False
united_states,35,0,0,0,17,0.0,1.0,-0.06760503039803871,0.9116500129737521,0.7572204796107186,True
united_states,35,25,45,2,15,-0.4978580977612346,1.2941948085796475,0.3045969857544947,0.6761896171144679,0.7398030754288004,False
united_states,35,50,70,3,14,-0.34271752737003797,1.2211870601000585,0.20325199106229752,0.7176725714333053,0.7313725375167818,False
united_states,35,100,124,4,13,-0.260623093107315,1.230366755441633,0.12259209535547876,0.6965931814063282,0.7204230062381257,False
united_states,36,0,0,0,17,0.0,1.0,-0.06760503039803871,0.9116500129737521,0.7572204796107186,True
united_states,36,25,29,1,16,-0.18725372256500114,0.7421496738651642,0.1786685199364996,1.2297523438163043,0.7711997659719637,False
united_states,36,50,89,3,14,0.2583379891786806,0.5421573172670178,-0.5164640754390365,1.6999863742419392,0.7940991573104309,False
united_states,36,100,149,4,13,0.18780105035842254,0.5588315732260312,-0.3723510240555974,1.669893640004565,0.7878964456639933,False
united_states,37,0,0,0,17,0.0,1.0,-0.06760503039803871,0.9116500129737521,0.7572204796107186,True
united_states,37,25,42,2,15,-0.13282684374201623,1.0165028372790859,0.06801220144037944,0.875827551791825,0.7352175333213591,False
united_states,37,50,71,3,14,-0.3017458059124692,1.0203136449070818,0.23194165426897037,0.8738776248821827,0.7493461643549514,False
united_states,37,100,167,4,13,-0.21782810542679687,0.8167917923109896,0.2522648549615685,1.1545073544191677,0.8272262819957195,False
united_states,38,0,0,0,17,0.0,1.0,-0.06760503039803871,0.9116500129737521,0.7572204796107186,True
united_states,38,25,28,1,16,-0.10098092372226523,0.910661232126468,0.03441298448561888,1.0018255640661793,0.7460574851661259,True
united_states,38,50,68,2,15,0.04802733282407407,0.8558123943604592,-0.1367216907892605,1.0744105986737253,0.7635868299929804,True
united_states,38,100,110,4,13,-0.014103382098877787,0.9108757306611475,-0.06411219504218842,0.9995815907896749,0.7390964700567392,True
united_states,39,0,0,0,17,0.0,1.0,-0.06760503039803871,0.9116500129737521,0.7572204796107186,True
united_states,39,25,74,2,15,-0.2005139167842412,1.2717973121136121,0.04953494115385409,0.7070128367341364,0.7577066258027121,False
united_states,39,50,74,2,15,-0.2005139167842412,1.2717973121136121,0.04953494115385409,0.7070128367341364,0.7577066258027121,False
united_states,39,100,116,3,14,0.16053432825937003,0.8435318559325568,-0.3004421856997698,1.0996626428414047,0.7474151251205042,True
united_states,40,0,0,0,17,0.0,1.0,-0.06760503039803871,0.9116500129737521,0.7572204796107186,True
united_states,40,25,29,1,16,-0.18725372256500114,0.7421496738651642,0.1786685199364996,1.2297523438163043,0.7711997659719637,False
united_states,40,50,50,2,15,-0.30878767667566426,0.9535992954444108,0.24703843376702794,0.953402522933189,0.7625047926644616,True
united_states,40,100,134,4,13,-0.09614682780600284,0.93030916092444,0.03757347076875794,0.9699986520133297,0.7442605260366952,True
united_states,41,0,0,0,17,0.0,1.0,-0.06760503039803871,0.9116500129737521,0.7572204796107186,True
united_states,41,25,42,1,16,-0.02595970698551905,1.094370669832504,-0.0273280381622014,0.8016684194233514,0.7522211081630223,False
united_states,41,50,63,2,15,-0.1403708451350391,1.1554561714860707,0.08685577584568965,0.7276809850826296,0.7407475619362496,False
united_states,41,100,117,3,14,-0.11957006394510437,1.1721635940427062,0.05739127255698992,0.6957044788949311,0.7323090852116765,False
united_states,42,0,0,0,17,0.0,1.0,-0.06760503039803871,0.9116500129737521,0.7572204796107186,True
united_states,42,25,40,1,16,0.3494008932363068,0.5231845048654816,-0.6984352728149472,1.7553264171731877,0.7741190291737172,False
united_states,42,50,61,2,15,0.18387494813082733,0.7004074419569608,-0.35304004949562356,1.3423589778139073,0.763363408815001,False
united_states,42,100,110,4,13,0.06819870526276864,0.848833251929803,-0.18296382071048817,1.0996287086077265,0.7513396666051303,True
united_states,43,0,0,0,17,0.0,1.0,-0.06760503039803871,0.9116500129737521,0.7572204796107186,True
united_states,43,25,49,2,15,-0.12919820515382244,0.9863684490782745,0.06570392881069662,0.9071384593929502,0.7324996714777041,True
united_states,43,50,78,3,14,-0.27240957322570153,0.9911722416583358,0.21156264728975063,0.9042932288156895,0.746725573178436,True
united_states,43,100,118,4,13,-0.1221243773645719,0.941398919107401,0.06501767675647621,0.9596168999866501,0.7651119269383724,True
united_states,44,0,0,0,17,0.0,1.0,-0.06760503039803871,0.9116500129737521,0.7572204796107186,True
united_states,44,25,29,1,16,-0.18725372256500114,0.7421496738651642,0.1786685199364996,1.2297523438163043,0.7711997659719637,False
united_states,44,50,77,3,14,-0.11294057758617794,0.8703004452271803,0.060390810002404836,1.0526074229276938,0.765609707356123,True
united_states,44,100,101,4,13,-0.16566101881556802,0.9299830851907952,0.11445035058019357,0.976538116557947,0.7592666584187423,True
united_states,45,0,0,0,17,0.0,1.0,-0.06760503039803871,0.9116500129737521,0.7572204796107186,True
united_states,45,25,54,1,16,-0.19971973361556522,1.2786393434288932,0.058777569044935474,0.7008460314454623,0.7514454924823367,False
united_states,45,50,54,1,16,-0.19971973361556522,1.2786393434288932,0.058777569044935474,0.7008460314454623,0.7514454924823367,False
united_states,45,100,113,4,13,-0.03504500992603487,1.1871469353103705,-0.09265995156546533,0.7445992491367064,0.7711277118752549,False
united_states,46,0,0,0,17,0.0,1.0,-0.06760503039803871,0.9116500129737521,0.7572204796107186,True
united_states,46,25,61,2,15,0.028096250283315034,0.8993385619467174,-0.11042568729439374,1.01737563675138,0.7657689580212554,True
united_states,46,50,61,2,15,0.028096250283315034,0.8993385619467174,-0.11042568729439374,1.01737563675138,0.7657689580212554,True
united_states,46,100,115,3,14,-0.021355531617553675,1.0429470905347846,-0.08165558147571986,0.8620196052701932,0.7631638499035986,False
united_states,47,0,0,0,17,0.0,1.0,-0.06760503039803871,0.9116500129737521,0.7572204796107186,True
united_states,47,25,42,2,15,-0.1738907724655118,1.170643345099483,0.09179915617936624,0.7433837209180257,0.7460417931351216,False
united_states,47,50,84,3,14,-0.01743876466349617,0.9424365896059536,-0.048883856029303785,0.9520954620947187,0.7345178066977328,True
united_states,47,100,180,4,13,-0.13372095741006623,0.8262987828758127,0.10758471830671698,1.1592462089287316,0.8037159239793465,False
united_states,48,0,0,0,17,0.0,1.0,-0.06760503039803871,0.9116500129737521,0.7572204796107186,True
united_states,48,25,96,1,16,0.15878358227524514,0.35575563991990794,-0.4671408245735639,2.6818693079108136,0.8198084418728263,False
united_states,48,50,96,1,16,0.15878358227524514,0.35575563991990794,-0.4671408245735639,2.6818693079108136,0.8198084418728263,False
united_states,48,100,150,2,15,0.043326502769489655,0.694580624024005,-0.11171948613504525,1.352528857992833,0.8187021151801751,False
united_states,49,0,0,0,17,0.0,1.0,-0.06760503039803871,0.9116500129737521,0.7572204796107186,True
united_states,49,25,28,1,16,-0.10098092372226523,0.910661232126468,0.03441298448561888,1.0018255640661793,0.7460574851661259,True
united_states,49,50,70,3,14,-0.09828753249860396,0.9388256631718064,0.03632670581611163,0.9611011496353934,0.7205325093294196,True
united_states,49,100,195,5,12,-0.20403886053272627,0.8278771454761623,0.22343549160869525,1.1707493542098508,0.8193716067423555,False
united_states,50,0,0,0,17,0.0,1.0,-0.06760503039803871,0.9116500129737521,0.7572204796107186,True
united_states,50,25,52,2,15,-0.17980412627324996,0.9748815890213051,0.11019596883927699,0.9278682865617943,0.7387088604145476,True
united_states,50,50,52,2,15,-0.17980412627324996,0.9748815890213051,0.11019596883927699,0.9278682865617943,0.7387088604145476,True
united_states,50,100,126,5,12,-0.10047824484256546,0.9179723850645681,0.0409662096424382,0.9914240786020413,0.751495921106695,True
united_states,51,0,0,0,17,0.0,1.0,-0.06760503039803871,0.9116500129737521,0.7572204796107186,True
united_states,51,25,53,2,15,-0.40523994964454857,1.0364473733737056,0.3126922977195266,0.8735918177467961,0.7657605395936645,False
united_states,51,50,53,2,15,-0.40523994964454857,1.0364473733737056,0.3126922977195266,0.8735918177467961,0.7657605395936645,False
united_states,51,100,149,3,14,0.015327907597138393,0.5635992171773283,-0.02602217358778799,1.6809737562438745,0.8440051246500289,False
united_states,52,0,0,0,17,0.0,1.0,-0.06760503039803871,0.9116500129737521,0.7572204796107186,True
united_states,52,25,25,1,16,0.16415475331539936,0.8636534640321584,-0.2514276647444398,1.0576065066600568,0.7506515836250873,True
united_states,52,50,67,2,15,-0.03525043757552193,1.0782434462776949,-0.03083458199468109,0.8149778272253774,0.7454066808659122,False
united_states,52,100,107,3,14,-0.03794905548867537,1.0632782600170054,-0.050197405597179334,0.8342303337779096,0.7668804642015694,False
united_states,53,0,0,0,17,0.0,1.0,-0.06760503039803871,0.9116500129737521,0.7572204796107186,True
united_states,53,25,80,2,15,0.16498367524658977,0.5665874780838839,-0.3334611161760028,1.6349533086776904,0.7548307197226432,False
united_states,53,50,80,2,15,0.16498367524658977,0.5665874780838839,-0.3334611161760028,1.6349533086776904,0.7548307197226432,False
united_states,53,100,120,3,14,0.24778941159745296,0.5342582145829399,-0.5149494217891836,1.7470105054560485,0.7722694096697967,False
united_states,54,0,0,0,17,0.0,1.0,-0.06760503039803871,0.9116500129737521,0.7572204796107186,True
united_states,54,25,42,1,16,-0.02595970698551905,1.094370669832504,-0.0273280381622014,0.8016684194233514,0.7522211081630223,False
united_states,54,50,102,2,15,-0.20600590294912358,1.0050081114848615,0.14532212754750953,0.8861376956426834,0.7421183392137749,False
united_states,54,100,102,2,15,-0.20600590294912358,1.0050081114848615,0.14532212754750953,0.8861376956426834,0.7421183392137749,False
united_states,55,0,0,0,17,0.0,1.0,-0.06760503039803871,0.9116500129737521,0.7572204796107186,True
united_states,55,25,96,1,16,0.15878358227524514,0.35575563991990794,-0.4671408245735639,2.6818693079108136,0.8198084418728263,False
united_states,55,50,96,1,16,0.15878358227524514,0.35575563991990794,-0.4671408245735639,2.6818693079108136,0.8198084418728263,False
united_states,55,100,136,2,15,0.29355384406644225,0.3191318127826414,-0.936577978742319,3.0071379649985026,0.83908767181595,False
united_states,56,0,0,0,17,0.0,1.0,-0.06760503039803871,0.9116500129737521,0.7572204796107186,True
united_states,56,25,28,1,16,-0.10098092372226523,0.910661232126468,0.03441298448561888,1.0018255640661793,0.7460574851661259,True
united_states,56,50,70,3,14,-0.07018095444866791,0.9977429453890464,0.01611099158714358,0.8824595195938327,0.7309686419152617,False
united_states,56,100,166,4,13,-0.19233855103347644,0.8639340882172813,0.18201158583878627,1.0854823973739673,0.7983638852627872,True
united_states,57,0,0,0,17,0.0,1.0,-0.06760503039803871,0.9116500129737521,0.7572204796107186,True
united_states,57,25,61,2,15,-0.041121029566539465,1.0144792533356568,-0.035518453893124,0.8899718302344996,0.7626079889155587,False
united_states,57,50,61,2,15,-0.041121029566539465,1.0144792533356568,-0.035518453893124,0.8899718302344996,0.7626079889155587,False
united_states,57,100,181,4,13,-0.06715942577919486,0.7592065717926167,0.056436993995800634,1.2378650345861317,0.8261948550718681,False
united_states,58,0,0,0,17,0.0,1.0,-0.06760503039803871,0.9116500129737521,0.7572204796107186,True
united_states,58,25,25,1,16,0.16415475331539936,0.8636534640321584,-0.2514276647444398,1.0576065066600568,0.7506515836250873,True
united_states,58,50,88,3,14,0.18287604705246882,0.7128534355444897,-0.3850891748446465,1.3634232344120836,0.7253793320431691,False
united_states,58,100,108,4,13,0.2007148599784253,0.7085046516175585,-0.4235058019319459,1.3765937524463874,0.7321786596050813,False
united_states,59,0,0,0,17,0.0,1.0,-0.06760503039803871,0.9116500129737521,0.7572204796107186,True
united_states,59,25,29,1,16,-0.18725372256500114,0.7421496738651642,0.1786685199364996,1.2297523438163043,0.7711997659719637,False
united_states,59,50,50,2,15,-0.28524881271481867,1.0257036890396498,0.2016220827740389,0.8798551715167622,0.7705830970748541,False
united_states,59,100,146,3,14,-0.08125351971975144,0.6777480756500561,0.09857872428735026,1.3975850359921616,0.8446432181672139,False
united_states,60,0,0,0,17,0.0,1.0,-0.06760503039803871,0.9116500129737521,0.7572204796107186,True
united_states,60,25,46,2,15,-0.04590501200266522,1.02593388821477,-0.024323465457842135,0.8746942781477143,0.7373618191776677,False
united_states,60,50,88,3,14,-0.04725593175758706,1.0675589164887154,-0.0014638927509220921,0.8011873280549531,0.7306634650013258,False
united_states,60,100,184,4,13,-0.17542785451834025,0.9165508936487281,0.15631845506892003,0.9920546364668682,0.7977912116975857,True
united_states,61,0,0,0,17,0.0,1.0,-0.06760503039803871,0.9116500129737521,0.7572204796107186,True
united_states,61,25,42,1,16,-0.02595970698551905,1.094370669832504,-0.0273280381622014,0.8016684194233514,0.7522211081630223,False
united_states,61,50,62,2,15,-0.04627392432286727,1.0970702230027718,-0.02083741521953147,0.8022796753977861,0.7585617164841466,False
united_states,61,100,179,4,13,-0.21734762418215312,0.95180669716444,0.20504063364270925,0.9379438490511669,0.8146129914893888,True
united_states,62,0,0,0,17,0.0,1.0,-0.06760503039803871,0.9116500129737521,0.7572204796107186,True
united_states,62,25,42,2,15,-0.23173812580080663,1.1563398048983775,0.14872487244606397,0.7464071868937499,0.7335440951452027,False
united_states,62,50,63,3,14,-0.14073671924852488,1.1228035864788874,0.08958964024517742,0.7541520366694282,0.7321123741069819,False
united_states,62,100,141,5,12,-0.16745244281746344,1.154763526177749,0.1025287527668185,0.7007154919264942,0.7111038893765529,False
united_states,63,0,0,0,17,0.0,1.0,-0.06760503039803871,0.9116500129737521,0.7572204796107186,True
united_states,63,25,42,1,16,0.13320304573112055,0.705214071449969,-0.2747417816841447,1.3340689017308205,0.7473305398488365,False
united_states,63,50,71,2,15,-0.01113537168562936,0.7272397009489093,-0.06604557621515268,1.2963488147189903,0.761541500011444,False
united_states,63,100,125,3,14,0.04888535470005431,0.8475543974266269,-0.147976816281593,1.0923934492149492,0.7555014833022096,True
united_states,64,0,0,0,17,0.0,1.0,-0.06760503039803871,0.9116500129737521,0.7572204796107186,True
united_states,64,25,43,2,15,0.031375389088747076,1.1926078013368002,-0.12346279690047271,0.7628749520346553,0.76054757084596,False
united_states,64,50,67,3,14,-0.12259477269738002,1.1831600675369918,0.0019907799590203634,0.7628284038524762,0.7532979618681688,False
united_states,64,100,109,5,12,0.09318172316322614,0.9170688736927138,-0.18872540532493878,0.9863034938811607,0.7234972034147779,True
united_states,65,0,0,0,17,0.0,1.0,-0.06760503039803871,0.9116500129737521,0.7572204796107186,True
united_states,65,25,45,2,15,-0.2627669814545042,1.1046540219624645,0.16744666336779138,0.8035422908610087,0.7375590524998489,False
united_states,65,50,63,3,14,-0.05145423432685552,1.1099529360521798,-0.023721547409349987,0.7953384011832997,0.7470319502205713,False
united_states,65,100,109,5,12,-0.02502154615242949,1.0342137027639948,-0.0501020794687831,0.8481211870215178,0.7271131155691838,False
united_states,66,0,0,0,17,0.0,1.0,-0.06760503039803871,0.9116500129737521,0.7572204796107186,True
united_states,66,25,49,2,15,-0.03352689912125322,0.9605289001735355,-0.0322730595965204,0.937939865599851,0.7450439234802125,True
united_states,66,50,91,3,14,0.042639059985170216,0.8455359179856642,-0.14482585939691714,1.1047373419380846,0.733343456344715,False
united_states,66,100,151,4,13,-0.041992911713988196,0.8260154432029451,-0.04151768940533439,1.1555429883443211,0.7204794038129159,False
united_states,67,0,0,0,17,0.0,1.0,-0.06760503039803871,0.9116500129737521,0.7572204796107186,True
united_states,67,25,39,2,15,0.1820075133592214,1.0651682176245851,-0.22623858232431374,0.8366022117379436,0.7545009883927212,False
united_states,67,50,64,3,14,0.09427433389602662,1.0545058740724835,-0.16608948629084208,0.8467305078200695,0.7473645944744212,False
united_states,67,100,113,5,12,0.06617535221839914,0.9914915074926339,-0.13861363393511683,0.8830368983848091,0.7332005683159523,False
united_states,68,0,0,0,17,0.0,1.0,-0.06760503039803871,0.9116500129737521,0.7572204796107186,True
united_states,68,25,60,1,16,0.05193966082904802,0.6037991815073981,-0.13505099247726893,1.5303532470338295,0.7495463986950375,False
united_states,68,50,60,1,16,0.05193966082904802,0.6037991815073981,-0.13505099247726893,1.5303532470338295,0.7495463986950375,False
united_states,68,100,102,3,14,-0.2760804877368762,1.0496919321617497,0.20676259712512837,0.841086045536051,0.7354742669576694,False
united_states,69,0,0,0,17,0.0,1.0,-0.06760503039803871,0.9116500129737521,0.7572204796107186,True
united_states,69,25,41,2,15,-0.009529163638307926,1.055726697334775,-0.06654087284590515,0.8563618884569771,0.7625635485733642,False
united_states,69,50,62,3,14,-0.1518323643656246,1.1625464516109432,0.06708702458637937,0.7508839677061693,0.7519837047370305,False
united_states,69,100,122,5,12,-0.019747179463286024,1.134441276790261,-0.025300273062384013,0.7205953732456306,0.7604313163022963,False
united_states,70,0,0,0,17,0.0,1.0,-0.06760503039803871,0.9116500129737521,0.7572204796107186,True
united_states,70,25,54,1,16,-0.19971973361556522,1.2786393434288932,0.058777569044935474,0.7008460314454623,0.7514454924823367,False
united_states,70,50,54,1,16,-0.19971973361556522,1.2786393434288932,0.058777569044935474,0.7008460314454623,0.7514454924823367,False
united_states,70,100,116,3,14,-0.06649261427229412,1.1401077582881285,-0.02366599604059441,0.7545573040895072,0.7532561164041438,False
united_states,71,0,0,0,17,0.0,1.0,-0.06760503039803871,0.9116500129737521,0.7572204796107186,True
united_states,71,25,60,1,16,0.05193966082904802,0.6037991815073981,-0.13505099247726893,1.5303532470338295,0.7495463986950375,False
united_states,71,50,60,1,16,0.05193966082904802,0.6037991815073981,-0.13505099247726893,1.5303532470338295,0.7495463986950375,False
united_states,71,100,123,3,14,-0.20818539978388353,1.0275339527950857,0.15889649698193056,0.8448933703926924,0.7262491377763971,False
united_states,72,0,0,0,17,0.0,1.0,-0.06760503039803871,0.9116500129737521,0.7572204796107186,True
united_states,72,25,49,2,15,0.1241438770643395,0.6085563474086038,-0.24621913120563121,1.5034273283141586,0.7763896197593306,False
united_states,72,50,91,3,14,-0.20514656161625278,1.0765235083819005,0.12663440720524022,0.8183398815128138,0.7726231923295921,False
united_states,72,100,115,4,13,-0.24662855862128422,1.0961812813969416,0.16630311502640127,0.7952513479900746,0.7661729004692985,False
united_states,73,0,0,0,17,0.0,1.0,-0.06760503039803871,0.9116500129737521,0.7572204796107186,True
united_states,73,25,42,2,15,-0.03384777680897887,0.9960423727444716,-0.03009424164496297,0.9000476914383214,0.7476228477626734,True
united_states,73,50,138,3,14,-0.1415186833398541,0.7788175828722573,0.1345082099664697,1.2147114577505977,0.8126182866496263,False
united_states,73,100,138,3,14,-0.1415186833398541,0.7788175828722573,0.1345082099664697,1.2147114577505977,0.8126182866496263,False
united_states,74,0,0,0,17,0.0,1.0,-0.06760503039803871,0.9116500129737521,0.7572204796107186,True
united_states,74,25,42,1,16,-0.02595970698551905,1.094370669832504,-0.0273280381622014,0.8016684194233514,0.7522211081630223,False
united_states,74,50,62,2,15,-0.04627392432286727,1.0970702230027718,-0.02083741521953147,0.8022796753977861,0.7585617164841466,False
united_states,74,100,186,4,13,-0.1415446255622951,0.8649197766095867,0.12115445106907838,1.077237928496261,0.8145058933320138,True
united_states,75,0,0,0,17,0.0,1.0,-0.06760503039803871,0.9116500129737521,0.7572204796107186,True
united_states,75,25,54,1,16,-0.19971973361556522,1.2786393434288932,0.058777569044935474,0.7008460314454623,0.7514454924823367,False
united_states,75,50,54,1,16,-0.19971973361556522,1.2786393434288932,0.058777569044935474,0.7008460314454623,0.7514454924823367,False
united_states,75,100,138,3,14,0.06270286621341882,0.9582492975103928,-0.14880484197323188,0.9211498744975186,0.7331413693130828,True
united_states,76,0,0,0,17,0.0,1.0,-0.06760503039803871,0.9116500129737521,0.7572204796107186,True
united_states,76,25,54,1,16,-0.19971973361556522,1.2786393434288932,0.058777569044935474,0.7008460314454623,0.7514454924823367,False
united_states,76,50,54,1,16,-0.19971973361556522,1.2786393434288932,0.058777569044935474,0.7008460314454623,0.7514454924823367,False
united_states,76,100,114,4,13,-0.0597253595797638,1.1733961453980677,-0.015961919321440886,0.7113148936608878,0.7349352140396919,False
united_states,77,0,0,0,17,0.0,1.0,-0.06760503039803871,0.9116500129737521,0.7572204796107186,True
united_states,77,25,40,1,16,0.3494008932363068,0.5231845048654816,-0.6984352728149472,1.7553264171731877,0.7741190291737172,False
united_states,77,50,100,2,15,0.2088748582347923,0.5432506199009212,-0.4299157517538866,1.7128979877418324,0.7661677374337075,False
united_states,77,100,100,2,15,0.2088748582347923,0.5432506199009212,-0.4299157517538866,1.7128979877418324,0.7661677374337075,False
united_states,78,0,0,0,17,0.0,1.0,-0.06760503039803871,0.9116500129737521,0.7572204796107186,True
united_states,78,25,42,1,16,0.13320304573112055,0.705214071449969,-0.2747417816841447,1.3340689017308205,0.7473305398488365,False
united_states,78,50,71,2,15,-0.01113537168562936,0.7272397009489093,-0.06604557621515268,1.2963488147189903,0.761541500011444,False
united_states,78,100,167,3,14,0.001615779433094419,0.5972488321780945,-0.05155777919866267,1.667883255256072,0.8397492015655317,False
united_states,79,0,0,0,17,0.0,1.0,-0.06760503039803871,0.9116500129737521,0.7572204796107186,True
united_states,79,25,42,2,15,-0.03804576289840829,1.0511145593509976,-0.017683689931307225,0.8402625520089715,0.7440643001624101,False
united_states,79,50,82,3,14,-0.031905289923859534,1.033571820101935,-0.041856439897237856,0.8619117688745853,0.7629512608249637,False
united_states,79,100,178,4,13,-0.08277213945001832,0.8018415099403066,0.0551179043966178,1.1713117572221265,0.8307022820508654,False
united_states,80,0,0,0,17,0.0,1.0,-0.06760503039803871,0.9116500129737521,0.7572204796107186,True
united_states,80,25,50,2,15,-0.28524881271481867,1.0257036890396498,0.2016220827740389,0.8798551715167622,0.7705830970748541,False
united_states,80,50,50,2,15,-0.28524881271481867,1.0257036890396498,0.2016220827740389,0.8798551715167622,0.7705830970748541,False
united_states,80,100,128,4,13,-0.23743730257539228,1.131125546136454,0.13045776760784938,0.774813018624559,0.7587048356234538,False
united_states,81,0,0,0,17,0.0,1.0,-0.06760503039803871,0.9116500129737521,0.7572204796107186,True
united_states,81,25,45,2,15,-0.22770088969884728,1.0294642997812609,0.14536995159887792,0.8744486344103064,0.741221387310921,False
united_states,81,50,66,3,14,-0.20770831920407012,1.0484249716568468,0.13738850206921455,0.8406072911004883,0.7268222970845435,False
united_states,81,100,128,5,12,-0.11910973305276487,1.0634634673651056,0.07914423353382677,0.7843578805365495,0.7245401711666493,False
united_states,82,0,0,0,17,0.0,1.0,-0.06760503039803871,0.9116500129737521,0.7572204796107186,True
united_states,82,25,40,1,16,0.3494008932363068,0.5231845048654816,-0.6984352728149472,1.7553264171731877,0.7741190291737172,False
united_states,82,50,94,2,15,-0.1419590379153832,1.2049986575759777,0.0028129779388565796,0.7503380880171691,0.7725350826240184,False
united_states,82,100,112,3,14,-0.14428847641119236,1.2848133667466428,-0.030870982049163005,0.7017807790426094,0.7866903558196532,False
united_states,83,0,0,0,17,0.0,1.0,-0.06760503039803871,0.9116500129737521,0.7572204796107186,True
united_states,83,25,25,1,16,0.16415475331539936,0.8636534640321584,-0.2514276647444398,1.0576065066600568,0.7506515836250873,True
united_states,83,50,54,2,15,-0.010816262279834215,0.7863056324569945,-0.048836826531073324,1.1629007382375478,0.7647295619100735,False
united_states,83,100,154,4,13,0.14225792679082183,0.6283787496559986,-0.272505782474321,1.4849944166397444,0.7760252787855484,False
united_states,84,0,0,0,17,0.0,1.0,-0.06760503039803871,0.9116500129737521,0.7572204796107186,True
united_states,84,25,42,1,16,-0.02595970698551905,1.094370669832504,-0.0273280381622014,0.8016684194233514,0.7522211081630223,False
united_states,84,50,82,2,15,-0.04789728734906659,1.0810642895910625,-0.028869479411072704,0.8185824383729937,0.7716311758952216,False
united_states,84,100,136,3,14,-0.06548590912453403,1.1276471949730695,-0.036780109920460685,0.7679301616085451,0.7705948045694335,False
united_states,85,0,0,0,17,0.0,1.0,-0.06760503039803871,0.9116500129737521,0.7572204796107186,True
united_states,85,25,54,1,16,-0.19971973361556522,1.2786393434288932,0.058777569044935474,0.7008460314454623,0.7514454924823367,False
united_states,85,50,54,1,16,-0.19971973361556522,1.2786393434288932,0.058777569044935474,0.7008460314454623,0.7514454924823367,False
united_states,85,100,117,4,13,0.01890429594958061,1.0062591941038472,-0.0816971112202512,0.8599570084008276,0.7233450958616909,False
united_states,86,0,0,0,17,0.0,1.0,-0.06760503039803871,0.9116500129737521,0.7572204796107186,True
united_states,86,25,42,1,16,0.13320304573112055,0.705214071449969,-0.2747417816841447,1.3340689017308205,0.7473305398488365,False
united_states,86,50,138,2,15,0.01789817100596735,0.5860687488172912,-0.10634049295443916,1.696432050880333,0.8137027993882935,False
united_states,86,100,138,2,15,0.01789817100596735,0.5860687488172912,-0.10634049295443916,1.696432050880333,0.8137027993882935,False
united_states,87,0,0,0,17,0.0,1.0,-0.06760503039803871,0.9116500129737521,0.7572204796107186,True
united_states,87,25,61,2,15,0.18387494813082733,0.7004074419569608,-0.35304004949562356,1.3423589778139073,0.763363408815001,False
united_states,87,50,61,2,15,0.18387494813082733,0.7004074419569608,-0.35304004949562356,1.3423589778139073,0.763363408815001,False
united_states,87,100,103,3,14,0.04941215733505687,0.9250091348892833,-0.13712934126275106,0.9792168087237583,0.7598780810680601,True
united_states,88,0,0,0,17,0.0,1.0,-0.06760503039803871,0.9116500129737521,0.7572204796107186,True
united_states,88,25,40,1,16,0.3494008932363068,0.5231845048654816,-0.6984352728149472,1.7553264171731877,0.7741190291737172,False
united_states,88,50,61,2,15,0.18387494813082733,0.7004074419569608,-0.35304004949562356,1.3423589778139073,0.763363408815001,False
united_states,88,100,142,4,13,0.028032679855412575,0.7855622513118194,-0.1302824525857471,1.2056333826655756,0.7526284639730018,False
united_states,89,0,0,0,17,0.0,1.0,-0.06760503039803871,0.9116500129737521,0.7572204796107186,True
united_states,89,25,78,2,15,-0.28491721399401587,1.262265791956611,0.12789384303026588,0.7038078999784599,0.743600509119235,False
united_states,89,50,78,2,15,-0.28491721399401587,1.262265791956611,0.12789384303026588,0.7038078999784599,0.743600509119235,False
united_states,89,100,103,3,14,-0.2065258378464828,1.1947452380789667,0.0678958039240683,0.7451295079907877,0.7347535145551847,False
united_states,90,0,0,0,17,0.0,1.0,-0.06760503039803871,0.9116500129737521,0.7572204796107186,True
united_states,90,25,50,2,15,-0.30878767667566426,0.9535992954444108,0.24703843376702794,0.953402522933189,0.7625047926644616,True
united_states,90,50,50,2,15,-0.30878767667566426,0.9535992954444108,0.24703843376702794,0.953402522933189,0.7625047926644616,True
united_states,90,100,108,4,13,-0.00689618413301133,0.9360531996923971,-0.08225863001243852,0.9747395351550369,0.7923966655283032,True
united_states,91,0,0,0,17,0.0,1.0,-0.06760503039803871,0.9116500129737521,0.7572204796107186,True
united_states,91,25,63,2,15,0.04326042574629527,0.7984487285080742,-0.14599255661163152,1.1761358926339611,0.7375318012953506,False
united_states,91,50,63,2,15,0.04326042574629527,0.7984487285080742,-0.14599255661163152,1.1761358926339611,0.7375318012953506,False
united_states,91,100,117,3,14,0.10981986935175143,0.8713257168298293,-0.22449075405722854,1.0560628078547634,0.7290161306627857,True
united_states,92,0,0,0,17,0.0,1.0,-0.06760503039803871,0.9116500129737521,0.7572204796107186,True
united_states,92,25,40,1,16,0.3494008932363068,0.5231845048654816,-0.6984352728149472,1.7553264171731877,0.7741190291737172,False
united_states,92,50,61,2,15,-0.041121029566539465,1.0144792533356568,-0.035518453893124,0.8899718302344996,0.7626079889155587,False
united_states,92,100,108,4,13,-0.07160496890666927,1.0209125600402889,-0.016087018146628485,0.881482544240387,0.7894208342897454,False
united_states,93,0,0,0,17,0.0,1.0,-0.06760503039803871,0.9116500129737521,0.7572204796107186,True
united_states,93,25,41,2,15,-0.27480362248442486,1.2503951971706595,0.143775748251029,0.7084435329802319,0.7524654918938156,False
united_states,93,50,83,3,14,0.007201148400182394,0.8996766287077561,-0.08683541897388007,1.0153110915465318,0.7418627434509738,True
united_states,93,100,179,4,13,-0.06905704752515109,0.7558243260372844,0.03301829767910526,1.2819762411309148,0.810874073346127,False
united_states,94,0,0,0,17,0.0,1.0,-0.06760503039803871,0.9116500129737521,0.7572204796107186,True
united_states,94,25,28,1,16,-0.10098092372226523,0.910661232126468,0.03441298448561888,1.0018255640661793,0.7460574851661259,True
united_states,94,50,57,2,15,-0.25543934415961256,0.9126134088816039,0.2055000169944203,1.0012183134631554,0.76022246798879,True
united_states,94,100,103,4,13,-0.16984726393306562,0.9683489209297229,0.11229233217257863,0.9272219874534622,0.7379251863072321,True
united_states,95,0,0,0,17,0.0,1.0,-0.06760503039803871,0.9116500129737521,0.7572204796107186,True
united_states,95,25,38,2,15,-0.3947285400073027,1.6986258598164774,0.11376049487328736,0.5361772148930867,0.7727225823286268,False
united_states,95,50,66,3,14,0.1480573955301614,0.9342590116578643,-0.24213577706004324,0.9749180537457176,0.7618394016216875,True
united_states,95,100,162,4,13,0.05051761457360375,0.6882910665979531,-0.14424480959634536,1.3932230223700224,0.8292576433259302,False
united_states,96,0,0,0,17,0.0,1.0,-0.06760503039803871,0.9116500129737521,0.7572204796107186,True
united_states,96,25,40,1,16,0.3494008932363068,0.5231845048654816,-0.6984352728149472,1.7553264171731877,0.7741190291737172,False
united_states,96,50,100,2,15,0.2088748582347923,0.5432506199009212,-0.4299157517538866,1.7128979877418324,0.7661677374337075,False
united_states,96,100,100,2,15,0.2088748582347923,0.5432506199009212,-0.4299157517538866,1.7128979877418324,0.7661677374337075,False
united_states,97,0,0,0,17,0.0,1.0,-0.06760503039803871,0.9116500129737521,0.7572204796107186,True
united_states,97,25,28,1,16,-0.10098092372226523,0.910661232126468,0.03441298448561888,1.0018255640661793,0.7460574851661259,True
united_states,97,50,82,2,15,0.007158583607049263,1.007913547716341,-0.08592584340104249,0.8876833236730397,0.7383110432521411,False
united_states,97,100,103,3,14,-0.026618489179128853,1.025239875420901,-0.03960070268074185,0.8520616293903851,0.7222968632676356,False
united_states,98,0,0,0,17,0.0,1.0,-0.06760503039803871,0.9116500129737521,0.7572204796107186,True
united_states,98,25,39,2,15,0.46912268568351945,0.7319686898614947,-0.7019786491544913,1.2680004396850093,0.755414618074915,False
united_states,98,50,81,3,14,0.2920787405754326,0.7200221461465306,-0.5358521082220608,1.3385636543663042,0.7442025329711736,False
united_states,98,100,101,4,13,0.27523042174732176,0.7242329336918308,-0.5249465793218351,1.3358590588106773,0.7510927473041853,False
united_states,99,0,0,0,17,0.0,1.0,-0.06760503039803871,0.9116500129737521,0.7572204796107186,True
united_states,99,25,84,2,15,-0.11037348422165545,0.8026900402737435,0.08149417815945766,1.1420943977561258,0.7426795760195088,False
united_states,99,50,84,2,15,-0.11037348422165545,0.8026900402737435,0.08149417815945766,1.1420943977561258,0.7426795760195088,False
united_states,99,100,138,3,14,-0.15296438855491837,0.9989546059198016,0.07794926759434485,0.9015826796205539,0.7329402360490183,True
